time,3300,1100,370,120,41,14,4.6,1.5,0.51,0.17,0.056,0
0.16,6.9973,6.8127,7.031,6.7483,7.051,7.4691,7.4317,7.2374,7.6494,7.4891,7.5732,7.4131
0.24,6.9993,6.8141,7.0286,6.7503,7.0533,7.4669,7.4302,7.2395,7.6468,7.4868,7.5713,7.4153
0.32,7.0315,6.7935,7.0121,6.7741,7.079,7.4637,7.4733,7.2625,7.6087,7.4725,7.5925,7.4359
0.4,7.0619,6.7713,6.9976,6.7961,7.1027,7.4624,7.5181,7.2836,7.573,7.4603,7.616,7.4545
0.48,7.1627,6.8908,6.7228,6.8487,7.1905,7.2687,7.444,7.4969,7.5033,7.4603,7.5428,7.5859
0.56,7.1378,6.9951,6.7869,6.7836,7.1311,7.2425,7.4323,7.4655,7.4933,7.5609,7.4963,7.4776
0.64,7.1496,7.0459,6.8659,6.7635,7.0775,7.2115,7.4147,7.4787,7.5329,7.6599,7.4728,7.4156
0.72,7.1215,6.9832,6.9102,6.8688,7.0478,7.264,7.3818,7.5586,7.6276,7.6407,7.4622,7.4597
0.8,7.0846,6.9744,6.9201,6.9336,7.0268,7.3146,7.3612,7.6249,7.6143,7.6193,7.4671,7.475
0.88,7.0712,6.9949,6.8087,6.9141,7.0521,7.3098,7.3323,7.5532,7.5291,7.5254,7.4848,7.4842
0.96,7.0341,6.9322,6.721,6.9178,7.036,7.3155,7.3448,7.4325,7.5644,7.3979,7.5166,7.4671
1.04,6.9728,7.0122,6.7969,6.9108,6.9281,7.2212,7.425,7.4112,7.5175,7.512,7.5789,7.2482
1.12,6.9598,7.1687,6.8678,6.852,6.8633,7.1529,7.4387,7.4715,7.3825,7.6886,7.6138,7.0938
1.2,6.9988,7.0667,6.9485,6.9077,6.9482,7.0967,7.3785,7.3961,7.4175,7.6169,7.5632,7.3069
1.28,7.0287,6.9472,7.0368,7.0404,7.0356,7.0353,7.351,7.2967,7.4672,7.5189,7.5011,7.5062
1.36,7.0782,7.0352,6.9176,7.0365,7.0464,7.1519,7.3659,7.3494,7.4546,7.546,7.4314,7.5163
1.44,7.1293,7.1125,6.8061,6.9979,7.0641,7.258,7.4079,7.3793,7.4561,7.588,7.3872,7.4919
1.52,7.1321,7.0395,6.8726,6.9451,7.012,7.2963,7.3715,7.4503,7.4352,7.5361,7.5227,7.4917
1.6,7.0937,6.9848,6.9367,6.8773,6.9463,7.3654,7.3149,7.5388,7.4509,7.4946,7.6378,7.5393
1.68,7.091,6.9376,6.9126,6.9083,6.9415,7.3004,7.3569,7.4913,7.5982,7.5003,7.6078,7.4465
1.76,7.0897,6.8729,6.8429,6.9497,6.9697,7.1731,7.3512,7.4595,7.7383,7.484,7.5841,7.3493
1.84,7.0831,6.8955,6.7718,6.9992,7.0609,7.1582,7.3489,7.4649,7.7206,7.5517,7.6291,7.4694
1.92,7.1204,6.9321,6.7549,7.0645,7.109,7.2116,7.4259,7.4622,7.6683,7.6179,7.7099,7.5693
2,7.2019,6.9287,6.7691,7.0472,7.1283,7.2691,7.4759,7.4556,7.6514,7.6025,7.5516,7.5779
2.08,7.2505,6.9496,6.7856,7.012,7.1533,7.2951,7.4639,7.4477,7.6156,7.5707,7.3902,7.6057
2.16,7.1599,6.9656,6.7749,6.9202,7.1229,7.2587,7.3947,7.4033,7.5522,7.541,7.4726,7.5691
2.24,7.0871,6.92,6.774,6.8616,7.0814,7.2027,7.3369,7.3497,7.536,7.5623,7.5281,7.5402
2.32,7.0922,6.8872,6.8392,6.8325,7.017,7.1938,7.3336,7.4141,7.5884,7.5878,7.5606,7.5035
2.4,7.0963,6.9244,6.8555,6.7881,6.973,7.1876,7.3606,7.4843,7.6161,7.573,7.5874,7.4727
2.48,7.0771,7.0214,6.862,6.8312,6.9091,7.1329,7.4187,7.4728,7.5284,7.6149,7.5968,7.4661
2.56,7.067,7.0664,6.9107,6.896,6.829,7.1179,7.4466,7.4676,7.4973,7.725,7.6128,7.4214
2.64,7.0713,6.9365,6.8971,6.9147,6.9452,7.117,7.4101,7.4217,7.6854,7.681,7.5533,7.4283
2.72,7.0304,6.8536,6.8897,6.8549,7.1183,7.1174,7.3979,7.3614,7.793,7.564,7.4916,7.4549
2.8,7.0986,6.949,6.9545,6.8768,7.0506,7.1851,7.2608,7.4315,7.627,7.5331,7.4456,7.3822
2.88,7.2271,6.9937,6.976,6.9723,6.9374,7.2288,7.1419,7.5169,7.522,7.5111,7.4371,7.3291
2.96,7.1874,6.8987,6.9647,6.8452,6.9853,7.2276,7.2197,7.514,7.5613,7.5549,7.4264,7.4301
3.04,7.1165,6.8294,6.972,6.6838,7.0601,7.1856,7.2842,7.5129,7.5857,7.6277,7.3917,7.5151
3.12,7.0843,6.8651,6.9081,6.783,7.0273,7.1904,7.3111,7.4219,7.6661,7.5608,7.5085,7.5079
3.2,7.093,6.8772,6.8663,6.9121,6.9954,7.2463,7.3109,7.3428,7.7485,7.4682,7.6709,7.4777
3.28,7.1795,6.8169,6.9367,6.9111,7.0938,7.1674,7.2506,7.4165,7.6557,7.4652,7.6107,7.5345
3.36,7.1981,6.8094,7.0053,6.9573,7.1785,7.127,7.2402,7.5063,7.5525,7.4635,7.4724,7.6157
3.44,7.132,6.8205,7.0003,6.9869,6.9062,7.1862,7.3275,7.5143,7.5553,7.4457,7.3794,7.4623
3.52,7.1147,6.8334,6.957,6.9487,6.6532,7.2038,7.369,7.4529,7.5702,7.4593,7.3806,7.3661
3.6,7.1246,6.8617,6.9322,6.9323,6.6509,7.2053,7.3496,7.411,7.5714,7.4808,7.4299,7.4157
3.68,7.0877,6.8416,6.9449,6.8425,6.959,7.1558,7.2502,7.2524,7.6541,7.4452,7.5144,7.4807
3.76,7.0762,6.9266,6.9434,6.8418,6.9854,7.1903,7.2947,7.3846,7.4813,7.4356,7.4597,7.4684
3.84,7.0751,7.0432,6.9521,6.852,7.0286,7.2427,7.3908,7.5758,7.3241,7.424,7.4309,7.483
3.92,7.1064,7.0349,6.9527,6.8853,7.0318,7.2554,7.4415,7.5978,7.4432,7.4685,7.4617,7.4373
4,7.1058,6.9944,6.9624,6.8848,7.0563,7.2813,7.5031,7.5663,7.6126,7.5333,7.4804,7.4305
4.08,7.001,6.873,6.9193,6.8574,7.1291,7.2448,7.4785,7.5973,7.6624,7.5844,7.5145,7.41
4.16,6.9168,6.7977,6.8639,6.8677,7.1194,7.208,7.3669,7.6492,7.6373,7.651,7.5686,7.3631
4.24,6.9355,6.8618,6.9326,6.9322,7.0337,7.1504,7.376,7.5008,7.6237,7.6004,7.6301,7.4218
4.32,6.971,6.9039,7.0027,6.9876,7.0344,7.0724,7.4345,7.3676,7.6574,7.4941,7.6591,7.5013
4.4,6.9804,6.9037,7.0012,6.9841,7.0676,7.0594,7.4231,7.378,7.6748,7.4616,7.6315,7.5212
4.48,7.0494,6.8633,6.8611,6.8148,7.042,7.2461,7.2727,7.4837,7.7238,7.6314,7.5648,7.5102
4.56,7.1211,6.8465,6.9326,6.8538,7.097,7.2096,7.3193,7.5367,7.555,7.6679,7.5542,7.4851
4.64,7.1437,6.8824,6.9941,6.8647,7.1263,7.2034,7.3491,7.6331,7.4411,7.6887,7.5358,7.4716
4.72,7.1024,6.9373,6.8908,6.9113,7.0779,7.208,7.3586,7.549,7.5067,7.6629,7.5351,7.4142
4.8,7.0858,6.973,6.7838,6.9504,7.0583,7.1984,7.3401,7.4492,7.5729,7.5843,7.5247,7.3637
4.88,7.0441,7.0234,6.8321,6.9974,7.0237,7.2576,7.3014,7.4444,7.5642,7.5331,7.4991,7.3293
4.96,7.0169,7.0261,6.9341,7.0559,6.9373,7.3211,7.3296,7.405,7.5081,7.5552,7.4601,7.3012
5.04,7.027,6.9899,7.0483,6.9885,6.9554,7.2959,7.3933,7.356,7.5834,7.6545,7.5853,7.3386
5.12,7.0247,6.9652,7.0896,6.9212,7.0355,7.2416,7.372,7.362,7.6876,7.7283,7.7123,7.3959
5.2,7.0419,6.9231,6.9539,6.8835,7.0153,7.233,7.4544,7.4123,7.5957,7.8454,7.5131,7.5038
5.28,7.0177,6.9108,6.8652,6.8463,6.977,7.2388,7.5466,7.4608,7.5505,7.9708,7.3713,7.5919
5.36,6.9899,6.9254,6.8671,6.8974,7.0554,7.1881,7.4748,7.5456,7.6194,7.7551,7.5138,7.5309
5.44,7.0061,6.9275,6.873,6.939,7.135,7.1623,7.4603,7.6202,7.6501,7.5479,7.6271,7.4649
5.52,7.0636,6.9152,6.8988,6.8929,7.1513,7.2302,7.439,7.541,7.6741,7.5365,7.5668,7.4875
5.6,7.1122,6.93,6.8873,6.8322,7.1725,7.3026,7.3636,7.4588,7.6805,7.5202,7.5082,7.5483
5.68,7,6.9748,6.9362,6.8936,7.1005,7.2666,7.2606,7.3995,7.701,7.6334,7.4763,7.4999
5.76,6.8867,6.9706,7.0219,6.9777,6.9722,7.2074,7.2328,7.3512,7.7165,7.7036,7.4621,7.4172
5.84,6.9704,6.9061,6.9759,6.826,7.0059,7.2045,7.403,7.4663,7.5596,7.5071,7.4717,7.568
5.92,7.0803,6.8812,6.9281,6.6783,7.1292,7.1788,7.4979,7.5559,7.4499,7.4233,7.4388,7.7132
6,7.0646,6.9411,7.0458,6.6799,7.1877,7.1478,7.5076,7.5664,7.4857,7.5343,7.4359,7.5477
6.08,7.0521,6.9848,7.1517,6.6813,7.2016,7.1577,7.5392,7.5997,7.5461,7.5514,7.4828,7.3718
6.16,7.0522,7.034,7.0605,6.7097,7.1448,7.2234,7.4724,7.6129,7.6317,7.4771,7.5988,7.2936
6.24,7.0445,7.0673,6.961,6.7515,7.0735,7.2539,7.4124,7.6226,7.6256,7.4397,7.6802,7.2703
6.32,7.0528,7.0155,6.9484,6.761,7.0657,7.2369,7.4052,7.5853,7.5805,7.4087,7.6939,7.3586
6.4,7.0341,6.9848,6.9389,6.74,7.1002,7.2809,7.4065,7.5351,7.5727,7.3984,7.7108,7.461
6.48,7.0654,7.0009,6.861,6.7775,7.1329,7.2188,7.3732,7.4815,7.5992,7.5111,7.6128,7.4907
6.56,7.0853,7.0197,6.8184,6.8626,7.127,7.0755,7.3364,7.4605,7.5888,7.5968,7.5109,7.4915
6.64,7.0636,7.0467,6.9169,6.9078,7.0731,7.1446,7.2999,7.3894,7.4603,7.5149,7.5652,7.4093
6.72,7.0973,7.0678,7.0059,6.9193,7.0472,7.2872,7.2516,7.2749,7.4825,7.4288,7.6983,7.2948
6.8,7.1458,6.9942,7.0257,6.9853,7.0802,7.2049,7.2672,7.3233,7.6455,7.4586,7.7217,7.4103
6.88,7.1543,6.9272,7.0242,7.0692,7.0888,7.1,7.3025,7.3831,7.6702,7.5073,7.6914,7.5879
6.96,7.1332,6.9241,7.0103,7.0231,7.0554,7.1285,7.2869,7.3641,7.7022,7.53,7.7416,7.4848
7.04,7.1266,6.901,7.0086,6.9841,7.0394,7.1643,7.2884,7.4063,7.7348,7.549,7.7656,7.3673
7.12,7.0908,6.9315,6.9882,6.9456,6.9456,7.1697,7.3663,7.468,7.5919,7.5538,7.6784,7.3658
7.2,7.0771,6.997,6.9715,6.8764,6.8476,7.1655,7.3892,7.4958,7.5081,7.5569,7.6033,7.3593
7.28,7.0438,6.9903,7,6.8449,7.0155,7.1363,7.258,7.5058,7.6562,7.5764,7.6188,7.4012
7.36,6.9887,6.9574,6.9988,6.8545,7.1724,7.1227,7.1664,7.5061,7.7952,7.5814,7.6561,7.4289
7.44,7.0415,6.9437,6.9563,6.9473,7.1547,7.1516,7.2454,7.5083,7.6881,7.4722,7.5983,7.396
7.52,7.0844,6.9369,6.9756,7.0081,7.1602,7.1388,7.3045,7.4776,7.5923,7.4119,7.4991,7.35
7.6,7.0735,6.9365,7.0112,7,7.1637,7.1081,7.2874,7.4449,7.607,7.4448,7.4666,7.3253
7.68,7.0163,6.8657,6.9733,6.645,6.9202,7.3359,7.2983,7.4585,7.4932,7.6402,7.5881,7.434
7.76,7.0163,6.9516,6.8916,6.7156,6.9856,7.6267,7.282,7.51,7.6375,7.5299,7.619,7.357
7.84,7.0551,7.0277,6.8151,6.8202,7.022,7.9459,7.2396,7.5372,7.7637,7.4567,7.6562,7.2839
7.92,6.9881,7.0235,6.9107,6.7798,7.0286,7.809,7.2308,7.4961,7.6989,7.4935,7.5918,7.3026
8,6.9053,6.9818,6.9888,6.7337,7.056,7.6516,7.2453,7.4867,7.6275,7.5083,7.4904,7.3115
8.08,7.1541,6.9021,6.9506,6.7784,7.2792,7.3763,7.2956,7.5414,7.5437,7.5962,7.4839,7.3587
8.16,7.4263,6.9021,6.9084,6.7984,7.5469,7.201,7.3688,7.6028,7.4545,7.681,7.4723,7.4001
8.24,7.7925,7.2113,7.1209,7.1377,7.646,7.1091,7.4131,7.6051,7.5807,7.5814,7.4608,7.4718
8.32,8.2393,7.4446,7.3789,7.5835,7.7205,6.9397,7.4434,7.5931,7.754,7.4742,7.4443,7.5627
8.4,8.2768,7.3914,7.3814,7.619,7.7255,6.9262,7.4562,7.5933,7.7793,7.4598,7.4212,7.5772
8.48,7.2774,7.9615,8.4553,7.2845,7.6458,6.713,7.602,7.6996,8.0116,7.6922,7.4341,8.7908
8.56,7.0797,7.91,7.9498,7.3811,7.5793,6.867,7.8325,7.927,8.3303,8.1416,7.5481,8.278
8.64,6.8792,7.8176,7.548,7.4284,7.4497,7.0278,8.0961,8.2214,8.7366,8.7012,7.6568,7.8503
8.72,6.9574,7.6335,7.1629,7.1738,7.4245,7.1171,7.9799,7.7922,8.2938,8.4754,7.8904,7.7709
8.8,7.0033,7.4195,6.819,6.9598,7.4349,7.2237,7.84,7.4464,7.8616,8.2327,8.0996,7.6923
8.88,7.102,7.1364,6.8012,7.0863,7.4244,7.1547,7.4859,7.4802,7.6417,8.0085,8.3739,7.5082
8.96,7.2179,6.8851,6.7075,7.1794,7.4045,7.0447,7.1156,7.454,7.4729,7.8039,8.7763,7.3777
9.04,7.3129,6.8295,6.6766,6.9424,7.4869,7.2305,7.2923,7.2671,7.9068,7.5595,8.1756,7.6196
9.12,7.4092,6.7949,6.6704,6.7166,7.6056,7.145,7.5881,7.0736,8.3104,7.349,7.5358,7.7866
9.2,7.4004,7.091,7.0136,6.7103,7.6106,6.9883,7.687,7.4621,7.92,7.1409,7.3919,7.8268
9.28,7.3711,7.4116,7.3936,6.6675,7.5028,6.8499,7.7273,7.9637,7.6014,6.8894,7.3635,7.9054
9.36,7.401,7.1732,7.2829,6.6697,7.2368,6.9258,7.7377,7.5332,7.5715,6.987,7.3733,7.7575
9.44,7.4383,6.8878,7.0628,6.6589,7.1117,7.3311,7.7349,7.0675,7.541,7.0773,7.3308,7.6301
9.52,7.348,6.9218,6.9191,6.8905,7.1293,7.1365,7.7511,7.1501,7.4778,7.1365,7.5615,7.5868
9.6,7.1424,6.9413,6.6283,7.0502,6.919,7.0142,7.6979,7.2728,7.3373,7.2886,7.7833,7.4673
9.68,7.3344,6.7585,6.7107,7.0888,6.8432,6.8884,7.7077,7.5264,7.5096,7.3303,7.5558,7.5257
9.76,7.403,6.7642,7.1758,7.0818,6.6747,6.6227,7.7712,7.8453,7.5381,7.2928,7.3835,7.6293
9.84,7.183,6.8289,6.9476,6.7659,6.9027,6.646,7.6022,7.7798,7.5397,7.3687,7.4122,7.6752
9.92,7.244,6.3121,6.48,6.5246,7.4577,6.9436,7.25,7.6718,7.775,7.3141,7.3767,7.5362
10,7.2366,6.4794,6.9017,6.5998,7.4118,7.1333,7.3051,7.6768,7.9102,7.3964,7.4545,7.7527
10.08,7.2342,7.1525,7.5636,6.8842,7.3064,7.2556,7.2887,7.755,7.8526,7.5587,7.6425,7.8471
10.16,7.2166,7.2023,7.3528,6.6699,6.984,7.2843,7.2547,7.7661,7.8757,7.6655,7.6591,7.5006
10.24,7.2,7.3796,7.3011,6.5794,6.8892,7.1815,7.64,7.6806,7.8404,7.6684,7.5509,7.3817
10.32,7.2179,7.3239,7.2326,6.8347,6.9491,7.2496,7.4484,7.7905,7.4849,7.7139,7.6259,7.3348
10.4,7.3026,7.4091,7.2648,6.9334,6.9689,7.5949,7.3333,7.6753,7.5956,7.6903,7.6754,7.4756
10.48,7.2652,7.409,7.0684,7.0505,7.2867,7.6633,7.4069,7.837,7.62,7.2135,7.5768,7.4596
10.56,7.09,7.3407,6.7663,7.0323,7.475,7.4051,7.2196,8.0414,7.5024,7.5091,7.2841,7.7366
10.64,7.1107,7.1303,6.6785,6.7379,7.4099,7.2651,7.3804,7.5908,7.3442,7.5706,7.2553,7.6402
10.72,7.4015,6.9043,6.3094,6.5463,7.2667,7.2221,7.8909,7.2307,7.4031,7.0864,7.5883,7.0785
10.8,7.2898,7.0998,6.5445,6.6036,7.2322,7.2122,7.8111,7.0925,7.6243,7.6456,7.6597,7.1826
10.88,6.9053,7.2204,7.2557,6.6926,7.4324,7.4009,7.512,7.299,7.3988,8.2197,7.7745,7.4657
10.96,7.0931,7.2457,7.215,7.075,7.3619,7.1229,7.5477,7.4927,7.2216,7.7577,7.6539,7.4181
11.04,7.5684,7.3068,7.1168,7.6498,7.156,6.7778,7.6081,7.6647,7.1295,7.5984,7.4109,7.2093
11.12,7.3875,7.3774,7.0864,7.6536,7.1397,6.914,7.5719,7.5247,7.4582,7.4863,7.4337,7.1834
11.2,6.9013,7.5022,7.0323,7.6129,7.1917,6.8012,7.4895,7.2513,7.9928,7.4756,7.5559,7.2735
11.28,6.7956,7.2269,6.9536,7.3066,7.0502,6.8753,7.4444,7.3882,7.6833,7.4631,7.7836,7.1533
11.36,6.9131,7.1164,6.719,6.8086,6.889,7.1473,7.4694,7.5954,7.514,7.21,7.9236,7.1392
11.44,6.9747,7.3418,7.4277,7.0716,7.0188,7.1722,7.3509,7.4997,7.4911,7.3625,7.5719,7.0968
11.52,6.9997,7.1157,8.4643,7.6003,7.1097,7.0844,7.3213,7.4085,7.3584,7.7034,7.3134,7.194
11.6,7.0006,6.8397,8.4248,7.6378,7.057,6.9505,7.4086,7.4507,7.3719,7.7606,7.3503,7.3668
11.68,7.0368,7.1681,7.0474,7.2108,7.1612,6.519,7.1403,7.445,7.1991,7.2692,7.2766,7.5821
11.76,7.2774,7.304,7.2994,7.1136,7.0705,6.5561,7.1584,7.3352,7.4447,7.4043,7.2845,7.2533
11.84,7.2406,7.3886,7.5991,6.963,7.0335,6.6032,7.3112,7.075,7.6815,7.4174,7.4857,6.8315
11.92,7.1787,7.1644,7.3664,6.8102,7.2275,6.7567,7.6679,7.1763,7.3352,7.3601,7.5895,6.9471
12,7.0871,6.8847,7.0882,6.5603,7.4839,7.0276,7.9869,7.4025,6.9597,7.2968,7.6458,7.0428
12.08,7.021,6.9175,7.1573,6.7423,7.3325,7.104,7.7205,7.4655,6.8735,7.2102,7.2988,6.9785
12.16,7.3888,6.8786,7.3538,7.0722,6.9031,7.1367,7.4112,7.6053,7.03,7.3569,6.8701,7.2095
12.24,7.3461,7.094,7.3829,6.9823,6.923,6.9598,7.6418,7.5097,7.1274,7.4535,6.8614,6.9921
12.32,7.1394,7.6499,7.3202,6.8123,7.2655,7.3363,7.9548,7.2491,7.0704,7.4687,6.9744,6.5932
12.4,7.191,7.8341,7.3317,6.7926,7.4036,7.9065,7.9583,7.1395,7.011,7.5046,6.9787,6.533
12.48,7.0734,7.3291,7.0494,6.7211,6.7084,7.3677,7.339,7.3537,7.0844,7.0407,7.3336,6.8423
12.56,6.8957,7.1895,7.1543,6.6144,6.6528,7.1404,7.2422,7.3196,7.2171,7.0416,7.321,6.9336
12.64,7.1939,6.8934,7.5534,6.7682,6.9617,6.8381,7.1397,7.4448,7.3353,7.1134,7.5629,7.1308
12.72,7.2266,6.8637,7.4479,6.6983,7.1762,6.7749,7.2617,7.3507,7.3416,7.1371,7.4657,6.9473
12.8,7.1501,6.7847,7.2133,6.585,7.2965,6.7286,7.7675,7.1928,7.3379,7.0938,7.1968,7.0048
12.88,7.1554,6.8611,7.1698,6.6039,7.2551,6.9125,7.9278,7.3356,7.5155,7.0862,7.132,7.0433
12.96,7.0699,7.1077,7.1781,6.4504,6.9857,7.0777,7.7029,7.362,7.8363,6.9748,7.2695,6.8581
13.04,6.8928,7.2206,6.8064,6.3912,6.7879,7.1887,7.6464,7.2691,7.6455,6.7464,7.0793,6.7486
13.12,6.5035,7.3903,6.3755,6.2352,6.8352,7.2895,7.7572,7.41,7.4278,6.8071,6.762,7.2395
13.2,6.6756,7.0997,6.6032,6.5554,6.9311,7.2395,7.536,7.4237,6.9485,6.8623,6.7211,7.3033
13.28,7.0274,6.8054,6.7014,6.8575,6.9195,7.2364,7.1426,7.2207,6.3968,6.9894,6.7504,7.0362
13.36,6.9563,6.6734,6.6925,6.7861,7.0617,7.1922,7.161,7.0989,6.7246,7.0855,6.8029,6.8952
13.44,6.9015,6.4027,6.719,6.9224,7.0522,7.1322,7.2648,7.1056,6.9449,6.912,6.7473,6.5756
13.52,6.9206,6.5576,6.6888,6.8673,6.9974,7.1109,7.2348,7.1238,6.9871,6.8012,6.7577,6.5983
13.6,6.986,6.7429,6.762,6.8676,7.07,7.0939,7.1382,7.1764,7.1017,6.5631,6.7733,6.5875
13.68,6.937,6.7936,6.8423,6.8236,7.1276,7.0675,7.2273,7.1434,6.8929,6.4632,6.621,6.6071
13.76,6.908,6.9513,6.8753,6.7405,7.1556,7.0067,7.3096,7.2378,6.8984,6.482,6.5482,6.7707
13.84,6.8634,6.8824,6.8363,6.8409,7.1713,6.989,7.1741,7.116,7.2673,6.5955,6.5862,6.7242
13.92,6.8615,6.804,6.8409,6.9525,7.226,7.0116,7.1348,6.5868,7.587,6.7594,6.6866,6.7315
14,6.92,6.7842,6.7015,6.9206,7.0616,7.0745,7.2167,6.7428,7.3852,6.8577,6.7488,6.6988
14.08,6.9122,6.8058,6.5785,6.8019,7.0472,7.1463,7.2901,7.0615,7.0824,7.0633,6.7766,6.6856
14.16,6.9293,6.8322,6.6848,6.8208,7.1149,7.2176,7.2607,7.0284,7.0489,7.0088,6.7909,6.7432
14.24,6.9754,6.8878,6.7699,6.8008,7.1285,7.2335,7.1922,7.1185,7.0385,6.9796,6.7398,6.7106
14.32,7.0141,6.9714,6.7453,6.7913,7.1602,7.1506,7.2364,7.0688,6.9908,7.0323,6.7117,6.6957
14.4,7.051,6.9427,6.7451,6.8324,7.0857,7.1297,7.2723,7.0738,6.954,7.03,6.662,6.6953
14.48,7.1095,6.9374,6.8755,6.8556,7.0901,7.066,7.2691,7.1342,6.8063,6.9032,6.7698,6.6706
14.56,7.0953,6.876,6.9723,6.9025,7.0902,6.9357,7.2176,7.1259,6.7329,6.6629,6.8111,6.6028
14.64,7.0846,6.8494,6.8765,6.8135,7.1355,6.9333,7.1339,7.0777,6.8512,6.6359,6.7252,6.629
14.72,7.0765,6.8818,6.7692,6.7074,7.1879,7.0141,7.0977,7.0519,6.9847,6.7196,6.7134,6.6342
14.8,6.9492,6.8214,6.7243,6.7719,7.2011,7.0825,7.1943,7.0488,6.9325,6.797,6.731,6.5857
14.88,6.8811,6.7751,6.6896,6.8316,7.2188,7.1325,7.2681,7.0129,6.8687,6.8359,6.7235,6.5478
14.96,7.0507,6.8422,6.762,6.8099,7.1284,7.0399,7.2185,6.9976,6.902,6.7967,6.6313,6.5941
15.04,7.1814,6.9242,6.8698,6.7877,7.018,6.9571,7.1989,6.966,6.9603,6.7484,6.569,6.6595
15.12,7.0726,6.8696,6.8815,6.7982,6.9799,7.0476,7.2002,6.9491,6.946,6.7239,6.6186,6.6314
15.2,6.9332,6.8007,6.8652,6.7853,6.9904,7.1368,7.1983,6.9186,6.9234,6.7194,6.6865,6.6343
15.28,6.9637,6.8174,6.8309,6.7999,7.0398,7.1713,7.2543,7.0086,6.8945,6.6776,6.6856,6.581
15.36,7.0211,6.814,6.7876,6.92,7.1067,7.1306,7.3092,7.0749,6.8445,6.6266,6.6589,6.5039
15.44,6.9511,6.706,6.7881,6.9259,7.1873,7.0022,7.2057,6.8745,6.7995,6.578,6.7084,6.6153
15.52,6.8648,6.6414,6.8243,6.7889,7.2905,7.0036,7.1192,6.699,6.7298,6.5388,6.777,6.7546
15.6,6.8376,6.6545,6.8465,6.7114,7.3333,7.0632,7.1192,6.6506,6.7091,6.5299,6.7592,6.7644
15.68,6.9142,6.8283,6.9249,6.6593,7.1149,7.0121,7.1178,6.8998,6.8862,6.7623,6.7586,6.4761
15.76,6.9253,6.7842,6.8374,6.7035,7.1597,7.0999,7.1251,6.8917,6.8775,6.7174,6.6171,6.4631
15.84,6.9159,6.7551,6.7341,6.7252,7.1919,7.1967,7.1776,6.8645,6.8215,6.6516,6.5018,6.4608
15.92,6.9663,6.8087,6.7933,6.7435,7.1697,7.1846,7.2042,6.905,6.8324,6.5772,6.5121,6.4983
16,7.0381,6.8488,6.8586,6.7612,7.1485,7.1915,7.2145,6.9432,6.8504,6.4724,6.5149,6.5825
16.08,6.9895,6.8253,6.8825,6.7099,7.0966,7.2045,7.2442,6.909,6.9079,6.4727,6.5178,6.6306
16.16,6.9288,6.8175,6.8953,6.6985,7.0137,7.1734,7.2479,6.8907,6.9129,6.4924,6.5036,6.5501
16.24,6.9636,6.7622,6.8036,6.8134,7.1139,7.1321,7.1343,6.8763,6.8078,6.4953,6.4333,6.4615
16.32,6.9564,6.6787,6.7195,6.8943,7.2549,7.1384,7.0546,6.8525,6.7536,6.556,6.3752,6.4961
16.4,6.9083,6.6708,6.7137,6.8897,7.2629,7.1548,7.0668,6.8492,6.7533,6.59,6.359,6.5022
16.48,7.0725,6.8333,6.717,6.8347,7.1602,7.0713,7.0002,6.8706,6.6438,6.6364,6.4353,6.2809
16.56,6.9807,6.7852,6.7671,6.8301,7.0471,7.1957,7.0636,6.8732,6.698,6.5095,6.3913,6.2831
16.64,6.8817,6.7314,6.8061,6.8606,6.9672,7.3044,7.1406,6.8625,6.7508,6.4161,6.3608,6.2988
16.72,6.9902,6.7297,6.8196,6.863,6.9804,7.2309,7.1894,6.8368,6.6673,6.4353,6.3911,6.2638
16.8,7.1146,6.7132,6.803,6.8511,6.9957,7.158,7.1959,6.8627,6.5969,6.4588,6.3928,6.2373
16.88,7.0536,6.7564,6.7645,6.8092,7.0457,7.1483,7.1903,6.8493,6.6959,6.4902,6.3716,6.236
16.96,6.9652,6.812,6.7971,6.8091,7.0955,7.1052,7.1664,6.8373,6.8214,6.5186,6.3731,6.2461
17.04,6.9562,6.8568,6.786,6.7249,6.9974,7.0403,6.9976,6.8656,6.7623,6.4253,6.4054,6.2496
17.12,6.9752,6.8896,6.7024,6.5936,6.8554,7.0148,6.8616,6.8599,6.689,6.3194,6.4769,6.2226
17.2,6.9798,6.947,6.6734,6.775,6.8977,7.007,6.9779,6.8948,6.7352,6.3923,6.5115,6.2323
17.28,6.9643,7.0166,6.704,6.9778,7.0029,7.0167,7.0922,6.9408,6.7471,6.4867,6.4672,6.2447
17.36,7.0131,7.0234,6.7249,6.8913,7.0837,7.0894,7.1033,6.9645,6.6773,6.4103,6.3497,6.1754
17.44,7.0601,7.0333,6.7432,6.8046,7.1311,7.1607,7.1173,6.9767,6.6199,6.3646,6.2755,6.1291
17.52,7.1115,6.9484,6.7595,6.8052,7.0331,7.1137,7.0903,6.9605,6.662,6.3748,6.2878,6.1663
17.6,7.1637,6.8883,6.7753,6.8005,6.964,7.0527,7.08,6.9927,6.6955,6.3312,6.2956,6.1739
17.68,7.1749,6.8747,6.7773,6.7958,7.0494,7.1381,7.0647,6.9611,6.5854,6.2734,6.2866,6.1353
17.76,7.2031,6.7997,6.7319,6.7935,7.0886,7.2366,7.0064,6.8839,6.5285,6.2167,6.3014,6.0747
17.84,7.1034,6.6497,6.8097,6.9092,7.035,7.1786,6.985,6.8067,6.5527,6.2821,6.2974,6.0612
17.92,6.9833,6.5608,6.9241,7.0936,7.0591,7.1201,6.9916,6.7238,6.5282,6.3671,6.2399,6.1452
18,6.9405,6.6345,6.913,7.0554,7.0412,7.1414,7.0761,6.7162,6.5368,6.2582,6.2251,6.2386
18.08,6.9453,6.6722,6.8875,6.9545,6.9791,7.1662,7.1738,6.6948,6.5494,6.1423,6.2649,6.2723
18.16,6.9221,6.7316,6.84,6.9456,6.9423,7.2254,7.1239,6.6991,6.5263,6.1599,6.2434,6.2157
18.24,6.8698,6.8341,6.7954,6.9261,6.9224,7.2446,7.0665,6.7085,6.51,6.219,6.2048,6.1448
18.32,6.9143,6.9064,6.7709,6.8947,6.9859,7.2169,7.0269,6.7249,6.4977,6.2264,6.2176,6.1391
18.4,6.9732,6.9299,6.7303,6.9055,7.0412,7.1979,7.0036,6.7221,6.4813,6.1841,6.2175,6.155
18.48,7.0706,6.8915,6.7722,6.9183,7.0074,7.0769,7.0457,6.7017,6.5493,6.1955,6.1159,6.1559
18.56,7.1697,6.9004,6.8552,6.8843,6.9765,6.9896,7.0301,6.6742,6.6286,6.2409,6.0141,6.1425
18.64,7.1958,6.935,6.8397,6.8896,7.0053,7.0303,6.8829,6.7011,6.5558,6.287,6.1756,6.0958
18.72,7.1711,6.9428,6.8205,6.941,7.0554,7.0614,6.794,6.7368,6.4824,6.3108,6.3665,6.0612
18.8,7.1113,6.8499,6.8535,6.9445,7.0639,6.9104,6.9393,6.708,6.4247,6.2493,6.3211,6.1004
18.88,7.0882,6.7601,6.8938,6.9347,7.0585,6.7654,7.078,6.6862,6.3999,6.2036,6.2647,6.1387
18.96,6.9531,6.7191,6.8814,6.903,7.0427,6.8723,7.0357,6.7438,6.4227,6.2106,6.1108,6.0524
19.04,6.8247,6.6954,6.8369,6.8896,7.0255,6.9678,7.0041,6.7787,6.4397,6.2266,5.9716,5.96
19.12,6.9542,6.6831,6.8327,6.8488,7.0831,6.9773,7.0315,6.7027,6.5072,6.2297,5.9588,5.9466
19.2,7.059,6.6644,6.8527,6.8133,7.1325,7.011,7.0019,6.6932,6.5677,6.2135,5.9672,5.9397
19.28,6.9817,6.7469,6.8687,6.7763,7.1441,7.0333,6.9587,6.7683,6.4789,6.2634,6.0548,5.9137
19.36,6.9715,6.8334,6.8484,6.7125,7.142,7.0355,7.021,6.803,6.3584,6.326,6.1121,5.8659
19.44,7.0212,6.9391,6.7961,6.7672,7.1571,6.9953,6.9374,6.7778,6.3127,6.3515,6.1165,5.8932
19.52,6.9643,7.0289,6.7629,6.8196,7.1986,6.9637,6.786,6.7765,6.3761,6.3558,6.118,5.9591
19.6,6.9003,7.0176,6.7574,6.8049,7.2076,6.9645,6.77,6.7751,6.4516,6.3313,6.1033,5.9642
19.68,6.8972,6.7847,6.9232,6.8608,7.0412,7.1368,7.0815,6.7087,6.4421,6.1169,6.037,5.8487
19.76,6.8889,6.8498,6.9301,6.835,7.074,7.1497,7.0855,6.6182,6.3875,6.0686,5.9942,5.8866
19.84,6.8722,6.8791,6.9227,6.7996,7.098,7.115,7.0861,6.541,6.3736,6.0494,5.9732,5.9525
19.92,6.8952,6.8256,6.84,6.8331,7.0633,7.1179,7.0181,6.6341,6.3537,6.1255,6.0145,5.9113
20,6.882,6.8198,6.7464,6.8294,7.0289,7.1586,6.9588,6.7267,6.3519,6.1729,6.0505,5.8365
20.08,6.8531,6.8847,6.8176,6.8644,7.0009,7.2017,6.9516,6.7133,6.3742,6.2323,6.0514,5.8292
20.16,6.852,6.943,6.9406,6.9228,6.9956,7.2572,6.9758,6.7181,6.3404,6.2811,6.0275,5.8141
20.24,6.9369,6.868,6.9367,6.9421,7.0521,7.0884,6.9535,6.7394,6.3586,6.1231,6.0353,5.7818
20.32,7.0112,6.7987,6.8897,6.975,7.0456,6.8795,6.8874,6.7336,6.4415,6.0102,6.0721,5.7766
20.4,6.9917,6.8111,6.8776,6.992,6.9994,6.8562,6.8737,6.7259,6.4734,6.0215,6.0751,5.7745
20.48,7.0489,6.8399,6.8595,7.0839,6.9302,6.9739,7.0344,6.6875,6.3429,6.0758,5.8051,5.7399
20.56,7.0881,6.8893,6.9126,6.9556,6.9187,6.9703,7.0107,6.6694,6.3561,6.0882,5.9439,5.7869
20.64,7.0986,6.936,6.9362,6.8669,6.8879,6.9864,6.957,6.6649,6.3341,6.1605,6.0827,5.8382
20.72,7.0682,6.9975,6.9643,6.8304,6.9075,6.9796,6.9631,6.7226,6.3062,6.1746,6.0502,5.7531
20.8,7.016,7.0827,7.0157,6.7829,6.9265,6.9564,6.98,6.7765,6.285,6.1288,5.9985,5.6842
20.88,6.9477,6.9841,7.0251,6.7059,6.9148,7.061,6.9902,6.7784,6.3127,6.0832,5.963,5.6779
20.96,6.9008,6.8704,7.0321,6.6122,6.9201,7.1253,6.9821,6.7626,6.3447,6.0127,5.9422,5.6568
21.04,6.8367,6.7668,6.8664,6.7122,6.9459,7.0595,6.9723,6.6402,6.3115,5.9061,5.8595,5.6762
21.12,6.7925,6.6623,6.6904,6.8669,6.9528,7.0508,6.9787,6.5536,6.2883,5.8723,5.8021,5.6969
21.2,6.8921,6.6943,6.7867,6.9011,6.8978,7.105,6.9287,6.5669,6.3277,5.9725,5.8369,5.7549
21.28,6.9748,6.7355,6.9032,6.8975,6.8734,7.1742,6.861,6.545,6.3788,6.0603,5.855,5.8093
21.36,6.991,6.8037,6.9518,6.8822,6.9392,7.1234,6.8602,6.4936,6.3545,6.0307,5.7743,5.8025
21.44,7.0241,6.8963,7.0149,6.8716,7.0174,7.0569,6.8861,6.47,6.302,5.9962,5.695,5.7967
21.52,7.0145,6.9255,7.0572,6.7626,7.05,7.0071,6.8812,6.5558,6.2811,5.9742,5.7754,5.7172
21.6,7.0058,6.9309,7.0777,6.6651,7.0371,6.9648,6.8894,6.6349,6.2698,5.9288,5.8687,5.665
21.68,7.0045,6.8955,6.9012,6.7343,6.9715,7.027,7.005,6.5908,6.2818,5.8786,5.8475,5.765
21.76,6.9674,6.839,6.7392,6.8403,6.9174,7.0458,7.0869,6.5338,6.2857,5.843,5.8121,5.8566
21.84,6.9947,6.7782,6.7501,6.7666,6.9714,6.9366,7.0462,6.4724,6.2954,5.9463,5.7986,5.7934
21.92,7.0784,6.7287,6.766,6.6319,7.0417,6.8555,7.0395,6.4357,6.2832,6.0797,5.7891,5.6954
22,6.9881,6.8419,6.774,6.7339,6.9867,6.9362,6.9976,6.4299,6.2729,5.9275,5.7597,5.6585
22.08,6.8756,6.9698,6.7638,6.878,6.9308,7.042,6.9156,6.3954,6.2884,5.7575,5.7142,5.6777
22.16,6.8363,6.8802,6.7855,6.9113,6.8757,7.0254,6.8983,6.4117,6.2824,5.863,5.7213,5.7186
22.24,6.7972,6.7785,6.8513,6.9325,6.8206,6.9861,6.8863,6.4595,6.2733,5.976,5.747,5.7078
22.32,6.8158,6.792,6.8667,6.9022,6.91,6.9529,6.8597,6.4423,6.233,5.9568,5.6983,5.6172
22.4,6.8101,6.8424,6.8424,6.8613,6.9861,6.9302,6.8613,6.4279,6.2176,5.9548,5.6823,5.5517
22.48,6.8737,6.8679,6.8343,6.8675,6.903,6.9525,6.7686,6.4749,6.2445,5.892,5.7363,5.5787
22.56,6.9846,6.8484,6.839,6.8714,6.8397,6.9783,6.668,6.5024,6.2384,5.8221,5.7445,5.6227
22.64,7.0101,6.8882,6.9611,6.8635,6.84,7.0177,6.6931,6.5495,6.2361,5.8966,5.7428,5.7248
22.72,7.0374,6.9725,7.084,6.8858,6.8239,7.0218,6.7317,6.593,6.2416,5.9737,5.7626,5.7952
22.8,6.9124,6.922,6.8805,6.914,6.9169,7.0434,6.855,6.5939,6.2706,5.9214,5.6915,5.6625
22.88,6.7798,6.8502,6.6788,6.9277,7.0068,7.0937,6.9537,6.5862,6.2782,5.85,5.6139,5.5687
22.96,6.89,6.8279,6.7967,6.8995,6.9287,7.0544,6.9493,6.5146,6.1686,5.866,5.5976,5.5799
23.04,7.0011,6.8047,6.9385,6.8645,6.909,7.0205,6.9722,6.4898,6.0783,5.8899,5.5856,5.5731
23.12,7.0163,6.7408,6.9284,6.793,7.0159,6.9965,7.0476,6.4433,6.0342,5.9001,5.6775,5.5603
23.2,7.0121,6.687,6.922,6.7511,7.0963,6.9597,7.0951,6.3624,6.0274,5.9294,5.7666,5.5697
23.28,6.951,6.6532,6.9074,6.82,6.9803,7.0699,7.0361,6.4179,6.0943,5.8681,5.7066,5.6002
23.36,6.8728,6.588,6.8651,6.8497,6.819,7.1894,6.9827,6.4752,6.1279,5.7777,5.6411,5.6071
23.44,6.9099,6.652,6.8435,6.8039,6.8873,7.0541,6.8869,6.5056,6.1909,5.7007,5.6881,5.6431
23.52,7.0345,6.7626,6.8367,6.7809,7.0176,6.9329,6.8053,6.5486,6.2396,5.6312,5.7443,5.6717
23.6,7.0876,6.7811,6.834,6.7849,7.0333,6.9429,6.8062,6.5529,6.214,5.6135,5.7373,5.6539
23.68,6.8377,6.9915,6.9092,6.8843,6.9675,7.0878,6.8304,6.5352,5.9717,5.7289,5.6356,5.4719
23.76,6.9221,6.9407,6.9335,6.8301,6.9258,7.0353,6.8694,6.5245,6.0203,5.7936,5.6024,5.5139
23.84,7.0487,6.8619,7.0251,6.7541,6.9059,6.9859,6.884,6.5807,6.0541,5.8605,5.5741,5.5496
23.92,7.1161,6.8127,7.0121,6.7886,6.8861,7.0033,6.8268,6.5372,6.0374,5.8556,5.5808,5.5407
24,7.1554,6.7837,6.9539,6.8491,6.8565,7.0495,6.771,6.4347,6.0372,5.7971,5.5656,5.5385
24.08,7.0675,6.8194,6.9256,6.7942,6.9316,7.0689,6.7601,6.3883,5.9826,5.7095,5.5128,5.5647
24.16,6.962,6.8379,6.9043,6.6817,7.078,7.035,6.7641,6.3639,5.9427,5.6684,5.4731,5.5837
24.24,6.8624,6.7797,6.8955,6.7058,7.0119,7.0107,6.8952,6.4058,5.9764,5.7301,5.5106,5.5829
24.32,6.7972,6.7276,6.8838,6.7804,6.8464,7.0101,7.0376,6.4504,6.0044,5.7638,5.5558,5.6034
24.4,6.8041,6.7198,6.8844,6.7905,6.8008,7.0038,7.0393,6.445,5.9969,5.7493,5.5587,5.6179
24.48,6.8587,6.7831,6.8568,6.8924,6.6966,6.8023,6.8818,6.3854,6.1675,5.8187,5.5646,5.3774
24.56,6.8658,6.8623,6.872,6.7826,6.7908,6.8641,6.8618,6.4272,6.1118,5.8069,5.577,5.3712
24.64,6.8833,6.9123,6.8626,6.6811,6.8719,6.9354,6.8326,6.471,6.0628,5.7713,5.5979,5.419
24.72,6.9822,6.8718,6.9547,6.7295,6.9002,6.9511,6.8526,6.4156,6.0316,5.7392,5.5917,5.4965
24.8,7.0852,6.8834,7.0771,6.7432,6.9466,6.9271,6.8507,6.3405,6.0072,5.7395,5.5487,5.5243
24.88,7.0525,6.8881,6.9791,6.6819,6.9829,6.9143,6.8242,6.3151,5.9199,5.7167,5.5138,5.4912
24.96,7.0005,6.8313,6.8592,6.6392,7.0046,6.9912,6.867,6.3254,5.8326,5.6775,5.4949,5.4954
25.04,6.9911,6.7866,6.8989,6.6983,6.8494,6.9956,6.9416,6.3971,5.8645,5.6874,5.5974,5.507
25.12,6.9851,6.7763,6.9557,6.7936,6.6948,6.9376,6.9326,6.4125,5.8767,5.7103,5.689,5.493
25.2,6.9773,6.7891,6.9942,6.883,6.7285,6.7857,6.8813,6.3707,5.9074,5.7333,5.5885,5.4789
25.28,6.9572,6.8078,7.027,6.896,6.8088,6.6382,6.8776,6.4103,5.9255,5.7465,5.5126,5.476
25.36,6.9281,6.8414,6.9402,6.7647,6.8451,6.6972,6.8455,6.4817,5.8969,5.6873,5.485,5.4656
25.44,6.9097,6.881,6.8382,6.6796,6.836,6.771,6.811,6.4755,5.9291,5.6392,5.4602,5.448
25.52,6.9365,6.9157,6.7828,6.6609,6.8452,6.8666,6.9141,6.3672,5.9256,5.6507,5.532,5.4835
25.6,6.964,6.928,6.7635,6.6918,6.8422,6.9589,7.0141,6.3185,5.8726,5.6571,5.6089,5.5426
25.68,6.9406,6.9015,6.8747,6.6928,6.8864,6.9202,6.9255,6.5102,5.8182,5.6861,5.5573,5.4886
25.76,6.9201,6.8864,6.943,6.6404,6.9072,6.9176,6.8155,6.6653,5.782,5.7091,5.4997,5.4359
25.84,6.8819,6.8696,6.9017,6.7825,6.8758,6.9617,6.7209,6.5623,5.7802,5.7077,5.5067,5.4174
25.92,6.8397,6.8398,6.9235,6.9604,6.9337,6.9395,6.6762,6.495,5.7731,5.6736,5.4937,5.3796
26,6.8525,6.7504,6.808,6.9868,6.9452,6.9397,6.7419,6.4504,5.8853,5.6267,5.4282,5.3965
26.08,6.8902,6.6932,6.6717,6.9793,6.9037,6.9836,6.7999,6.3703,5.9902,5.6165,5.3905,5.4122
26.16,6.939,6.739,6.7806,6.9241,6.8977,6.9536,6.8173,6.4171,5.9493,5.6158,5.4581,5.4106
26.24,6.9657,6.7761,6.8918,6.8866,6.9202,6.9078,6.826,6.4882,5.9186,5.6232,5.5304,5.42
26.32,6.9543,6.8182,6.9047,6.8806,6.9428,6.905,6.8167,6.4382,5.8786,5.6449,5.5704,5.4412
26.4,6.9442,6.8361,6.9234,6.8644,6.929,6.878,6.7915,6.4144,5.8578,5.6608,5.5605,5.4625
26.48,7.0108,6.9151,6.9506,6.7738,6.7764,6.7904,6.832,6.4695,5.8958,5.646,5.4662,5.4293
26.56,7.0466,7.001,6.951,6.6986,6.6391,6.7809,6.8739,6.4859,5.885,5.6217,5.4509,5.3969
26.64,7.0395,6.9318,6.9154,6.7558,6.7801,6.9249,6.7664,6.4298,5.8588,5.6615,5.493,5.4039
26.72,7.0517,6.8668,6.9055,6.7935,6.9662,7.0096,6.6923,6.417,5.9012,5.6836,5.4946,5.3813
26.8,6.9225,6.8566,6.852,6.7915,6.8719,6.9371,6.7307,6.4115,5.8496,5.5843,5.5563,5.3601
26.88,6.8191,6.855,6.7939,6.8181,6.7353,6.8462,6.7608,6.3751,5.7679,5.5213,5.6267,5.3793
26.96,6.7294,6.949,6.7852,6.8352,6.7701,6.8389,6.8369,6.353,5.8377,5.5758,5.603,5.3681
27.04,6.6583,7.0414,6.7678,6.8338,6.8119,6.8789,6.9136,6.3378,5.9022,5.6212,5.5614,5.354
27.12,6.7607,6.9981,6.793,6.819,6.8994,6.8985,6.8666,6.3454,5.9212,5.6044,5.5329,5.3089
27.2,6.8165,6.953,6.8098,6.818,7.0213,6.9006,6.8386,6.3505,5.9737,5.5926,5.5109,5.2584
27.28,6.8272,6.9333,6.8915,6.8628,6.9895,6.8858,6.8766,6.3573,5.9138,5.5356,5.4593,5.3111
27.36,6.8592,6.9218,7.0162,6.856,6.9516,6.8762,6.8627,6.3629,5.8381,5.4607,5.4274,5.365
27.44,6.7952,6.9088,6.9579,6.7894,6.9722,6.8315,6.8553,6.2931,5.8204,5.5004,5.3304,5.3194
27.52,6.7273,6.8841,6.8897,6.7788,6.9387,6.7837,6.8702,6.2647,5.7917,5.5339,5.2018,5.2713
27.6,6.7186,6.8855,6.8997,6.7947,6.9032,6.7797,6.8668,6.2963,5.7781,5.513,5.1774,5.2695
27.68,6.9506,6.8382,7.0624,7.0396,6.8873,6.5855,6.8408,6.5158,5.741,5.5319,5.5011,5.3121
27.76,6.9547,6.8378,6.966,6.9048,6.843,6.7038,6.8711,6.3955,5.7521,5.5745,5.4418,5.2792
27.84,6.981,6.8469,6.8781,6.76,6.7996,6.8336,6.8841,6.2821,5.7839,5.5738,5.3611,5.2469
27.92,6.972,6.8658,6.8208,6.7911,6.8367,6.8609,6.8804,6.2361,5.7576,5.4868,5.3178,5.2395
28,6.9699,6.8548,6.7862,6.8449,6.8908,6.9009,6.8698,6.2125,5.7061,5.4217,5.277,5.2175
28.08,6.953,6.8438,6.8738,6.8128,6.8635,6.9355,6.7739,6.216,5.6956,5.4543,5.357,5.2967
28.16,6.8842,6.9222,6.9842,6.744,6.8045,6.9888,6.7233,6.2329,5.7464,5.4977,5.4223,5.4177
28.24,6.8903,6.8981,6.9197,6.8264,6.84,7.0211,6.9042,6.2294,5.7525,5.5576,5.2556,5.3824
28.32,6.9609,6.7771,6.7919,6.9134,6.9118,6.9956,7.0548,6.183,5.7137,5.6025,5.1257,5.3066
28.4,6.9834,6.7479,6.7536,6.8931,6.9327,6.9682,7.0503,6.1568,5.7028,5.593,5.1332,5.2867
28.48,6.9468,6.8888,6.8632,6.7187,6.8135,6.9799,6.8551,6.3642,5.6646,5.6451,5.273,5.2366
28.56,6.8902,6.8375,6.8759,6.7618,6.8543,6.9228,6.8842,6.3269,5.7126,5.5901,5.2545,5.2518
28.64,6.8273,6.7973,6.8672,6.7614,6.878,6.8523,6.9307,6.2274,5.7662,5.542,5.2474,5.2741
28.72,6.8608,6.7935,6.9047,6.7628,6.8612,6.7991,6.8851,6.1781,5.728,5.5495,5.2895,5.3007
28.8,6.9615,6.7849,6.926,6.7493,6.8751,6.8079,6.8442,6.1559,5.7239,5.5513,5.3099,5.3025
28.88,7.0145,6.792,6.9433,6.7621,6.8546,6.8647,6.7701,6.1652,5.7607,5.5515,5.2863,5.2616
28.96,6.9849,6.7836,6.9801,6.8164,6.8065,6.8632,6.7036,6.1805,5.759,5.5311,5.2565,5.2848
29.04,6.9215,6.8211,6.9605,6.8462,6.8406,6.7674,6.7621,6.1941,5.7591,5.5436,5.2268,5.2658
29.12,6.9126,6.9062,6.9414,6.8576,6.8893,6.722,6.8011,6.184,5.7798,5.5771,5.2297,5.1508
29.2,6.9727,6.9513,6.8969,6.8191,6.8548,6.7705,6.678,6.199,5.8816,5.5741,5.3095,5.1268
29.28,7.044,6.9619,6.8364,6.7464,6.8218,6.801,6.5596,6.2409,5.9567,5.5313,5.3401,5.1879
29.36,7.024,6.9297,6.748,6.6416,6.807,6.8429,6.5981,6.309,5.8126,5.539,5.32,5.2289
29.44,6.9721,6.9003,6.6862,6.5638,6.7742,6.873,6.6534,6.3701,5.6716,5.5988,5.3368,5.2404
29.52,6.9319,6.8825,6.7234,6.5563,6.7515,6.8827,6.7205,6.3383,5.6679,5.648,5.3522,5.2394
29.6,6.9085,6.8638,6.7681,6.561,6.7515,6.8969,6.7831,6.2835,5.6944,5.6709,5.3778,5.2352
29.68,6.8545,6.8276,6.8277,6.7114,6.6757,6.9683,6.8223,6.3242,5.7306,5.6181,5.3175,5.1993
29.76,6.7902,6.8008,6.8284,6.8393,6.61,7.0226,6.8581,6.4065,5.7708,5.5656,5.2614,5.1834
29.84,6.9633,6.8565,6.7916,6.7556,6.7253,6.9201,6.8451,6.3191,5.8056,5.4701,5.2814,5.2292
29.92,7.1511,6.8952,6.799,6.7322,6.8105,6.8347,6.8181,6.2045,5.7985,5.3567,5.2631,5.2574
30,7.0197,6.842,6.8023,6.7916,6.8312,6.8489,6.772,6.2111,5.7072,5.3631,5.2549,5.2509
30.08,6.9093,6.8018,6.7943,6.8117,6.8839,6.8997,6.7553,6.1983,5.6655,5.4169,5.2697,5.2622
30.16,6.9792,6.862,6.7614,6.8203,6.892,6.9642,6.7529,6.199,5.6907,5.4483,5.2684,5.254
30.24,7.0552,6.9188,6.7558,6.8445,6.8797,6.9834,6.7127,6.2368,5.7177,5.4418,5.253,5.2218
30.32,7.0558,6.8796,6.85,6.8591,6.8897,6.9049,6.7197,6.2031,5.6668,5.4368,5.2391,5.2547
30.4,7.0083,6.8546,6.9318,6.8633,6.8636,6.8454,6.7489,6.1651,5.6135,5.4346,5.2217,5.2678
30.48,6.9909,6.8732,6.898,6.8386,6.7949,6.8182,6.7481,6.225,5.7242,5.4092,5.1813,5.257
30.56,7.0391,6.9012,6.8604,6.8275,6.7995,6.7557,6.741,6.2994,5.7938,5.4186,5.1917,5.2925
30.64,7.0159,6.8471,6.9727,6.8931,6.8789,6.7681,6.6946,6.2058,5.6748,5.4558,5.2593,5.3067
30.72,6.8958,6.7596,7.0666,6.9241,6.9533,6.8045,6.6606,6.0822,5.6178,5.4343,5.2895,5.2826
30.8,6.8965,6.8375,6.9279,6.8673,6.9287,6.8735,6.7251,6.0955,5.6247,5.3971,5.3024,5.1612
30.88,6.9518,6.9564,6.8384,6.8338,6.893,6.9734,6.7634,6.1102,5.6115,5.3977,5.3242,5.1086
30.96,6.9184,6.9486,6.82,6.8619,6.892,6.9327,6.6936,6.1119,5.6794,5.369,5.3358,5.1432
31.04,6.9175,6.926,6.7927,6.8972,6.862,6.8786,6.6557,6.1266,5.7251,5.3573,5.3403,5.1217
31.12,6.9055,6.9557,6.834,6.7999,6.8301,6.876,6.7401,6.1214,5.7117,5.3322,5.2711,5.1202
31.2,6.8993,6.9657,6.8675,6.6927,6.7905,6.8742,6.8064,6.1282,5.6943,5.285,5.1996,5.1298
31.28,6.9749,6.9119,6.8546,6.637,6.8692,6.8462,6.789,6.16,5.6384,5.335,5.1367,5.2253
31.36,6.9857,6.8591,6.8476,6.587,6.9696,6.7932,6.78,6.1887,5.5864,5.3538,5.0941,5.3181
31.44,6.9891,6.7975,6.9467,6.6372,6.9311,6.8274,6.7871,6.1854,5.6802,5.3067,5.2148,5.2992
31.52,7.0279,6.7425,6.9921,6.6758,6.9021,6.8773,6.7928,6.1955,5.8232,5.3389,5.2995,5.2714
31.6,7.0311,6.7361,6.946,6.6654,6.9063,6.8726,6.7905,6.2141,5.8523,5.3756,5.2725,5.2536
31.68,6.9072,6.7627,6.7732,6.6779,6.7291,6.7751,6.805,6.0621,5.6817,5.3177,5.1459,5.1318
31.76,6.9512,6.7945,6.8205,6.797,6.7877,6.8082,6.7118,6.0767,5.6325,5.3056,5.1368,5.1547
31.84,6.9836,6.8365,6.845,6.9326,6.8426,6.8718,6.6013,6.1264,5.5872,5.2762,5.1315,5.1901
31.92,6.9865,6.8436,6.8151,6.8954,6.8474,6.8979,6.7016,6.1667,5.5852,5.3256,5.1108,5.1856
32,6.9801,6.8636,6.7845,6.8488,6.849,6.9077,6.8144,6.1687,5.6285,5.4271,5.1076,5.1729
32.08,6.8971,6.8594,6.8224,6.7519,6.804,6.966,6.7927,6.091,5.7609,5.3951,5.1703,5.1239
32.16,6.769,6.8458,6.8384,6.6411,6.7686,7.0048,6.7635,6.0464,5.8611,5.3295,5.2306,5.069
32.24,6.8202,6.8563,6.846,6.65,6.7672,6.8676,6.767,6.0799,5.8289,5.2636,5.2015,5.0699
32.32,6.9738,6.8495,6.9094,6.6769,6.7667,6.7475,6.8152,6.0893,5.7994,5.2068,5.1627,5.0491
32.4,7.0219,6.8314,6.9408,6.6744,6.7682,6.7349,6.8388,6.0743,5.8043,5.1977,5.1553,5.0218
32.48,6.8254,7.1441,6.7838,6.8724,6.8154,6.6998,6.7025,6.0617,5.5574,5.3834,5.0517,5.0857
32.56,6.9548,7.0883,6.783,6.7806,6.8126,6.7417,6.7302,6.1048,5.5533,5.3131,5.0808,5.1169
32.64,7.0742,6.9784,6.7916,6.6981,6.7951,6.7477,6.7399,6.1354,5.5777,5.2179,5.1251,5.1334
32.72,7.0427,6.9069,6.7899,6.6285,6.7976,6.7815,6.6979,6.163,5.6076,5.2145,5.0559,5.1677
32.8,6.9765,6.8859,6.7734,6.5577,6.7948,6.7981,6.6888,6.23,5.6292,5.2254,4.9966,5.1939
32.88,6.9201,6.8683,6.825,6.6967,6.7026,6.7473,6.7023,6.1698,5.5898,5.2439,5.0754,5.1651
32.96,6.8602,6.8495,6.8553,6.853,6.65,6.7603,6.6855,6.0741,5.5495,5.2623,5.1255,5.1158
33.04,6.9365,6.8292,6.7542,6.7248,6.7592,6.9539,6.7661,6.0512,5.5357,5.2823,5.097,5.067
33.12,7.094,6.767,6.6911,6.6172,6.8478,7.1012,6.8838,6.0263,5.5198,5.3107,5.0486,5.0685
33.2,7.0327,6.7964,6.7416,6.7434,6.8359,6.9487,6.8137,6.0725,5.4867,5.313,5.0967,5.1043
33.28,6.924,6.8337,6.7742,6.8317,6.8124,6.8046,6.7273,6.1253,5.4556,5.3003,5.1813,5.0985
33.36,6.9881,6.8569,6.805,6.7355,6.791,6.8655,6.6957,6.0337,5.5013,5.3674,5.1588,5.0295
33.44,7.0585,6.9113,6.8423,6.6593,6.7481,6.9734,6.6628,5.947,5.5695,5.4376,5.1485,4.978
33.52,7.0056,6.9081,6.7982,6.6803,6.7733,6.9409,6.6652,5.9793,5.614,5.3175,5.096,5.0036
33.6,6.9603,6.9043,6.7506,6.6927,6.8603,6.8631,6.6707,6.0301,5.6397,5.1946,5.0554,5.0227
33.68,6.9648,6.9037,6.8188,6.7759,6.8821,6.8206,6.6859,6.1111,5.5992,5.23,5.0878,5.0316
33.76,6.9553,6.9032,6.9079,6.8458,6.8707,6.8117,6.7075,6.2054,5.5569,5.2994,5.0714,5.0314
33.84,6.9734,6.9554,6.9382,6.7614,6.8738,6.8631,6.6742,6.1544,5.6419,5.3243,4.9645,5.0195
33.92,6.9981,6.9613,6.9617,6.7054,6.8742,6.8805,6.6439,6.0545,5.7338,5.2951,4.8769,5.0267
34,6.9989,6.8859,6.9141,6.6107,6.7987,6.8294,6.7112,6.0394,5.6338,5.2318,4.9924,4.9823
34.08,6.9696,6.8663,6.8704,6.4963,6.7308,6.7759,6.7662,6.0285,5.5219,5.215,5.1119,4.9296
34.16,6.92,6.9388,6.8419,6.5707,6.8037,6.6826,6.6858,6.0596,5.4643,5.2134,5.1227,4.9527
34.24,6.8963,6.987,6.7904,6.679,6.875,6.6092,6.6323,6.11,5.4313,5.1967,5.1759,4.9871
34.32,6.8745,6.9901,6.8321,6.6401,6.8308,6.6904,6.6395,6.0765,5.4623,5.1443,5.2208,5.0415
34.4,6.8539,7.0017,6.8757,6.6094,6.7862,6.7952,6.5922,6.0557,5.4891,5.1007,5.2338,5.0807
34.48,6.7419,6.9644,6.9114,6.698,6.8049,6.7908,6.5968,5.9905,5.5248,5.204,5.1855,5.0262
34.56,6.6833,6.9169,6.9922,6.7398,6.8277,6.756,6.6578,5.9282,5.5533,5.3309,5.1045,4.9699
34.64,6.879,6.8862,6.9734,6.678,6.7585,6.7732,6.6887,6.0053,5.6104,5.3066,5.0153,4.9716
34.72,7.0305,6.8669,6.8943,6.6579,6.6726,6.7894,6.6879,6.0366,5.6645,5.2411,4.9873,5.0124
34.8,6.9974,6.859,6.8143,6.7055,6.7587,6.8417,6.7098,5.9293,5.5668,5.1932,5.0285,5.0157
34.88,6.9774,6.8266,6.7748,6.7159,6.8817,6.9037,6.7539,5.8731,5.4569,5.1621,5.0316,4.9818
34.96,6.9722,6.8104,6.8137,6.734,6.7912,6.8734,6.7046,5.9235,5.4792,5.1521,5.0891,4.9954
35.04,6.9432,6.8032,6.8575,6.7838,6.6897,6.8307,6.6386,5.9504,5.522,5.1517,5.1325,5.0152
35.12,6.8982,6.8332,6.9335,6.7396,6.727,6.7548,6.5894,5.9399,5.4889,5.1767,5.0492,5.0197
35.2,6.8249,6.9019,6.9926,6.6985,6.7497,6.7102,6.5605,5.9251,5.4642,5.1891,5.0052,5.0153
35.28,6.8568,6.9682,6.9183,6.6836,6.7911,6.8217,6.6242,5.937,5.472,5.1759,5.0251,4.9786
35.36,6.9973,6.9891,6.8264,6.6678,6.8862,6.919,6.6593,5.9952,5.4558,5.1524,5.0511,4.9661
35.44,7.0671,6.814,6.7999,6.6647,6.772,6.8644,6.6496,5.9538,5.5099,5.1454,5.0189,5.101
35.52,7.0149,6.6784,6.8083,6.6337,6.6043,6.786,6.6457,5.8685,5.5737,5.1505,4.9734,5.2193
35.6,6.957,6.6914,6.8228,6.6171,6.5794,6.7608,6.6321,5.8558,5.5654,5.1434,4.9729,5.2082
35.68,6.9414,6.9743,6.7076,6.9769,7.0178,6.6287,6.6881,5.9421,5.4575,5.2375,5.0948,5.0748
35.76,6.9241,6.9268,6.7345,6.8577,6.921,6.5983,6.6792,5.9436,5.4832,5.2038,5.023,5.0332
35.84,6.937,6.8749,6.7654,6.7297,6.8224,6.5943,6.7208,5.9436,5.4969,5.2062,4.9898,4.9694
35.92,6.9043,6.7812,6.8007,6.6712,6.7649,6.6045,6.7526,5.886,5.4692,5.2735,4.9816,4.9688
36,6.8321,6.7262,6.8502,6.6451,6.7338,6.5811,6.7363,5.8249,5.4742,5.2823,4.9763,4.9891
36.08,6.8509,6.8743,6.8813,6.6481,6.624,6.6306,6.7481,5.8125,5.5793,5.2721,4.994,4.948
36.16,6.8617,7.0537,6.9068,6.6248,6.5069,6.6881,6.7674,5.817,5.6288,5.295,4.9907,4.9074
36.24,6.7836,6.8675,6.9196,6.6918,6.7229,6.7448,6.7351,5.9133,5.5945,5.2972,4.9629,4.9763
36.32,6.7261,6.6102,6.9602,6.7423,6.9326,6.7987,6.7132,5.9952,5.5823,5.2916,4.9397,5.0417
36.4,6.7261,6.5647,6.9901,6.7208,6.9159,6.7906,6.7176,5.9856,5.5772,5.2892,4.9354,5.0422
36.48,6.791,6.7223,6.902,6.5973,6.8963,6.7226,6.7475,5.9509,5.4535,5.1879,4.9205,4.944
36.56,6.765,6.8115,6.9498,6.6048,6.8916,6.7461,6.6483,5.915,5.4773,5.2294,4.899,4.9425
36.64,6.7518,6.8486,6.9978,6.6528,6.9242,6.739,6.5257,5.9094,5.5139,5.2575,4.8789,4.9338
36.72,6.8123,6.8024,6.9752,6.7785,6.9227,6.6727,6.5402,6.0027,5.4934,5.1695,4.9173,4.9542
36.8,6.88,6.8197,6.9396,6.8434,6.9175,6.652,6.5897,6.0427,5.4704,5.0865,4.9807,4.9922
36.88,6.9014,6.8435,6.9065,6.7645,6.8766,6.7411,6.6688,5.9638,5.4748,5.0754,4.9381,5.0294
36.96,6.9217,6.8403,6.8894,6.7419,6.7985,6.8089,6.7391,5.9116,5.4465,5.0744,4.8441,5.0532
37.04,6.9992,6.8996,6.8251,6.749,6.8113,6.9758,6.7242,5.9113,5.4761,5.1445,4.8771,5.0177
37.12,7.0383,6.9645,6.7776,6.7165,6.8156,7.1102,6.6872,5.9266,5.5577,5.1943,4.9814,4.9917
37.2,6.8595,6.9388,6.8966,6.7672,6.8263,6.8346,6.6764,5.975,5.5731,5.1832,5.0125,4.9507
37.28,6.7095,6.8638,6.9572,6.8287,6.868,6.6099,6.7088,5.985,5.554,5.1834,5.0072,4.8959
37.36,6.8529,6.8518,6.8178,6.7438,6.828,6.6249,6.7085,5.9552,5.5298,5.1303,5.0019,4.9077
37.44,6.9979,6.8898,6.7083,6.6546,6.8083,6.6557,6.676,5.9619,5.5163,5.0872,5.0078,4.9322
37.52,6.9869,6.9028,6.7151,6.7189,6.8757,6.6374,6.6791,5.9244,5.4721,5.0742,4.9353,4.9213
37.6,6.9933,6.8973,6.7296,6.7952,6.9077,6.585,6.6684,5.877,5.4017,5.0621,4.8403,4.9164
37.68,7.0393,6.804,6.7925,6.7669,6.8723,6.6646,6.5761,5.8547,5.3853,5.0866,4.8185,4.9165
37.76,7.0698,6.707,6.868,6.7342,6.836,6.7658,6.4952,5.8313,5.4024,5.089,4.8317,4.9176
37.84,6.9979,6.7566,6.8042,6.7165,6.7548,6.6142,6.5096,5.8844,5.4482,5.0973,5,4.9112
37.92,6.9554,6.8751,6.7668,6.7055,6.7099,6.4525,6.5626,5.9297,5.4846,5.136,5.1339,4.8696
38,6.8595,6.9081,6.844,6.6981,6.8395,6.5272,6.6496,5.9568,5.5006,5.1568,5.026,4.8185
38.08,6.746,6.8731,6.8646,6.705,6.9391,6.6485,6.7157,5.9957,5.5259,5.1662,4.9521,4.8136
38.16,6.7959,6.888,6.7457,6.7337,6.9122,6.6341,6.7104,5.9802,5.4715,5.1437,4.8696,4.9131
38.24,6.8355,6.9374,6.6333,6.7241,6.8885,6.6111,6.6892,5.9469,5.4072,5.1074,4.7858,5.0086
38.32,6.8559,6.9583,6.5996,6.7089,6.9072,6.6279,6.6504,5.9806,5.4038,5.1026,4.854,5.0041
38.4,6.8779,6.9668,6.5903,6.7413,6.9358,6.6327,6.6403,6.026,5.3927,5.1153,4.939,4.9809
38.48,6.8529,7.0061,6.7024,6.7368,6.8858,6.6594,6.68,5.9374,5.4134,5.1266,5.0166,4.9286
38.56,6.8577,6.9894,6.8027,6.6845,6.8454,6.6768,6.68,5.8633,5.4327,5.1235,5.0989,4.8716
38.64,6.8321,6.8022,6.7431,6.7269,6.8489,6.79,6.6332,5.8925,5.5113,5.0624,5.062,4.9247
38.72,6.7781,6.6848,6.6975,6.8145,6.8197,6.8643,6.6052,5.9277,5.6133,5.0127,4.9872,5.0021
38.8,6.7788,6.6554,6.7549,6.7737,6.7721,6.7341,6.6044,5.8955,5.472,5.0604,4.9507,4.9016
38.88,6.7911,6.6211,6.817,6.6998,6.7339,6.6851,6.6257,5.8291,5.3468,5.0967,4.9178,4.7897
38.96,6.9351,6.722,6.8349,6.6757,6.7731,6.6926,6.6567,5.875,5.4076,5.0855,4.9027,4.8556
39.04,7.1031,6.8255,6.8732,6.6559,6.8226,6.6936,6.6709,5.9376,5.437,5.0964,4.9176,4.9498
39.12,7.024,6.7957,6.8951,6.756,6.7301,6.6964,6.6786,5.8836,5.4224,5.1177,4.9052,4.9781
39.2,6.8992,6.7476,6.8595,6.8919,6.6364,6.6721,6.6776,5.8434,5.4035,5.1079,4.8869,4.9732
39.28,6.8868,6.7691,6.7241,6.7924,6.7533,6.703,6.5905,5.8574,5.3346,5.1087,4.9434,5.0083
39.36,6.9038,6.8301,6.6044,6.6434,6.8797,6.7431,6.5135,5.8694,5.3101,5.1385,4.9616,5.0284
39.44,6.9208,6.8552,6.6104,6.6627,6.752,6.7912,6.5905,5.8643,5.4145,5.1349,4.8503,4.913
39.52,6.9663,6.8064,6.6703,6.7122,6.6599,6.8089,6.6568,5.8329,5.5114,5.1275,4.7943,4.8481
39.6,6.9952,6.7592,6.7092,6.7147,6.6902,6.7828,6.6467,5.8108,5.5244,5.1322,4.8113,4.8656
39.68,6.9915,6.6881,6.8117,6.7548,6.7559,6.5917,6.6437,5.7814,5.4476,5.0575,4.8295,4.8491
39.76,6.9525,6.7929,6.8134,6.7693,6.6809,6.5326,6.6665,5.8208,5.4501,5.1318,4.7898,4.8746
39.84,6.9075,6.8906,6.8169,6.7841,6.6029,6.475,6.7149,5.892,5.4464,5.2116,4.7607,4.9039
39.92,6.9211,6.9224,6.7665,6.7692,6.678,6.4753,6.6883,5.8929,5.4123,5.1824,4.8107,4.9234
40,6.9538,6.9457,6.7236,6.7428,6.7637,6.497,6.6249,5.8557,5.3548,5.1161,4.8547,4.9348
40.08,6.8998,6.9694,6.7671,6.7238,6.7244,6.5917,6.6613,5.8158,5.3029,5.079,4.9226,4.8994
40.16,6.8411,6.9952,6.7852,6.7374,6.6882,6.6232,6.7307,5.8012,5.2963,5.047,4.9718,4.8524
40.24,6.8712,6.8692,6.8237,6.7455,6.7081,6.5457,6.7018,5.8141,5.3335,5.0579,4.9004,4.8527
40.32,6.9503,6.7805,6.8959,6.683,6.7519,6.5367,6.6543,5.8071,5.3437,5.1191,4.8412,4.8791
40.4,6.991,6.8033,6.9111,6.6405,6.7798,6.5564,6.6458,5.7939,5.3342,5.1489,4.8349,4.8893
40.48,7.0892,6.7099,6.6389,6.62,6.7969,6.6115,6.5703,5.8795,5.4369,5.1547,4.9556,4.8278
40.56,7.1358,6.6434,6.6649,6.6829,6.7692,6.6526,6.5775,5.8545,5.4443,5.1575,4.931,4.8877
40.64,7.1933,6.622,6.704,6.6796,6.7611,6.7157,6.6028,5.8651,5.4235,5.1602,4.8821,4.9738
40.72,7.0239,6.6307,6.6408,6.6388,6.7855,6.7624,6.6282,5.9134,5.406,5.1172,4.8379,4.956
40.8,6.8933,6.5968,6.5839,6.6374,6.8213,6.7746,6.6324,5.93,5.3976,5.0926,4.8129,4.9193
40.88,6.9287,6.6084,6.5951,6.6378,6.8512,6.6982,6.5405,5.8679,5.381,4.9997,4.8333,4.8867
40.96,6.9373,6.7034,6.6473,6.6074,6.8629,6.6029,6.4428,5.8114,5.3705,4.9034,4.8257,4.8864
41.04,6.895,6.8646,6.769,6.5508,6.7981,6.4795,6.5837,5.8784,5.3454,5.015,4.8074,4.849
41.12,6.8436,6.9734,6.8049,6.5311,6.7744,6.411,6.7672,5.9428,5.2952,5.1336,4.8417,4.762
41.2,6.8854,6.8836,6.7189,6.5752,6.8116,6.5587,6.7001,5.8982,5.3743,5.1169,4.8156,4.7582
41.28,6.945,6.7793,6.6697,6.586,6.8007,6.6873,6.6021,5.8057,5.4756,5.0991,4.7414,4.8015
41.36,6.9063,6.8671,6.7092,6.5986,6.7414,6.737,6.5733,5.7537,5.4406,5.0726,4.7364,4.8737
41.44,6.8641,6.9601,6.7629,6.6301,6.7038,6.7926,6.5373,5.7573,5.4004,5.0357,4.7582,4.926
41.52,6.8616,6.8719,6.7151,6.6708,6.6804,6.7815,6.5077,5.8394,5.3807,5.0035,4.832,4.9191
41.6,6.8638,6.7975,6.6567,6.7477,6.6575,6.7444,6.5227,5.9268,5.3841,4.9807,4.9176,4.8926
41.68,6.8535,6.8059,6.6368,6.7266,6.7329,6.5729,6.6443,5.7997,5.3313,5.0316,4.8327,4.7931
41.76,6.8207,6.8554,6.635,6.6718,6.7863,6.4401,6.6776,5.6774,5.2532,5.0707,4.7179,4.7417
41.84,6.8394,6.8847,6.746,6.7862,6.7071,6.5974,6.4233,5.6739,5.2813,5.0433,4.7829,4.7875
41.92,6.9014,6.8667,6.805,6.8573,6.6432,6.7205,6.2702,5.6609,5.3181,5.0259,4.8854,4.788
42,6.8576,6.8811,6.7534,6.7132,6.7072,6.6614,6.4434,5.7546,5.3078,4.9455,4.8583,4.7297
42.08,6.776,6.9267,6.7676,6.6638,6.7904,6.6542,6.6207,5.8459,5.3051,4.859,4.8031,4.7093
42.16,6.763,6.919,6.7367,6.7201,6.7268,6.6916,6.6159,5.8219,5.3385,4.909,4.7777,4.791
42.24,6.7441,6.8831,6.7032,6.7061,6.6492,6.7032,6.5898,5.8314,5.3765,4.9861,4.7527,4.8628
42.32,6.7825,6.8289,6.7198,6.7391,6.7975,6.6941,6.5608,5.8563,5.4132,5.04,4.7605,4.8509
42.4,6.8396,6.8011,6.6873,6.7832,6.9556,6.7027,6.5337,5.8392,5.4168,5.0822,4.7891,4.8399
42.48,6.903,6.8536,6.7297,6.6869,6.82,6.7,6.533,5.8328,5.3006,5.0471,4.8327,4.8205
42.56,6.9931,6.8572,6.81,6.6002,6.68,6.6355,6.5275,5.8469,5.2057,5.0163,4.8787,4.7961
42.64,7.0061,6.8202,6.7587,6.6319,6.7337,6.5421,6.5498,5.8735,5.3245,5.0381,4.8853,4.7985
42.72,6.9997,6.8178,6.6762,6.6784,6.7981,6.5294,6.5517,5.8835,5.4728,5.0678,4.8772,4.788
42.8,6.9294,6.8153,6.6766,6.6911,6.7393,6.6682,6.5349,5.8061,5.4309,5.1216,4.8244,4.8398
42.88,6.8164,6.8067,6.711,6.6886,6.6754,6.7783,6.5583,5.7452,5.3611,5.1531,4.7602,4.9058
42.96,6.8693,6.8336,6.7553,6.6861,6.6534,6.7708,6.5415,5.7601,5.4039,5.1345,4.7295,4.9334
43.04,7.0003,6.8729,6.792,6.6845,6.6475,6.756,6.5033,5.783,5.4662,5.1277,4.7325,4.9724
43.12,6.9606,6.8355,6.8012,6.6774,6.6768,6.6749,6.4867,5.7544,5.4548,5.088,4.7693,4.9324
43.2,6.8906,6.8267,6.7734,6.6883,6.6657,6.5819,6.4608,5.718,5.4331,5.0442,4.7857,4.8836
43.28,6.8716,6.8803,6.6911,6.7534,6.6643,6.482,6.5448,5.7712,5.3813,5.0127,4.7586,4.8506
43.36,6.8548,6.8869,6.6822,6.8034,6.7433,6.4061,6.6356,5.8072,5.3257,4.9862,4.7304,4.8122
43.44,6.8681,6.8662,6.7232,6.7126,6.8088,6.5281,6.4702,5.7594,5.2922,4.9501,4.7557,4.784
43.52,6.8505,6.8337,6.7163,6.6369,6.8013,6.6618,6.3327,5.7615,5.2685,4.9015,4.7907,4.754
43.6,6.8275,6.8079,6.7095,6.6483,6.7795,6.6685,6.3465,5.7952,5.2706,4.8907,4.794,4.7457
43.68,6.961,6.9576,6.9451,6.7972,6.7784,6.5129,6.5202,6.0416,5.1881,5.0487,4.7207,4.7261
43.76,6.8783,6.8804,6.8384,6.7399,6.7593,6.5817,6.5683,5.9244,5.2226,4.9842,4.7508,4.7326
43.84,6.7905,6.8213,6.7471,6.7027,6.7462,6.627,6.5992,5.7758,5.2621,4.8926,4.7741,4.7481
43.92,6.851,6.7548,6.7408,6.7303,6.7831,6.6136,6.667,5.7945,5.2665,4.8759,4.8018,4.8023
44,6.9371,6.7278,6.7231,6.7642,6.7909,6.5869,6.7047,5.8294,5.2816,4.89,4.8419,4.8427
44.08,6.9168,6.8089,6.7092,6.6955,6.8253,6.6025,6.5887,5.8122,5.2985,4.9349,4.8898,4.8538
44.16,6.8553,6.8436,6.6586,6.5957,6.8775,6.6571,6.5264,5.805,5.3195,4.9698,4.9511,4.8628
44.24,6.8368,6.8962,6.6213,6.6166,6.6461,6.5788,6.6448,5.8054,5.3306,4.965,4.8561,4.8884
44.32,6.8288,6.9385,6.6412,6.6554,6.4248,6.4714,6.7523,5.8355,5.3462,4.9532,4.765,4.9124
44.4,6.8156,6.9126,6.6592,6.6557,6.4166,6.4608,6.7598,5.8641,5.3567,4.9472,4.7736,4.9046
44.48,6.9065,6.8088,6.7046,6.5912,6.5788,6.4815,6.5582,5.8118,5.2763,4.9755,4.7319,4.7839
44.56,6.9528,6.7801,6.6695,6.7494,6.5997,6.5794,6.4837,5.844,5.2182,4.9425,4.7178,4.7855
44.64,6.9356,6.7327,6.6332,6.8594,6.6387,6.6581,6.4193,5.8612,5.1679,4.896,4.722,4.788
44.72,6.9547,6.7768,6.7127,6.8542,6.7531,6.5912,6.4628,5.783,5.1949,4.9665,4.7766,4.7954
44.8,6.9708,6.7986,6.7918,6.8757,6.8262,6.5223,6.473,5.729,5.2318,5.0603,4.8423,4.7998
44.88,6.8708,6.8999,6.8387,6.8375,6.7314,6.4668,6.5111,5.8073,5.2369,5.0046,4.8005,4.8599
44.96,6.8282,7.0582,6.8729,6.7871,6.6762,6.433,6.6319,5.8698,5.2469,4.9433,4.7633,4.912
45.04,6.8439,6.9825,6.8892,6.7791,6.7138,6.5406,6.5892,5.7843,5.3129,4.9492,4.7281,4.7649
45.12,6.7843,6.8386,6.9278,6.7695,6.7318,6.6361,6.5,5.7016,5.4043,4.9343,4.6776,4.6443
45.2,6.6962,6.7705,6.8791,6.7147,6.8391,6.6329,6.4713,5.6937,5.379,4.9592,4.7881,4.741
45.28,6.628,6.7564,6.8255,6.6926,6.9521,6.6339,6.4256,5.6949,5.3208,5.0134,4.8959,4.8225
45.36,6.6621,6.8095,6.8238,6.7706,6.9144,6.6949,6.4293,5.7348,5.3261,4.9662,4.8033,4.7955
45.44,6.7373,6.85,6.7768,6.8394,6.8814,6.7399,6.4753,5.7747,5.3342,4.9034,4.7292,4.7868
45.52,6.7753,6.8444,6.767,6.8276,6.8079,6.6914,6.464,5.7709,5.3206,4.853,4.7435,4.7601
45.6,6.792,6.8379,6.7838,6.7919,6.7386,6.6711,6.4166,5.771,5.3227,4.8043,4.7697,4.7169
45.68,6.8544,6.8043,6.8167,6.7564,6.7737,6.6716,6.4183,5.726,5.2967,4.8386,4.8055,4.7333
45.76,6.9016,6.7236,6.8856,6.6694,6.779,6.6537,6.4322,5.7043,5.2307,4.8572,4.8369,4.7603
45.84,6.817,6.8024,6.9063,6.6731,6.7521,6.6099,6.4476,5.8003,5.2345,4.8042,4.8218,4.7001
45.92,6.7824,6.9495,6.877,6.8137,6.7288,6.5855,6.4862,5.843,5.2904,4.8001,4.7798,4.6367
46,6.8646,6.9216,6.7762,6.8632,6.7881,6.6536,6.4871,5.7754,5.3022,4.8121,4.7879,4.6087
46.08,6.8707,6.8741,6.7135,6.8292,6.8951,6.7126,6.4529,5.761,5.2917,4.8085,4.8037,4.5743
46.16,6.8447,6.7829,6.7056,6.7791,6.8036,6.6734,6.4085,5.7767,5.2731,4.8237,4.7624,4.6582
46.24,6.8477,6.6825,6.6971,6.7142,6.6919,6.5916,6.3871,5.748,5.2602,4.8336,4.7523,4.7715
46.32,6.9011,6.6788,6.6697,6.6501,6.8473,6.518,6.404,5.7269,5.2947,4.938,4.8246,4.8344
46.4,6.9944,6.7258,6.626,6.6117,7.0012,6.5025,6.4366,5.7397,5.3312,5.0425,4.8669,4.8717
46.48,6.9392,6.8509,6.703,6.5943,6.8975,6.602,6.4708,5.8039,5.3429,4.9757,4.8231,4.855
46.56,6.8408,6.9115,6.7793,6.5964,6.8109,6.6854,6.4572,5.8674,5.3434,4.9164,4.7736,4.8482
46.64,6.9712,6.8247,6.7685,6.5763,6.7666,6.5571,6.5084,5.8599,5.3104,4.9835,4.7828,4.8078
46.72,7.1223,6.7738,6.7784,6.5145,6.713,6.4451,6.5782,5.8195,5.2467,5.0243,4.8146,4.761
46.8,6.9587,6.8594,6.8476,6.5356,6.7591,6.4946,6.5061,5.7823,5.2867,4.9374,4.8133,4.7509
46.88,6.8411,6.9535,6.912,6.5898,6.7782,6.5375,6.4531,5.7779,5.4036,4.8638,4.8092,4.7625
46.96,6.8944,6.9123,6.8539,6.6255,6.7248,6.5371,6.4816,5.7993,5.3911,4.8996,4.7545,4.7224
47.04,6.8933,6.8561,6.7845,6.6668,6.7205,6.5428,6.5184,5.8047,5.335,4.9341,4.7051,4.671
47.12,6.9193,6.8763,6.8135,6.6677,6.6727,6.574,6.4602,5.7495,5.3147,4.8819,4.7262,4.6994
47.2,6.9554,6.9174,6.8361,6.6332,6.6003,6.5666,6.396,5.7103,5.3174,4.8646,4.7343,4.7132
47.28,6.9496,6.9236,6.8132,6.6653,6.6814,6.4773,6.4011,5.7201,5.345,4.9031,4.7546,4.7261
47.36,6.9728,6.9152,6.7866,6.7226,6.7784,6.4415,6.3868,5.6971,5.3326,4.9148,4.792,4.7612
47.44,6.9905,6.9137,6.8073,6.6714,6.7734,6.5417,6.4282,5.7125,5.2263,4.8942,4.8466,4.7747
47.52,6.9656,6.8794,6.8739,6.6129,6.7679,6.6354,6.4473,5.7583,5.1559,4.8848,4.8755,4.7617
47.6,6.9408,6.8486,6.9046,6.6087,6.7744,6.6481,6.4158,5.7651,5.165,4.8908,4.8562,4.7439
47.68,6.9803,6.7308,6.7486,6.8141,6.7931,6.6797,6.3592,5.7926,5.3335,4.928,4.6996,4.6377
47.76,6.8894,6.7435,6.8052,6.799,6.7076,6.5916,6.357,5.7565,5.2554,4.8975,4.765,4.6905
47.84,6.795,6.7762,6.8664,6.7442,6.6111,6.4989,6.3553,5.7339,5.1683,4.8478,4.7854,4.743
47.92,6.7618,6.8658,6.8118,6.6381,6.6505,6.533,6.3305,5.719,5.1505,4.8564,4.7676,4.7096
48,6.7224,6.9258,6.794,6.6124,6.6816,6.5581,6.3078,5.672,5.1403,4.8892,4.7886,4.6733
48.08,6.7247,6.8562,6.8395,6.7061,6.7411,6.5321,6.3683,5.7261,5.1601,4.8578,4.7752,4.7446
48.16,6.7605,6.804,6.8868,6.7499,6.8296,6.5243,6.399,5.7738,5.1729,4.8279,4.7654,4.8207
48.24,6.7788,6.8155,6.8364,6.7543,6.7556,6.5806,6.3626,5.6969,5.1683,4.8656,4.8059,4.7733
48.32,6.7739,6.8495,6.739,6.7796,6.6624,6.6754,6.3589,5.654,5.2139,4.8946,4.8033,4.7071
48.4,6.7671,6.8714,6.7139,6.7941,6.6524,6.7123,6.3712,5.6653,5.2498,4.8914,4.7771,4.6925
48.48,6.9856,6.8912,6.6301,6.7639,6.5335,6.6783,6.467,5.7247,5.2909,4.8734,4.6437,4.6424
48.56,6.9329,6.8569,6.6958,6.7086,6.5983,6.5948,6.5117,5.7297,5.2334,4.8417,4.6961,4.7142
48.64,6.8771,6.8607,6.7476,6.6724,6.6948,6.4992,6.5107,5.7501,5.2001,4.8027,4.7665,4.7924
48.72,6.9179,6.8369,6.6722,6.67,6.7511,6.5773,6.4199,5.7752,5.2429,4.8101,4.7859,4.7685
48.8,6.9771,6.7811,6.6222,6.666,6.7672,6.6811,6.3486,5.7722,5.2685,4.8607,4.7757,4.7426
48.88,7.0596,6.8123,6.6345,6.6621,6.7674,6.7337,6.3373,5.6472,5.2464,4.9486,4.8029,4.6827
48.96,7.125,6.8566,6.6233,6.6826,6.8012,6.7767,6.3137,5.5572,5.2425,4.9667,4.857,4.6194
49.04,7.0075,6.8266,6.6234,6.6924,6.7127,6.7255,6.3346,5.6546,5.2632,4.9911,4.8096,4.7084
49.12,6.9063,6.7993,6.6591,6.6786,6.5807,6.6345,6.3966,5.7336,5.2803,5.0582,4.7393,4.8154
49.2,6.9392,6.7875,6.6932,6.6312,6.6224,6.6133,6.3066,5.6459,5.2414,4.9092,4.7038,4.7181
49.28,6.943,6.7874,6.7226,6.6134,6.6875,6.6456,6.1718,5.5751,5.1681,4.7751,4.6967,4.6098
49.36,6.9121,6.7906,6.7096,6.6321,6.6488,6.6349,6.2201,5.7122,5.1625,4.8179,4.7339,4.6672
49.44,6.8975,6.7868,6.6913,6.607,6.6465,6.6114,6.2945,5.8367,5.2008,4.8526,4.7477,4.7244
49.52,6.9505,6.7949,6.717,6.6412,6.7145,6.6065,6.2715,5.7571,5.1891,4.8795,4.7302,4.7046
49.6,7.0024,6.7992,6.7506,6.6937,6.7475,6.6086,6.2814,5.703,5.1839,4.9104,4.7317,4.6839
49.68,6.9468,6.8988,6.8216,6.7544,6.7368,6.585,6.2522,5.6998,5.219,4.8608,4.8159,4.6668
49.76,6.9007,7.0292,6.884,6.8409,6.711,6.5166,6.168,5.7076,5.2266,4.8049,4.8871,4.6644
49.84,7.0069,6.9752,6.7644,6.8461,6.749,6.4615,6.2489,5.7271,5.2294,4.8042,4.8327,4.7021
49.92,7.0952,6.8469,6.6462,6.8309,6.8051,6.4601,6.3736,5.7084,5.2447,4.8308,4.7875,4.7283
50,6.8442,6.7721,6.6855,6.6905,6.7457,6.4836,6.4165,5.6402,5.2142,4.9119,4.6891,4.6499
50.08,6.6275,6.7772,6.7096,6.5593,6.6979,6.4688,6.4277,5.5984,5.1723,4.9624,4.5999,4.605
50.16,6.7103,6.7839,6.7282,6.5884,6.7759,6.5025,6.4272,5.6888,5.1756,4.9312,4.6347,4.6188
50.24,6.7789,6.764,6.7657,6.6201,6.864,6.5788,6.4343,5.7685,5.2093,4.905,4.6637,4.5917
50.32,6.7552,6.8101,6.7819,6.6188,6.8311,6.52,6.4326,5.7263,5.2893,4.8958,4.7185,4.655
50.4,6.742,6.8353,6.7905,6.617,6.7824,6.4389,6.4322,5.6735,5.3394,4.9066,4.78,4.7322
50.48,6.7654,6.8401,6.6701,6.5927,6.7663,6.5258,6.3511,5.6504,5.2389,4.9145,4.7578,4.7336
50.56,6.8059,6.8847,6.5674,6.561,6.737,6.612,6.2877,5.6553,5.1587,4.8769,4.7337,4.742
50.64,6.9043,6.7982,6.6973,6.7108,6.6431,6.6027,6.3575,5.6893,5.1245,4.8395,4.7192,4.6809
50.72,6.9822,6.6648,6.8614,6.8538,6.5757,6.5765,6.4268,5.6779,5.0596,4.8349,4.6889,4.6014
50.8,6.902,6.6726,6.827,6.7489,6.6118,6.6004,6.4082,5.5866,5.0921,4.8385,4.7162,4.6412
50.88,6.8227,6.7286,6.7102,6.6819,6.6423,6.6786,6.3746,5.5352,5.1687,4.8402,4.7551,4.699
50.96,6.8494,6.8228,6.6591,6.712,6.6556,6.6302,6.3934,5.5771,5.1662,4.8308,4.7571,4.6799
51.04,6.8791,6.9091,6.6612,6.7029,6.6701,6.5593,6.4094,5.6441,5.1216,4.8214,4.7606,4.6669
51.12,6.8548,6.9581,6.684,6.6652,6.7457,6.6325,6.4152,5.6754,5.1276,4.8245,4.742,4.6389
51.2,6.8304,6.9961,6.6882,6.673,6.7865,6.7229,6.4085,5.6859,5.1647,4.8355,4.7395,4.604
51.28,6.8634,7.0674,6.721,6.6401,6.7651,6.7396,6.3827,5.6964,5.2039,4.8717,4.792,4.6502
51.36,6.9497,7.1329,6.761,6.5808,6.7707,6.7188,6.4098,5.6623,5.2391,4.8938,4.8005,4.7196
51.44,6.9446,6.9726,6.7957,6.5737,6.7142,6.6063,6.4089,5.6558,5.204,4.8485,4.7558,4.6749
51.52,6.8584,6.8252,6.8441,6.5533,6.6957,6.4901,6.3549,5.6921,5.1914,4.801,4.7525,4.6014
51.6,6.8248,6.8232,6.8552,6.5363,6.7303,6.4686,6.333,5.7007,5.2159,4.7921,4.763,4.5905
51.68,6.9415,6.6612,6.7132,6.6044,6.7676,6.3201,6.3945,5.7028,5.2119,4.942,4.7166,4.6231
51.76,6.8564,6.7143,6.8062,6.5121,6.676,6.4593,6.4213,5.6991,5.2226,4.947,4.7088,4.6926
51.84,6.8251,6.8042,6.9231,6.4393,6.592,6.5876,6.4224,5.7083,5.2453,4.898,4.6899,4.7586
51.92,6.8779,6.9046,6.8697,6.5496,6.6546,6.5294,6.3809,5.7161,5.2715,4.8497,4.7209,4.7499
52,6.8791,6.9915,6.7987,6.631,6.7147,6.5414,6.3386,5.7031,5.2847,4.8378,4.7717,4.7317
52.08,6.8461,6.9435,6.7657,6.6736,6.7258,6.5845,6.3367,5.6726,5.2019,4.9009,4.7909,4.717
52.16,6.8332,6.8895,6.7292,6.7397,6.7823,6.5736,6.3336,5.6451,5.1307,4.904,4.7813,4.6959
52.24,6.8045,6.8831,6.7064,6.6688,6.7744,6.5922,6.2903,5.6876,5.1207,4.835,4.7941,4.7167
52.32,6.7625,6.9139,6.7198,6.6267,6.7242,6.6045,6.2619,5.729,5.1502,4.8189,4.8236,4.7607
52.4,6.7487,6.95,6.741,6.6568,6.7139,6.587,6.2689,5.7214,5.1845,4.8278,4.8248,4.7695
52.48,6.9898,6.7985,6.7043,6.6363,6.7956,6.6409,6.3617,5.5198,5.2769,4.8221,4.6076,4.6007
52.56,6.9158,6.7461,6.7502,6.5806,6.8137,6.5564,6.3169,5.5489,5.2287,4.8511,4.6458,4.6085
52.64,6.8075,6.7376,6.8271,6.5675,6.8427,6.469,6.261,5.5395,5.1978,4.8694,4.6821,4.6474
52.72,6.7946,6.8375,6.7591,6.6136,6.7576,6.4331,6.2547,5.5638,5.2272,4.8357,4.7423,4.6643
52.8,6.7921,6.8961,6.676,6.6611,6.6834,6.4104,6.2488,5.6217,5.2387,4.8136,4.7959,4.6739
52.88,6.8735,6.8656,6.7362,6.7109,6.7181,6.5213,6.2415,5.5883,5.1506,4.7687,4.7573,4.7059
52.96,6.9609,6.8521,6.7752,6.7301,6.7646,6.5992,6.2506,5.5269,5.0977,4.7246,4.7227,4.6785
53.04,6.9548,6.788,6.7405,6.6516,6.7534,6.5906,6.2963,5.5397,5.0877,4.7554,4.6979,4.5962
53.12,6.9268,6.7438,6.7556,6.6327,6.7127,6.6138,6.3212,5.5508,5.0879,4.7989,4.71,4.5641
53.2,6.8952,6.8925,6.7765,6.6387,6.6645,6.5551,6.2778,5.6049,5.1506,4.8526,4.691,4.6459
53.28,6.897,7.0209,6.7729,6.5785,6.6219,6.4775,6.2515,5.6886,5.1727,4.8714,4.615,4.7339
53.36,6.9115,6.914,6.7194,6.5707,6.6506,6.4547,6.2407,5.6507,5.144,4.8285,4.6632,4.6936
53.44,6.9187,6.805,6.6512,6.5914,6.6585,6.4595,6.2077,5.6078,5.1203,4.7978,4.7484,4.6539
53.52,6.8913,6.8102,6.6718,6.5911,6.6295,6.5883,6.2163,5.5685,5.1171,4.7756,4.7297,4.678
53.6,6.8315,6.8323,6.7137,6.594,6.6358,6.7107,6.2687,5.5023,5.1359,4.7628,4.7039,4.6743
53.68,6.806,6.8088,6.729,6.6252,6.5902,6.689,6.2833,5.4851,5.1868,4.7354,4.6743,4.6434
53.76,6.8201,6.7911,6.7413,6.6553,6.5804,6.6555,6.2586,5.5116,5.2417,4.7324,4.6166,4.6333
53.84,6.9137,6.8765,6.8416,6.6283,6.7044,6.6543,6.2563,5.52,5.215,4.8782,4.5987,4.628
53.92,7.0011,6.9371,6.9545,6.6277,6.7571,6.6515,6.24,5.5174,5.1605,4.9802,4.6186,4.6448
54,6.8428,6.7781,6.8759,6.6007,6.6506,6.5698,6.2071,5.6712,5.0881,4.8884,4.6655,4.6429
54.08,6.6625,6.6476,6.7703,6.5414,6.5713,6.5003,6.224,5.8381,5.0209,4.8182,4.7077,4.6176
54.16,6.7161,6.7081,6.7301,6.5257,6.6255,6.4932,6.2815,5.7511,4.9895,4.7865,4.7048,4.619
54.24,6.803,6.7582,6.7041,6.5219,6.6904,6.4866,6.308,5.6382,4.9688,4.7588,4.6943,4.623
54.32,6.7988,6.7974,6.7298,6.5421,6.7424,6.5236,6.2863,5.6601,5.0587,4.7803,4.7004,4.6271
54.4,6.7833,6.8635,6.7713,6.5594,6.7697,6.5728,6.2625,5.6897,5.1588,4.808,4.7087,4.6154
54.48,6.8514,6.8788,6.7435,6.6563,6.6896,6.6357,6.2994,5.7049,5.1388,4.8304,4.7116,4.6315
54.56,6.907,6.8256,6.6721,6.7346,6.6173,6.6886,6.3435,5.7038,5.14,4.8611,4.7198,4.6673
54.64,6.9176,6.7708,6.6995,6.7148,6.7029,6.6412,6.3634,5.6669,5.1712,4.8011,4.7644,4.6608
54.72,6.9461,6.7854,6.7683,6.7471,6.8085,6.5537,6.3904,5.6869,5.1455,4.7202,4.8256,4.6425
54.8,6.8411,6.7782,6.7501,6.7262,6.7548,6.5148,6.2844,5.7217,5.0679,4.759,4.7658,4.6313
54.88,6.7517,6.7414,6.7414,6.67,6.711,6.5514,6.1566,5.7092,5.0343,4.8232,4.6773,4.6224
54.96,6.7388,6.7761,6.8259,6.717,6.7208,6.6459,6.109,5.6848,5.0299,4.809,4.6794,4.5461
55.04,6.704,6.8443,6.8806,6.7768,6.7184,6.6963,6.0784,5.6656,5.0208,4.7698,4.6717,4.4698
55.12,6.7627,6.8618,6.7909,6.7945,6.609,6.6726,6.1503,5.6189,5.0742,4.8125,4.6288,4.4983
55.2,6.814,6.8533,6.7206,6.7894,6.5017,6.6575,6.2416,5.5854,5.1129,4.854,4.6365,4.5309
55.28,6.7732,6.8789,6.7179,6.8163,6.6475,6.6557,6.2539,5.5921,5.0831,4.799,4.6817,4.5573
55.36,6.7805,6.9124,6.735,6.9014,6.7716,6.6559,6.2541,5.5981,5.0642,4.7846,4.7166,4.5927
55.44,6.7808,6.9479,6.6247,6.8531,6.798,6.611,6.2318,5.6445,5.0886,4.8128,4.6901,4.5721
55.52,6.7385,6.9836,6.4731,6.7366,6.8856,6.5403,6.1907,5.6638,5.1064,4.7978,4.6224,4.5419
55.6,6.7277,6.9914,6.453,6.7056,6.9177,6.5176,6.1733,5.6391,5.1025,4.7801,4.5976,4.5377
55.68,6.9303,6.7794,6.6389,6.6632,6.7145,6.526,6.0998,5.5282,4.9453,4.6399,4.637,4.6552
55.76,6.895,6.7973,6.624,6.7221,6.5895,6.5344,6.2244,5.5691,5.0054,4.6549,4.6474,4.6165
55.84,6.8522,6.8167,6.6248,6.776,6.494,6.526,6.3075,5.5826,5.0764,4.6913,4.6799,4.5869
55.92,6.9252,6.8245,6.744,6.7359,6.5586,6.5249,6.2797,5.5065,5.071,4.7338,4.6277,4.5999
56,6.9933,6.8439,6.8592,6.6924,6.6509,6.548,6.3025,5.4637,5.0663,4.7998,4.5605,4.5992
56.08,6.9744,6.8702,6.7929,6.7347,6.6334,6.6081,6.2649,5.4875,5.1454,4.7848,4.636,4.6123
56.16,6.9635,6.9056,6.6917,6.7941,6.5898,6.6589,6.2044,5.4818,5.1996,4.7592,4.7241,4.6296
56.24,6.8921,6.8524,6.7014,6.8223,6.5979,6.562,6.2213,5.5265,5.1964,4.7785,4.6319,4.6552
56.32,6.8279,6.7561,6.7745,6.8334,6.5779,6.468,6.2758,5.6114,5.2041,4.7694,4.5356,4.6747
56.4,6.8339,6.7266,6.8034,6.8276,6.5483,6.4735,6.3049,5.635,5.1988,4.7534,4.5342,4.6694
56.48,6.7891,6.6004,6.7207,6.7429,6.6499,6.5186,6.2327,5.6772,5.0867,4.8359,4.7241,4.6435
56.56,6.7885,6.678,6.6695,6.6566,6.7437,6.4701,6.2172,5.7362,5.0937,4.8093,4.7258,4.5948
56.64,6.803,6.7782,6.6375,6.5807,6.8128,6.4282,6.2042,5.7371,5.097,4.7836,4.7211,4.5604
56.72,6.8981,6.7932,6.6582,6.618,6.6838,6.5042,6.2207,5.6661,5.0926,4.7868,4.7386,4.583
56.8,6.9662,6.7824,6.7099,6.6309,6.5537,6.5928,6.2733,5.633,5.0587,4.7943,4.7635,4.5922
56.88,6.9334,6.8283,6.7718,6.6764,6.6014,6.5989,6.2592,5.5931,5.0417,4.7908,4.749,4.5694
56.96,6.9187,6.8677,6.8021,6.7253,6.6663,6.592,6.2452,5.5527,5.0689,4.7658,4.7227,4.5478
57.04,7.0266,6.819,6.7356,6.6627,6.6346,6.5098,6.2877,5.4809,5.1134,4.7586,4.6635,4.6445
57.12,7.1236,6.816,6.6831,6.6352,6.5671,6.4633,6.2694,5.4004,5.1179,4.7796,4.6226,4.7363
57.2,6.9446,6.8549,6.626,6.6223,6.6468,6.5685,6.0996,5.4127,5.1273,4.7772,4.6438,4.6404
57.28,6.8042,6.8582,6.57,6.5809,6.7653,6.6287,5.9728,5.4333,5.1573,4.7602,4.6739,4.5795
57.36,6.9239,6.8062,6.6837,6.5838,6.7671,6.548,6.1201,5.4818,5.1634,4.7802,4.6905,4.6324
57.44,7.0212,6.7473,6.7766,6.6106,6.7556,6.4911,6.2918,5.5403,5.1824,4.8206,4.6848,4.6695
57.52,6.907,6.743,6.7528,6.6126,6.7183,6.4727,6.2792,5.5339,5.1835,4.8373,4.6847,4.6785
57.6,6.8132,6.7218,6.7744,6.5893,6.706,6.45,6.2669,5.5403,5.1881,4.8203,4.6845,4.642
57.68,6.8737,6.6665,6.8096,6.6193,6.803,6.4612,6.2519,5.5102,5.1212,4.8118,4.6406,4.5371
57.76,6.9277,6.6905,6.8417,6.6677,6.8529,6.4889,6.2049,5.4526,5.0187,4.8169,4.6062,4.4993
57.84,6.8926,6.7697,6.8134,6.6421,6.7666,6.5312,6.2635,5.4054,4.9799,4.7525,4.6651,4.6158
57.92,6.8211,6.7884,6.7291,6.6144,6.7001,6.5647,6.3569,5.3922,4.9611,4.7186,4.7488,4.707
58,6.8052,6.8441,6.676,6.626,6.6933,6.5178,6.3124,5.5509,5.0401,4.7526,4.7291,4.6324
58.08,6.8315,6.8845,6.663,6.6212,6.7048,6.473,6.2514,5.6593,5.1314,4.7835,4.6796,4.5725
58.16,6.822,6.8485,6.665,6.6433,6.7104,6.466,6.1955,5.6117,5.1054,4.8229,4.6376,4.6286
58.24,6.8065,6.8339,6.6614,6.6747,6.6977,6.4434,6.1257,5.5835,5.0687,4.815,4.6118,4.6691
58.32,6.8321,6.8261,6.7178,6.6898,6.6988,6.4652,6.1152,5.554,5.0802,4.8056,4.6141,4.6598
58.4,6.8494,6.8412,6.7732,6.7188,6.7088,6.4983,6.129,5.5656,5.1124,4.8234,4.6093,4.681
58.48,6.7862,6.8581,6.8022,6.6563,6.7108,6.4902,6.1983,5.5486,5.0884,4.7953,4.6111,4.695
58.56,6.7407,6.8759,6.8526,6.5922,6.6882,6.4663,6.2684,5.504,5.0196,4.7637,4.6267,4.6749
58.64,6.8559,6.8937,6.9135,6.5872,6.6832,6.4782,6.321,5.5522,5.0582,4.7501,4.5868,4.6431
58.72,6.9645,6.8685,6.9449,6.5517,6.7306,6.5248,6.3621,5.5698,5.1345,4.7305,4.5113,4.6096
58.8,6.9009,6.8098,6.7732,6.5338,6.6968,6.5608,6.2621,5.4851,5.14,4.7246,4.5609,4.58
58.88,6.8432,6.7893,6.5999,6.5567,6.6258,6.5869,6.1627,5.4414,5.1353,4.7398,4.6353,4.5643
58.96,6.8595,6.8556,6.5785,6.5637,6.7186,6.5651,6.1925,5.4325,5.129,4.7361,4.6637,4.5385
59.04,6.8582,6.9261,6.5752,6.5584,6.8113,6.5217,6.2263,5.408,5.1011,4.7152,4.707,4.525
59.12,6.8859,6.944,6.6508,6.5584,6.697,6.5146,6.2164,5.4341,5.0419,4.7213,4.7131,4.497
59.2,6.9421,6.9499,6.72,6.5538,6.6137,6.4917,6.218,5.4656,5.0251,4.7292,4.7082,4.4705
59.28,6.9267,6.9507,6.7083,6.5492,6.6451,6.4311,6.241,5.5487,5.0983,4.7714,4.6663,4.5554
59.36,6.8828,6.9455,6.6924,6.5238,6.6624,6.443,6.2421,5.6366,5.1898,4.8559,4.613,4.623
59.44,6.9265,6.8523,6.6056,6.6349,6.6583,6.539,6.1991,5.6325,5.1073,4.8519,4.6002,4.6797
59.52,7.0021,6.7545,6.5599,6.8023,6.651,6.561,6.1797,5.6348,4.9554,4.7776,4.593,4.7343
59.6,7.0203,6.7475,6.5873,6.8313,6.6496,6.5299,6.1869,5.6401,4.9151,4.7437,4.5883,4.7218
59.68,6.8116,6.8315,6.822,6.6801,6.6673,6.7047,6.2561,5.5059,5.0207,4.7872,4.7273,4.5099
59.76,6.8267,6.8101,6.823,6.7015,6.7724,6.6745,6.2356,5.4906,5.0752,4.8006,4.7552,4.5981
59.84,6.8603,6.7729,6.8086,6.7176,6.8907,6.6078,6.2101,5.4533,5.098,4.8431,4.7711,4.6462
59.92,6.8598,6.785,6.767,6.6422,6.8489,6.5679,6.155,5.4466,5.0785,4.8013,4.6996,4.6655
60,6.8458,6.8139,6.7806,6.5782,6.7982,6.5735,6.1253,5.455,5.0834,4.7249,4.6367,4.7062
