"file","Roi group","Roi tags","Roi name","12C14N mean","12C14N stddev","12C14N median","area","12C22H mean","12C22H stddev","12C22H median","12C15N/12C14N mean","12C15N/12C14N stddev","12C15N/12C14N median","12C22H/12C21H mean","12C22H/12C21H stddev","12C22H/12C21H median"
"azd_fib_2_2023-01-20_hO1c9-5027.nrrd","background","null","1",340.1684210526316,49.58354154058118,329.0,760.0,0.6473684210526316,0.7746772347073252,0.0,37.245531737177,33.25710576739898,31.201324462890625,1.9889487668087609,2.3698988779053143,0.0
"azd_fib_2_2023-01-20_hO1c9-5027.nrrd","background","null","2",189.48329621380847,19.473626490698326,188.0,898.0,0.3040089086859688,0.5466076265077576,0.0,39.05935170655792,45.84664513619688,44.84305191040039,1.773426445661515,3.178195121054878,0.0
"azd_fib_2_2023-01-20_hO1c9-5027.nrrd","nuclei","airway","3",2492.323907455013,189.0536332812924,2489.0,389.0,1.082262210796915,0.9914162644514215,1.0,55.96085390517521,15.757328864775726,54.6021842956543,3.270700886194381,2.9903034921878477,2.992220163345337
"azd_fib_2_2023-01-20_hO1c9-5027.nrrd","nuclei","airway","4",2017.8994515539305,247.546870797142,2021.0,547.0,1.0274223034734917,1.036502877519421,1.0,66.63105277736183,20.458623709566105,65.07592010498047,3.891791814424002,3.945889841662027,3.675119400024414
"azd_fib_2_2023-01-20_hO1c9-5027.nrrd","nuclei","airway","5",1378.2507288629738,197.53689741440834,1354.0,343.0,0.5889212827988338,0.7590350539228934,0.0,64.56466218542427,22.48820581325679,63.25110626220703,3.188778412932905,4.089625869123711,0.0
"azd_fib_2_2023-01-20_hO1c9-5027.nrrd","nuclei","airway","6",2047.470715835141,196.90537815133757,2049.0,461.0,0.7483731019522777,0.8732887363375601,1.0,54.80945202585415,16.59974876801304,53.63036346435547,2.9198937074739866,3.4150454281345968,3.50262713432312
"azd_fib_2_2023-01-20_hO1c9-5027.nrrd","nuclei","fibrosis","7",805.702005730659,89.59065608022426,804.0,349.0,0.3438395415472779,0.5691778074362617,0.0,73.03186924614674,31.70978701643005,70.01166534423828,3.797854038227595,6.336448536558423,0.0
"azd_fib_2_2023-01-20_hO1c9-5027.nrrd","nuclei","fibrosis","8",1531.706036745407,290.94996439121843,1580.0,381.0,0.5905511811023622,0.7541568736919125,0.0,53.561456150895964,20.358705996426856,53.28596878051758,3.178355429741967,4.1220189868448545,0.0
"azd_fib_2_2023-01-20_hO1c9-5027.nrrd","nuclei","fibrosis","9",1819.521387283237,207.26535107762822,1813.0,865.0,0.8173410404624277,0.92241874855033,1.0,67.54885606159364,20.847328599017487,66.07929992675781,3.256464134888842,3.692838327676083,3.6429872512817383
"azd_fib_2_2023-01-20_hO1c9-5027.nrrd","nuclei","fibrosis","10",1597.071953010279,159.49164404768385,1593.0,681.0,1.2422907488986785,1.1330736609872787,1.0,83.51195247162806,22.555729281613438,82.11143493652344,6.02579384508287,5.423575154165703,5.060729026794434
"azd_fib_2_2023-01-20_hO1c9-5027.nrrd","nuclei","fibrosis","11",2665.1,282.07441956173807,2709.0,340.0,1.0323529411764707,1.0568558557550936,1.0,52.75228025212007,15.403863980274293,52.381622314453125,3.1615520147716296,3.2390255632570644,3.014772415161133
"azd_fib_2_2023-01-20_hO1c9-5027.nrrd","nuclei","airway","12",2712.8960396039606,321.31358821918343,2739.5,202.0,1.1633663366336633,1.1581614158353735,1.0,53.15579650425675,14.646992037624893,50.65856170654297,3.248451243532766,3.253091240574237,2.8019161224365234
"azd_fib_2_2023-01-20_hO1c9-5027.nrrd","nuclei","airway","13",2612.3327922077924,418.91506168513735,2645.5,616.0,1.0503246753246753,1.0354999068161015,1.0,53.40084388968232,14.9760783209059,52.804840087890625,2.998962787064639,2.928298020326066,2.823265552520752
"azd_fib_2_2023-01-20_hO1c9-5027.nrrd","nuclei","fibrosis","14",2778.6457990115323,452.9652156025382,2813.0,607.0,1.0345963756177925,1.0749729262935277,1.0,54.7432301912512,16.44892194476087,53.25443649291992,3.129917122779607,3.172837291426294,3.0740854740142822
"azd_fib_2_2023-01-20_hO1c9-5027.nrrd","nuclei","alveolar","15",2254.8433451118963,746.2172183666833,2517.0,849.0,1.0035335689045937,1.0455371234562174,1.0,51.2731848987449,18.482929279887973,49.487449645996094,3.0499711596923667,3.095926136393923,2.828054428100586
"azd_fib_2_2023-01-20_hO1c9-5027.nrrd","nuclei","fibrosis","16",1449.4303797468353,272.32701320363685,1534.0,395.0,0.8911392405063291,0.9589532514314207,1.0,93.91003514060492,26.534138483575006,93.40338134765625,4.9271843572206135,5.2832741709708,5.252100944519043
"azd_fib_2_2023-01-20_hO1c9-5027.nrrd","nuclei","fibrosis","17",1018.5753968253969,257.29328646175657,1063.0,504.0,0.6011904761904762,0.7911529771347614,0.0,67.47353007301452,25.5089905718192,65.92510986328125,3.7782846774373735,4.9818765296877965,0.0
"azd_fib_2_2023-01-20_hO1c9-5027.nrrd","nuclei","fibrosis","18",532.918918918919,132.89430187921715,510.0,1073.0,0.2385834109972041,0.48955760449621316,0.0,62.66549060284702,37.26479252987552,57.581573486328125,2.4688221010668525,5.110308337979392,0.0
"azd_fib_2_2023-01-20_hO1c9-5027.nrrd","nuclei","fibrosis","19",2013.608832807571,207.29056454547737,2001.0,317.0,1.025236593059937,0.9772703318128104,1.0,80.05257959696773,21.17694864683266,79.26023864746094,4.523141973026167,4.265046890642778,4.359198093414307
"azd_fib_2_2023-01-20_hO1c9-5027.nrrd","nuclei","fibrosis","20",2413.5140449438204,307.47430411256784,2354.5,356.0,1.401685393258427,1.1598433463480025,1.0,86.71335023172786,21.602478598295956,86.04354095458984,4.6895476124259865,3.8882119745442605,3.5248501300811768
"azd_fib_2_2023-01-20_hO1c9-5027.nrrd","nuclei","fibrosis","21",2562.0055248618783,242.77322516742905,2528.0,181.0,0.8839779005524862,0.9619526897341047,1.0,61.338354089642095,16.725860962833817,59.976009368896484,2.9343526350200504,3.2052665722314697,3.1426775455474854
"azd_fib_2_2023-01-20_hO1c9-5027.nrrd","nuclei","airway","22",2543.9938414164744,256.14020132642264,2534.0,1299.0,1.3094688221709008,1.1807369970944526,1.0,70.54598427112512,17.594137355625907,69.44444274902344,3.6541698812245405,3.2657288290113202,2.884338140487671
"azd_fib_2_2023-01-20_hO1c9-5027.nrrd","nuclei","airway","23",2695.930715935335,318.6475032064707,2704.0,433.0,0.9168591224018475,0.9586435831211793,1.0,53.70635137491909,14.58899317700237,53.082889556884766,2.763773194086194,2.8868515070489438,2.8935184478759766
"azd_fib_2_2023-01-20_hO1c9-5027.nrrd","nuclei","airway","24",2456.3634085213034,406.6082044475138,2546.0,399.0,0.8872180451127819,0.8937595092512713,1.0,51.70233501826313,15.426598963716536,50.335567474365234,2.7757306409658944,2.806315401368197,2.9949088096618652
"azd_fib_2_2023-01-20_hO1c9-5027.nrrd","nuclei","airway","25",2330.0911458333335,378.61505837450056,2392.5,384.0,0.8333333333333334,0.9659115924998904,1.0,49.62829826772213,15.7255322405583,48.769676208496094,2.741077369078994,3.140420615511261,2.633315086364746
"azd_fib_2_2023-01-20_hO1c9-5027.nrrd","background","null","26",301.1833030852994,32.42222449402777,300.0,1653.0,0.588021778584392,0.7774215589994123,0.0,37.77806989943267,34.30902252906667,33.44481658935547,2.014748708883056,2.6721860200720253,0.0
"azd_fib_2_2023-01-20_hO1c9-5027.nrrd","nuclei","airway","27",2724.731046931408,346.1159923428883,2749.0,554.0,1.0866425992779782,1.1005843879500472,1.0,54.351863688940604,15.39730887129904,52.37712097167969,3.1951657847807295,3.217032516451204,2.9651594161987305
"azd_fib_2_2023-01-20_hO1c9-5027.nrrd","nuclei","airway","28",2192.53,243.0555679889576,2156.0,300.0,2.0933333333333333,1.564004236907872,2.0,57.8456947517395,15.829403396781466,56.272056579589844,5.9941621589660645,4.455523226891346,5.569479465484619
"azd_fib_2_2023-01-20_hO1c9-5027.nrrd","nuclei","airway","29",1424.7081967213114,165.4782843670626,1410.0,305.0,0.6,0.7236602866858978,0.0,57.453713517110856,21.272544571492855,56.21486282348633,3.3631491567267746,4.093333404904328,0.0
"azd_fib_2_2023-01-20_hO1c9-5027.nrrd","nuclei","fibrosis","30",2579.632275132275,458.4599324176899,2724.0,756.0,0.8849206349206349,0.9731413564601528,1.0,51.22100891511907,15.491605883506347,50.72882080078125,2.880227197099615,3.1408947351264422,3.082613945007324
"azd_fib_2_2023-01-20_hO1c9-5027.nrrd","nuclei","fibrosis","31",2627.668316831683,373.2068444848793,2713.0,404.0,1.0544554455445545,0.9796970973094061,1.0,53.68319689637364,15.303115006000112,53.44854736328125,3.058529258954643,2.8450054590714644,2.880190372467041
"azd_fib_2_2023-01-20_hO1c9-5027.nrrd","nuclei","fibrosis","32",2859.597014925373,305.5393124488731,2854.0,268.0,1.1791044776119404,1.0553998569060943,1.0,54.30805167867177,15.289424923280034,52.77568054199219,3.4189666696448824,3.056651756994166,2.9824037551879883
"azd_fib_2_2023-01-20_hO1c9-5027.nrrd","nuclei","fibrosis","33",2661.670122525919,225.200649616351,2662.0,1061.0,1.2252591894439209,1.1884519238110922,1.0,63.14583580455726,16.818867653027276,61.571895599365234,3.374608184569967,3.2609028814193266,2.789400100708008
"azd_fib_2_2023-01-20_hO1c9-5027.nrrd","lamella","null","34",1590.3703703703704,480.6312474354908,1479.0,27.0,1.2962962962962963,1.1706281947614154,1.0,54.38621351453993,21.62854448632145,49.60317611694336,3.3152790864308677,3.0260580257779197,2.68672776222229
"azd_fib_2_2023-01-20_hO1c9-5027.nrrd","lamella","null","35",1418.2380952380952,409.6149295084232,1335.0,21.0,2.0952380952380953,1.7861904127153383,2.0,46.219729559762136,15.785052573422593,48.59611511230469,4.860114336013794,4.131049476334169,4.679457187652588
"azd_fib_2_2023-01-20_hO1c9-5027.nrrd","lamella","null","36",2848.25,296.69569146405433,2833.0,16.0,4.6875,2.1823152842795195,5.0,60.10186231136322,15.754907855027158,60.86784362792969,11.243751540780067,5.277864604953346,11.083405494689941
"azd_fib_2_2023-01-20_hO1c9-5027.nrrd","nuclei","fibrosis","37",2576.6325459317586,393.70445753825794,2586.5,762.0,0.994750656167979,1.0006430275709595,1.0,59.729913291030044,17.3106964773138,58.84221649169922,3.1011693887510323,3.0903407095102158,3.0864198207855225
"azd_fib_2_2023-01-20_hO1c9-5027.nrrd","nuclei","fibrosis","38",2500.541963015647,299.9961882760957,2514.0,703.0,0.8776671408250356,0.9881631165386601,1.0,52.21636222673853,15.356285047911165,51.546390533447266,3.0477552017141374,3.4090882369089766,3.231017827987671
"azd_fib_2_2023-01-20_hO1c9-5027.nrrd","nuclei","airway","39",1895.3168023686158,228.71658413462725,1893.0,1351.0,0.8852701702442635,0.9772284604896687,1.0,63.474352095411234,18.758413726348305,63.09148406982422,3.4016152044122614,3.7330413100477458,3.5536603927612305
"azd_fib_2_2023-01-20_hO1c9-5027.nrrd","nuclei","airway","40",2532.174880763116,228.58744707524053,2506.0,629.0,1.054054054054054,1.085634454615378,1.0,54.209467470930186,15.636708133744518,53.7634391784668,3.323563712958501,3.3898382780974647,3.1387319564819336
"azd_fib_2_2023-01-20_hO1c9-5027.nrrd","nuclei","airway","41",2724.1004464285716,267.6386110589318,2723.0,448.0,0.9241071428571429,1.0334664446888726,1.0,52.520178156239645,15.650002272147336,51.22431945800781,2.880196855536529,3.216811130324884,2.9873039722442627
"azd_fib_2_2023-01-20_hO1c9-5027.nrrd","nuclei","fibrosis","42",1379.7505330490405,150.55543753054687,1385.0,469.0,0.47547974413646055,0.6650107914065109,0.0,52.28991283790897,20.56358549479795,50.890586853027344,3.0271856403554174,4.215803040971841,0.0
"azd_fib_2_2023-01-20_hO1c9-5027.nrrd","nuclei","fibrosis","43",1087.6531165311653,135.0933201646044,1091.5,738.0,0.513550135501355,0.7127112019045293,0.0,66.10425289148884,25.497071805923856,64.61042785644531,3.6902819519766625,5.106052747310179,0.0
"azd_fib_2_2023-01-20_hO1c9-5027.nrrd","lamella","null","44",1178.0,180.00520825798347,1152.0,17.0,2.3529411764705883,1.4975470138942315,2.0,54.564137402702784,26.89868020967339,47.393367767333984,6.324457491145415,3.919672675814575,5.610097885131836
"azd_fib_2_2023-01-20_hO1c9-5027.nrrd","lamella","null","45",1166.0714285714287,194.21259734382053,1134.0,14.0,3.0714285714285716,1.5915297775935684,2.5,63.53338432312012,18.984880000056627,60.18099594116211,7.653639725276402,3.9650283514772813,6.296918869018555
"azd_fib_2_2023-01-20_hO1c9-5027.nrrd","lamella","null","46",1107.2,278.7110211910059,1017.0,25.0,2.44,1.260952021291849,2.0,49.45572875976563,17.338380149807822,47.50593948364258,5.879941749572754,3.0951383452835,4.874482154846191
"azd_fib_2_2023-01-20_hO1c9-5027.nrrd","lamella","null","47",1477.111111111111,310.08194152113464,1503.0,18.0,2.2777777777777777,1.4473324572571657,2.0,48.61001332600912,20.34566256115486,47.638545989990234,5.590625895394219,3.4587937305709393,5.542804718017578
"azd_fib_2_2023-01-20_hO1c9-5027.nrrd","lamella","null","48",1259.6923076923076,243.56497579885627,1218.0,13.0,1.9230769230769231,1.1151635501529555,2.0,54.91158778850849,15.358277944500585,56.85856628417969,5.034498398120586,2.9814009768402823,5.068423748016357
"azd_fib_2_2023-01-20_hO1c9-5027.nrrd","lamella","null","49",1333.0,280.4861164807655,1300.5,14.0,2.642857142857143,1.5984195491000024,3.0,61.6182986668178,25.261589155713303,62.242706298828125,6.566268495150974,4.004292166950664,7.341351509094238
"azd_fib_2_2023-01-20_hO1c9-5027.nrrd","lamella","null","50",1660.1176470588234,272.31917907873776,1656.0,17.0,3.1176470588235294,1.6538724611187705,3.0,45.331648994894586,14.143334973605517,43.72267532348633,7.944362387937658,4.351052367177403,7.704160690307617
"azd_fib_2_2023-01-20_hO1c9-5027.nrrd","lamella","null","51",2549.4166666666665,276.7714245159197,2584.0,36.0,4.0,1.985662897587892,4.0,57.840751224093964,16.75592637706526,57.3592414855957,9.735402014520433,4.749476693408137,9.7632417678833
"azd_fib_2_2023-01-20_hO1c9-5027.nrrd","lamella","null","52",1569.909090909091,331.5461483486854,1475.5,22.0,2.272727272727273,1.6670995108933298,2.0,57.06279893354936,19.398671708934245,54.413612365722656,5.779321377927607,4.18692280339775,5.0423054695129395
"azd_fib_2_2023-01-20_hO1c9-5027.nrrd","lamella","null","53",1854.8076923076924,103.71885816215651,1838.5,26.0,2.8461538461538463,1.993836657147374,3.0,56.99300428537222,18.395520704152837,55.54568862915039,7.1886557799119215,5.1138880896027885,7.516930103302002
"azd_fib_2_2023-01-20_hO1c9-5027.nrrd","lamella","null","54",879.9615384615385,270.1526773510484,802.0,52.0,0.8461538461538461,0.9576240079348222,1.0,48.94475636115441,24.212211255943096,47.6201286315918,3.031281746350802,3.447320049708436,3.32723331451416
"azd_fib_2_2023-01-20_hO1c9-5027.nrrd","lamella","null","55",1260.9444444444443,180.99316601405383,1178.0,18.0,1.3333333333333333,0.8401680504168059,1.0,50.38131353590224,23.503124371175176,45.246097564697266,4.197985993491279,2.7011275168983766,3.468376636505127
"azd_fib_2_2023-01-20_hO1c9-5027.nrrd","nuclei","AT2","56",2188.6826568265683,210.75498068440874,2179.0,271.0,0.8265682656826568,0.9483879275187329,1.0,61.37685051527411,16.370858398030542,60.51436996459961,3.0430599024374985,3.492485707227122,3.378378391265869
"azd_fib_2_2023-01-20_hO1c9-5027.nrrd","nuclei","fibrosis","57",2353.0539325842697,209.8935954455245,2335.0,445.0,0.9955056179775281,0.9999898774667346,1.0,65.48531900041559,17.968579466070857,63.26034164428711,2.9976553338297296,3.0184288311764966,2.9594554901123047
"azd_fib_2_2023-01-20_hO1c9-5027.nrrd","background","null","58",219.37278106508876,22.885031528762518,219.5,1014.0,0.42209072978303747,0.6372333212246771,0.0,39.56589695781881,43.50497137791398,42.016807556152344,2.032061490316598,3.068824999551076,0.0
"azd_fib_2_2023-01-20_hO1c9-5027.nrrd","nuclei","airway","59",1303.3061630218688,151.75448594939854,1300.0,503.0,0.5129224652087475,0.7410367508348925,0.0,51.9561435830285,20.165947415728255,51.057621002197266,3.21172873305516,4.684819058528016,0.0
"azd_fib_2_2023-01-20_hO1c9-5027.nrrd","nuclei","airway","60",2124.605504587156,275.88149913449905,2202.0,327.0,0.7308868501529052,0.8332029315806859,1.0,50.19284320679644,17.466408712750653,48.91304397583008,2.9877145290374756,3.3528564977311195,3.7009620666503906
"azd_fib_2_2023-01-20_hO1c9-5027.nrrd","nuclei","airway","61",2260.688013136289,145.20676457310554,2250.0,609.0,1.1773399014778325,1.1801868235806057,1.0,69.54404951981918,19.472959459964624,68.3060073852539,4.291671523906914,4.259359113266762,3.6968576908111572
"azd_fib_2_2023-01-20_hO1c9-5027.nrrd","nuclei","airway","62",2519.0609243697477,229.04546656524576,2503.0,476.0,0.8340336134453782,0.8872057323413418,1.0,51.436081617820165,14.753843739667015,51.90986633300781,2.799923363853903,3.001599005994241,3.151096820831299
"azd_fib_2_2023-01-20_hO1c9-5027.nrrd","nuclei","airway","63",2316.1574239713773,336.46727340015974,2367.0,559.0,0.851520572450805,0.9358225327208459,1.0,55.72298752643128,16.525025174624776,54.869686126708984,2.9548716668792614,3.202734808401646,3.303600788116455
"azd_fib_2_2023-01-20_hO1c9-5027.nrrd","nuclei","airway","64",2586.2894333843797,206.78846626640816,2581.0,653.0,0.9846860643185299,0.9718798278385485,1.0,60.98865778048225,16.28249981598889,60.711185455322266,2.9527475103667467,2.910199831832403,2.947244167327881
"azd_fib_2_2023-01-20_hO1c9-5027.nrrd","nuclei","airway","65",2827.987804878049,287.33595187549923,2809.0,574.0,0.975609756097561,1.0005744742439175,1.0,50.410835887496894,14.316256808483946,49.138206481933594,2.8554244755867884,2.893165431089743,2.865330457687378
"azd_fib_2_2023-01-20_hO1c9-5027.nrrd","nuclei","airway","66",2901.8385542168676,349.36999953861925,2893.0,415.0,0.9542168674698795,0.9531667540716358,1.0,50.63489771463785,14.16365457313456,50.020843505859375,2.7438335659992266,2.732264222628144,2.8019051551818848
"azd_fib_2_2023-01-20_hO1c9-5027.nrrd","nuclei","airway","67",2697.7899807321774,287.1885222507123,2732.0,519.0,1.1098265895953756,1.060650966058713,1.0,51.48672575757683,14.456552627053417,51.566837310791016,3.182824734318463,3.0208599139374828,2.8208744525909424
"azd_fib_2_2023-01-20_hO1c9-5027.nrrd","nuclei","airway","68",2806.5310344827585,265.4399197429938,2826.0,435.0,0.9333333333333333,0.9468193987695481,1.0,49.57523409525553,13.747095117867344,48.6787223815918,2.9480026913785387,2.974262469448988,3.049710273742676
"azd_fib_2_2023-01-20_hO1c9-5027.nrrd","nuclei","airway","69",2586.223985890653,469.39633542066144,2649.0,567.0,1.052910052910053,1.0316653475918092,1.0,50.863583132493225,15.264031397249903,49.6963005065918,3.1431463227280445,3.0787761945362435,2.949852466583252
"azd_fib_2_2023-01-20_hO1c9-5027.nrrd","nuclei","airway","70",2155.5496183206105,213.10205544371578,2159.5,262.0,0.9389312977099237,0.9728555368835873,1.0,55.28350849734008,15.926447048791664,54.53047561645508,3.0931543785197135,3.1829766719681594,3.108030319213867
"azd_fib_2_2023-01-20_hO1c9-5027.nrrd","nuclei","AT2","71",2056.240088105727,336.23143585531096,2080.5,908.0,1.052863436123348,1.1009981214145697,1.0,66.11775732775617,19.05984791165916,65.46810913085938,4.165349048402341,4.293967439275012,3.7742972373962402
"azd_fib_2_2023-01-20_hO1c9-5027.nrrd","nuclei","AT2","72",2404.9978471474706,169.41233363738215,2391.0,929.0,1.0172228202368139,1.0461981843945247,1.0,67.03698166066017,17.848564061738543,66.61116027832031,3.5219765199655098,3.617635409890645,3.3898305892944336
"azd_fib_2_2023-01-20_hO1c9-5027.nrrd","lamella","null","73",1245.975,284.4717540392259,1202.5,40.0,2.975,1.5930538323674164,3.0,51.83942575454712,20.74268006874117,51.14945602416992,7.207136029005051,3.768578858341643,7.247307777404785
"azd_fib_2_2023-01-20_hO1c9-5027.nrrd","lamella","null","74",1357.875,91.38699761636408,1357.0,16.0,1.9375,1.0626225419530053,2.0,39.739230275154114,15.777309768385159,37.094459533691406,4.982893720269203,2.7156956309197287,5.091897010803223
"azd_fib_2_2023-01-20_hO1c9-5027.nrrd","lamella","null","75",1632.1764705882354,380.47342682571025,1650.5,34.0,2.2058823529411766,1.2739680735428252,2.0,54.70700258367202,19.154966799254094,55.762916564941406,5.341597837560317,3.037369138821024,4.745266914367676
"azd_fib_2_2023-01-20_hO1c9-5027.nrrd","lamella","null","76",1537.929411764706,362.81760432151333,1467.0,85.0,2.6588235294117646,1.4844667246464749,2.0,48.489169625674975,16.419398069668002,47.25339889526367,5.812422143711763,3.223529426434605,4.783544540405273
"azd_fib_2_2023-01-20_hO1c9-5027.nrrd","lamella","null","77",1363.84375,142.29481195062775,1335.0,32.0,2.84375,2.0178138121851483,3.0,50.6197754740715,21.614473717304094,50.15824890136719,7.023806355893612,4.953455058086195,7.307673454284668
"azd_fib_2_2023-01-20_hO1c9-5027.nrrd","lamella","null","78",1209.8260869565217,201.83356153341995,1207.0,23.0,2.391304347826087,1.4058038927888332,2.0,62.1634871441385,19.95249336694177,62.805301666259766,6.350348814674046,3.7150532037076798,5.665722370147705
"azd_fib_2_2023-01-20_hO1c9-5027.nrrd","lamella","null","79",778.59375,192.19913385978515,823.0,32.0,0.8125,0.7803018439949604,1.0,53.31902703642845,31.322053275518147,51.853721618652344,3.3061838522553444,3.18288863024584,3.924269676208496
"azd_fib_2_2023-01-20_hO1c9-5027.nrrd","lamella","null","80",764.4347826086956,165.14056667967756,782.0,46.0,0.782608695652174,0.8922641232844024,1.0,61.03475473238074,28.79024638517602,59.10371780395508,3.8060780297154966,4.293696767531159,4.509284973144531
"azd_fib_2_2023-01-20_hO1c9-5027.nrrd","lamella","null","81",743.6969696969697,171.1285125367199,701.0,33.0,0.7272727272727273,0.7190587281616534,1.0,67.1489713264234,30.321253658064215,63.897762298583984,3.625376426812374,3.616526878449816,4.681647777557373
"azd_fib_2_2023-01-20_hO1c9-5027.nrrd","lamella","null","82",677.925925925926,126.67339163434501,640.0,27.0,0.4444444444444444,0.6979824404521128,0.0,61.178122131912794,29.377376154892406,62.794349670410156,2.4097171359592013,3.7990215800217197,0.0
"azd_fib_2_2023-01-20_hO1c9-5027.nrrd","lamella","null","83",1422.3333333333333,415.95592715254503,1277.0,39.0,1.7692307692307692,1.346760996682869,2.0,47.31715219448774,18.761815645459308,46.55975341796875,4.717609344384609,3.551729955182758,5.148005485534668
"azd_fib_2_2023-01-20_hO1c9-5027.nrrd","nuclei","airway","84",1326.779376498801,130.36785697149847,1329.0,417.0,0.41007194244604317,0.6062132182373533,0.0,48.70941856439165,19.173722616044152,47.961631774902344,2.881438616654284,4.275000798338746,0.0
"azd_fib_2_2023-01-20_hO1c9-5027.nrrd","background","null","85",222.15384615384616,32.96653132125618,218.0,832.0,0.40625,0.6346280072461563,0.0,38.70139939968403,42.72297471294729,41.84100341796875,2.0609512604199924,3.2409855523647746,0.0
"azd_fib_2_2023-01-20_hO1c9-5027.nrrd","nuclei","airway","86",2346.223908918406,293.5698839555582,2362.0,527.0,0.7495256166982922,0.9197220002819403,1.0,48.88794528917751,15.749658749655099,48.16598892211914,2.7777091633436575,3.3744293679948236,3.2883920669555664
"azd_fib_2_2023-01-20_hO1c9-5027.nrrd","nuclei","airway","87",2264.122913505311,590.3970600508835,2427.0,659.0,0.8482549317147192,0.9791329620656496,1.0,48.06586804773449,15.942532734624999,47.393367767333984,2.8754535206171017,3.318045496718105,3.024803400039673
"azd_fib_2_2023-01-20_hO1c9-5027.nrrd","nuclei","airway","88",2640.1121751025994,354.7296419900067,2655.0,731.0,1.1258549931600548,1.1006979981147424,1.0,54.306664172014685,15.472306319873066,53.93743133544922,3.2775437202401427,3.2137679522383396,2.9036004543304443
"azd_fib_2_2023-01-20_hO1c9-5027.nrrd","nuclei","fibrosis","89",2417.5784114052954,465.6153876830824,2497.0,491.0,1.1181262729124237,1.0489534883670033,1.0,54.15332378340836,16.00034949772889,53.082889556884766,3.240696973567582,3.0316091219327097,2.898550510406494
"azd_fib_2_2023-01-20_hO1c9-5027.nrrd","nuclei","AT2","90",1238.1895368782161,147.74559712501843,1226.5,1166.0,0.5051457975986278,0.7161347879546178,0.0,67.61143736487597,25.4378449332745,65.7678451538086,3.697994866461124,5.2180216079292645,0.0
"azd_fib_2_2023-01-20_hO1c9-5027.nrrd","nuclei","fibrosis","91",2143.7993366500828,367.54281672453493,2181.0,603.0,0.9618573797678275,0.9714553247907076,1.0,67.29123122814678,19.51873340332362,66.22516632080078,3.068834345139081,3.1721674761803067,2.952465534210205
"azd_fib_2_2023-01-20_hO1c9-5027.nrrd","nuclei","fibrosis","92",2762.981012658228,259.5775590309392,2787.5,474.0,1.0443037974683544,0.9797846985453075,1.0,52.24615152173907,14.31590204061117,51.30313491821289,3.2507886137137434,3.0701233711495943,3.07881760597229
"azd_fib_2_2023-01-20_hO1c9-5027.nrrd","nuclei","fibrosis","93",2629.4732824427483,311.7995433321455,2656.0,262.0,0.9465648854961832,0.949393652830204,1.0,49.490737703920324,15.062010236253215,48.608619689941406,3.1846244972170763,3.1732937044175635,3.3178505897521973
"azd_fib_2_2023-01-20_hO1c9-5027.nrrd","nuclei","airway","94",2510.092896174863,255.43536870727405,2577.0,183.0,0.9398907103825137,0.9898906527862905,1.0,50.76438266983449,16.034852355452568,50.2692985534668,3.3742057495429867,3.5079195873521316,3.432887077331543
"azd_fib_2_2023-01-20_hO1c9-5027.nrrd","nuclei","airway","95",2363.9983818770224,487.0640302130319,2479.5,618.0,0.9061488673139159,0.9700178232787559,1.0,56.75522278041901,17.751740371090676,55.57845687866211,2.9394583393454936,3.1583511352256655,3.103182554244995
"azd_fib_2_2023-01-20_hO1c9-5027.nrrd","background","null","96",219.71534267912773,52.48607478704984,222.0,2568.0,0.30646417445482865,0.5671890567201805,0.0,39.55197797423211,44.299673685819464,40.160640716552734,1.8402794445415152,3.7926040382464117,0.0
"azd_fib_2_2023-01-20_hO1c9-5027.nrrd","lamella","null","97",1557.6875,544.0910406208423,1500.5,32.0,1.8125,1.4241579289010096,2.0,59.785407304763794,21.500073717142453,64.76506042480469,4.447690591216087,3.435235006524605,4.847679138183594
"azd_fib_2_2023-01-20_hO1c9-5027.nrrd","lamella","null","98",1276.5897435897436,488.7656713107841,1175.0,78.0,1.4871794871794872,1.1018707792292226,1.0,53.0975065842653,28.292700652189996,50.751129150390625,4.022596888053111,2.994075801507845,2.9368739128112793
"azd_fib_2_2023-01-20_hO1c9-5027.nrrd","lamella","null","99",1955.5925925925926,249.7540727717906,2026.0,27.0,2.1481481481481484,1.5616486284521365,2.0,58.86995640507451,17.708541895826425,56.84754180908203,5.726799602861758,4.28775388750048,4.869734764099121
"azd_fib_2_2023-01-20_hO1c9-5027.nrrd","lamella","null","100",1524.5,433.1397178180675,1463.0,34.0,1.1470588235294117,0.8574929257125442,1.0,48.856959371005786,19.017486238222258,48.95008087158203,3.2240778067532707,2.4200855647894413,2.9347171783447266
"azd_fib_2_2023-01-20_hO1c9-5027.nrrd","lamella","null","101",1006.9565217391304,444.5546779194648,844.0,23.0,1.565217391304348,1.5616450230015824,1.0,51.03060647715693,27.611313032446,49.50495147705078,4.353985838268114,4.284915090590342,2.9455082416534424
"azd_fib_2_2023-01-20_hO1c9-5027.nrrd","lamella","null","102",1311.875,502.3676683401793,1182.5,32.0,1.53125,1.015504800579495,1.0,47.98146206140518,21.748347070317624,46.62030029296875,4.247038945555687,2.8757688710054707,2.95554256439209
"azd_fib_2_2023-01-20_hO1c9-5027.nrrd","lamella","null","103",1756.2926829268292,237.5057098158315,1742.0,41.0,2.024390243902439,1.1288889422358779,2.0,56.50935456810928,18.70900372364229,54.57025909423828,5.04599445040633,2.7953312074149053,4.977600574493408
"azd_fib_2_2023-01-20_hO1c9-5027.nrrd","nuclei","airway","104",1985.6777408637874,384.2989016415208,2101.0,301.0,0.8106312292358804,0.9419943030019612,1.0,51.14704558223585,17.994726388003098,51.669315338134766,3.137281126358184,3.62637194977124,3.66300368309021
"azd_fib_2_2023-01-20_hO1c9-5027.nrrd","nuclei","airway","105",2424.431102362205,221.8590566173075,2469.5,508.0,0.8405511811023622,0.9649525498234777,1.0,56.15957347426828,15.795669302708275,54.9925422668457,2.8320774342131427,3.282292047319068,3.1545791625976562
"azd_fib_2_2023-01-20_hO1c9-5027.nrrd","nuclei","airway","106",2471.6008230452676,367.6763608237543,2495.5,486.0,0.7901234567901234,0.9334478738422426,1.0,51.34681996494654,16.280584515990117,50.72466278076172,2.759429787902675,3.258428237284777,2.8624589443206787
"azd_fib_2_2023-01-20_hO1c9-5027.nrrd","nuclei","fibrosis","107",2753.5242857142857,405.9648261103799,2804.5,700.0,1.0342857142857143,1.005832165211414,1.0,51.38794612339565,14.822144037779381,50.76909255981445,3.2646286967822484,3.1454981898512675,3.114295721054077
"azd_fib_2_2023-01-20_hO1c9-5027.nrrd","nuclei","fibrosis","108",2688.1554054054054,258.94913348647145,2683.0,296.0,1.25,1.1461061565290966,1.0,55.28266446977048,16.659839365306485,54.232200622558594,3.6656991799135468,3.393417842938837,2.9511590003967285
"azd_fib_2_2023-01-20_hO1c9-5027.nrrd","nuclei","airway","109",2498.0615384615385,212.84509612239418,2518.0,130.0,1.123076923076923,0.9726124383726957,1.0,50.65564363919771,14.596832999780755,50.377925872802734,3.71973119699038,3.215408250079516,3.257922649383545
"azd_fib_2_2023-01-20_hO1c9-5027.nrrd","lamella","null","110",1368.6190476190477,290.2256839410455,1277.0,21.0,1.8095238095238095,1.4703417160322843,2.0,49.906931650070916,19.768459662804656,48.50444793701172,4.896512644631522,4.023776316643313,5.193456172943115
"azd_fib_2_2023-01-20_hO1c9-5027.nrrd","lamella","null","111",1676.3333333333333,447.1914973410358,1672.0,18.0,2.111111111111111,1.367216532138064,2.0,50.90598816341824,21.880304942339922,55.804656982421875,5.788169211811489,3.876419926983839,5.620377540588379
"azd_fib_2_2023-01-20_hO1c9-5027.nrrd","lamella","null","112",1289.52,536.7017421249907,1194.0,25.0,1.56,1.121011448053349,1.0,54.32129463195801,25.057754443222763,51.75983428955078,4.6700340747833256,3.3604099846403566,3.2082130908966064
"azd_fib_2_2023-01-20_hO1c9-5027.nrrd","lamella","null","113",1568.625,288.078895443592,1611.0,16.0,1.75,1.2909944487358056,2.0,52.284627199172974,19.025802783944965,54.072269439697266,4.963450044393539,3.7699460883422957,5.167666435241699
"azd_fib_2_2023-01-20_hO1c9-5027.nrrd","lamella","null","114",1463.875,227.26045997195962,1507.0,16.0,2.25,1.6532795690182993,2.0,46.423961997032166,18.247102117974023,43.88111877441406,5.614144265651703,4.0321864894580015,4.980650901794434
"azd_fib_2_2023-01-20_hO1c9-5027.nrrd","lamella","null","115",2089.794117647059,346.50889003522013,2118.0,34.0,2.588235294117647,1.8110376576715506,2.0,47.09522870007683,17.07310938242073,46.105979919433594,7.193065390867345,5.005430933804436,6.241144180297852
"azd_fib_2_2023-01-20_hO1c9-5027.nrrd","lamella","null","116",1362.6190476190477,523.666924312628,1428.0,21.0,1.5714285714285714,1.3627702877384937,1.0,59.83073161897205,25.017556745647425,62.99212646484375,4.343121574038551,3.8007730785340956,2.9069766998291016
"azd_fib_2_2023-01-20_hO1c9-5027.nrrd","lamella","null","117",1304.9285714285713,483.8155186059621,1278.5,14.0,2.4285714285714284,1.8277470669267508,2.0,61.654257365635466,15.489874512677686,61.84386444091797,6.576450075422015,4.938982140543474,5.430586338043213
"azd_fib_2_2023-01-20_hO1c9-5027.nrrd","lamella","null","118",1221.3,251.07728580713123,1197.5,30.0,1.5333333333333334,1.224275530553741,1.0,51.08314374287923,19.709198156845215,49.76744842529297,4.320912655194601,3.5586935882865127,2.971055507659912
"azd_fib_2_2023-01-20_hO1c9-5027.nrrd","lamella","null","119",2141.875,213.4405805142415,2085.0,40.0,3.05,1.9074751737471023,3.0,47.90254604816437,16.341595622780662,49.426048278808594,7.713743668794632,4.675443039381284,7.786313533782959
"azd_fib_2_2023-01-20_hO1c9-5027.nrrd","lamella","null","120",2341.6666666666665,155.09541655153487,2380.5,18.0,2.611111111111111,2.1182370274771336,2.5,46.079212506612144,17.04380400189463,40.860107421875,7.362733112441169,6.139170044132609,6.7598981857299805
"azd_fib_2_2023-01-20_hO1c9-5027.nrrd","background","null","121",359.34774513860157,28.282678055833642,359.0,4834.0,0.6125362019031858,0.7761284684759783,0.0,37.479820151244205,32.18992059375977,28.9017333984375,1.8437076563868682,2.3380427736309426,0.0
"azd_fib_2_2023-01-20_hO1c9-5027.nrrd","nuclei","airway","122",2291.684474123539,241.5521484291083,2304.0,599.0,1.2637729549248748,1.0914105759769315,1.0,79.70181503996427,20.097549558244758,78.6749496459961,4.370593361146064,3.75461255956519,3.594536304473877
"azd_fib_2_2023-01-20_hO1c9-5027.nrrd","nuclei","airway","123",2078.6058588548603,204.1349466544816,2061.0,751.0,0.9014647137150466,0.997803179533194,1.0,77.75005848779183,19.715872163826738,76.37017059326172,3.5510229169131913,3.915102054314975,3.6982247829437256
"azd_fib_2_2023-01-20_hO1c9-5027.nrrd","nuclei","airway","124",1792.5869565217392,172.1017633294927,1809.0,368.0,0.8885869565217391,0.9488729370830358,1.0,74.68720140664473,20.659676236758415,73.04605865478516,4.141843280066615,4.440283908508669,4.4523606300354
"azd_fib_2_2023-01-20_hO1c9-5027.nrrd","nuclei","airway","125",1573.8507992895204,158.25986258439593,1554.0,563.0,0.655417406749556,0.8532447768987553,0.0,56.311554968039474,19.639780137781738,54.704593658447266,3.3136731074927757,4.3030745052552835,0.0
"azd_fib_2_2023-01-20_hO1c9-5027.nrrd","nuclei","airway","126",2804.568134171908,262.19167981770323,2830.0,477.0,0.9412997903563941,0.991938508414078,1.0,50.44854953453976,14.81062334256426,50.10438537597656,3.025980827943334,3.175115705020572,3.0969338417053223
"azd_fib_2_2023-01-20_hO1c9-5027.nrrd","nuclei","airway","127",2698.923469387755,265.59026431984955,2706.5,392.0,0.9668367346938775,1.0020042288109563,1.0,53.945385169009775,15.023723113788437,52.83155059814453,3.047501286073607,3.163696522303161,3.006693124771118
"azd_fib_2_2023-01-20_hO1c9-5027.nrrd","nuclei","airway","128",3011.5925155925156,210.55683186224792,3007.0,481.0,0.9937629937629938,1.0113741569655046,1.0,52.31942288840883,14.34334629785741,51.81346893310547,3.0625951037337527,3.085830572403277,3.095975160598755
"azd_fib_2_2023-01-20_hO1c9-5027.nrrd","nuclei","airway","129",2372.908388520971,537.547548863048,2509.0,906.0,1.0198675496688743,1.094255408743588,1.0,52.72077284585561,16.03275003913342,52.043907165527344,3.1677242627996485,3.319224968100403,2.8735642433166504
"azd_fib_2_2023-01-20_hO1c9-5027.nrrd","nuclei","fibrosis","130",2151.4860557768925,208.29166083363782,2167.5,502.0,0.9322709163346613,0.984609319115039,1.0,65.65981913372815,19.560752765212865,65.56033325195312,3.4006377715038587,3.59405914648241,3.5130863189697266
"azd_fib_2_2023-01-20_hO1c9-5027.nrrd","nuclei","fibrosis","131",2052.027027027027,172.69078649899058,2040.0,296.0,0.8581081081081081,0.9881339038823799,1.0,64.39930117452467,18.376165730771625,63.04825973510742,3.414496627208349,3.9196544243934603,3.7565746307373047
"azd_fib_2_2023-01-20_hO1c9-5027.nrrd","background","null","132",375.6893175074184,27.345158751823732,375.0,3370.0,0.6572700296735905,0.8221385582287128,0.0,38.79488328373397,32.01595491621406,28.368850708007812,1.9563944829323878,2.4486763268177243,0.0
"azd_fib_2_2023-01-20_hO1c9-5027.nrrd","nuclei","airway","133",2073.5882352941176,175.17416623735858,2071.0,544.0,0.6875,0.8353107294492063,0.0,52.5197488963604,17.35860686334997,51.008583068847656,2.9718512770007637,3.5817813795595033,0.0
"azd_fib_2_2023-01-20_hO1c9-5027.nrrd","nuclei","airway","134",2415.807471264368,215.50082652666572,2426.0,1044.0,1.1340996168582376,1.1109263207624727,1.0,63.64618628143808,17.026110537339505,63.09148406982422,3.609312299567621,3.500806045989017,3.2472803592681885
"azd_fib_2_2023-01-20_hO1c9-5027.nrrd","nuclei","airway","135",2859.3956043956046,288.07564776506473,2841.0,455.0,1.043956043956044,1.0693166321242829,1.0,52.68999904171451,14.112567876679972,51.87671661376953,3.141463960920061,3.206556453430506,2.948113203048706
"azd_fib_2_2023-01-20_hO1c9-5027.nrrd","nuclei","airway","136",2373.2165898617513,265.43520721354196,2362.5,868.0,0.9585253456221198,0.947592659459288,1.0,60.54748094905906,16.247210131936367,59.69834899902344,3.2621867975331673,3.191295616624588,3.3681373596191406
"azd_fib_2_2023-01-20_hO1c9-5027.nrrd","nuclei","airway","137",2241.5912240184757,185.87003029952032,2259.0,433.0,0.8244803695150116,0.8906153044737252,1.0,49.79877412897335,15.563877891155604,48.80213165283203,3.4328806813264277,3.743505995064608,3.8387715816497803
"azd_fib_2_2023-01-20_hO1c9-5027.nrrd","lamella","null","138",2746.309523809524,158.74085156589425,2734.0,42.0,4.333333333333333,2.160246899469287,4.0,56.23920690445673,13.66762952432481,57.94980239868164,10.540819758460636,5.1109004225752805,9.485442161560059
"azd_fib_2_2023-01-20_hO1c9-5027.nrrd","lamella","null","139",2668.6,68.91138474423818,2666.0,20.0,3.0,1.5217718205053643,3.0,54.79820289611816,16.60210722806939,54.35252380371094,7.660095310211181,3.8793906196672348,7.681422233581543
"azd_fib_2_2023-01-20_hO1c9-5027.nrrd","lamella","null","140",2890.842105263158,90.64231484117163,2895.0,19.0,3.736842105263158,1.820930936000652,3.0,51.77240893715307,12.413471707695809,47.9452018737793,9.59097116871884,4.670060461255663,7.900974750518799
"azd_fib_2_2023-01-20_hO1c9-5027.nrrd","lamella","null","141",2608.846153846154,174.36101967523084,2632.0,39.0,3.7435897435897436,1.8023077124670897,4.0,53.322978190886666,12.88242137397496,52.73069763183594,9.57252846008692,4.480976910198666,9.668842315673828
"azd_fib_2_2023-01-20_hO1c9-5027.nrrd","lamella","null","142",2480.776119402985,136.08117239972066,2467.0,67.0,3.328358208955224,1.9336577029470445,3.0,47.594959230565316,14.54484097888489,47.48713684082031,9.165462020617813,5.40620206045604,8.212428092956543
"azd_fib_2_2023-01-20_hO1c9-5027.nrrd","lamella","null","143",2483.5443037974683,111.7852562945114,2486.0,79.0,3.4936708860759493,2.0183352985752507,3.0,47.991717881794216,14.44941734579318,45.34212875366211,9.490857386890847,5.408877790104532,8.44356918334961
"azd_fib_2_2023-01-20_hO1c9-5027.nrrd","lamella","null","144",2308.5333333333333,58.79002182910521,2299.0,15.0,3.533333333333333,1.5976172734359606,3.0,53.08846893310547,15.27358956118155,52.47048568725586,12.06959147453308,5.272085570162221,11.074196815490723
"azd_fib_2_2023-01-20_hO1c9-5027.nrrd","lamella","null","145",2116.9189189189187,199.1879874750341,2068.0,37.0,2.945945945945946,1.7150631013001945,3.0,50.77948477461531,12.65458896001712,51.203277587890625,9.071907803818986,5.271590631053812,9.325458526611328
"azd_fib_2_2023-01-20_hO1c9-5027.nrrd","lamella","null","146",2230.25,178.34779476471218,2208.0,40.0,2.75,1.996792299459182,2.5,52.23362979888916,16.082319855292404,53.082420349121094,8.460700118541718,6.134468900398974,7.4247026443481445
"azd_fib_2_2023-01-20_hO1c9-5027.nrrd","lamella","null","147",2290.785714285714,105.54386735622272,2304.0,28.0,2.4285714285714284,1.3173646934124716,2.0,53.19638252258301,16.828099887271897,48.865196228027344,7.808480049882617,4.1999348469579925,6.840618133544922
"azd_fib_2_2023-01-20_hO1c9-5027.nrrd","lamella","null","148",2215.817518248175,468.71206856690407,2212.0,137.0,3.4452554744525545,2.1724197271746553,3.0,43.165002885526114,15.204848420764556,41.94337844848633,8.038771902557707,4.9094416851616085,7.485030174255371
"azd_fib_2_2023-01-20_hO1c9-5027.nrrd","lamella","null","149",1245.6470588235295,283.7181570627069,1124.0,17.0,3.823529411764706,2.1861865804880156,4.0,50.47399756487678,24.759709648281692,41.42012023925781,8.436983108520508,4.704751181622348,8.046670913696289
"azd_fib_2_2023-01-20_hO1c9-5027.nrrd","lamella","null","150",1318.6363636363637,336.417193583396,1242.0,22.0,1.7727272727272727,1.5715269548108202,1.0,46.653400204398416,20.33326769743005,47.19670867919922,4.248140866106207,3.700090718253217,2.482429265975952
"azd_fib_2_2023-01-20_hO1c9-5027.nrrd","lamella","null","151",1572.9545454545455,402.37159765247173,1486.0,22.0,2.3181818181818183,1.7289237950752745,2.5,48.673364032398574,19.022433229445966,50.018409729003906,5.901054349812594,4.56885736240746,6.142050743103027
"azd_fib_2_2023-01-20_hO1c9-5027.nrrd","lamella","null","152",2010.0384615384614,472.96955341917993,1947.5,26.0,2.769230769230769,1.478044446089286,3.0,60.18409758347731,19.643383279876065,60.19984436035156,7.225358797953679,3.7042190643072583,7.271088123321533
"azd_fib_2_2023-01-20_hO1c9-5027.nrrd","lamella","null","153",1591.138888888889,443.04138167107584,1574.0,36.0,2.5833333333333335,1.5,2.0,62.78374581866794,22.027719410591537,63.25305938720703,6.203553477923076,3.493727688376963,5.24295711517334
"azd_fib_2_2023-01-20_hO1c9-5027.nrrd","lamella","null","154",2638.315789473684,189.95000881272213,2626.0,19.0,3.736842105263158,2.0505312391117334,4.0,60.12826839246248,14.051336319391535,58.64091110229492,9.371454289084987,4.811077052595226,9.487666130065918
"azd_fib_2_2023-01-20_hO1c9-5027.nrrd","lamella","null","155",2738.5185185185187,138.20619221638214,2738.0,27.0,2.962962962962963,1.9509658649673516,2.0,56.59660169813368,16.540933104523447,58.43681716918945,7.970728874206543,5.091441640484266,5.892752170562744
"azd_fib_2_2023-01-20_hO1c9-5027.nrrd","lamella","null","156",1747.3846153846155,221.60457969904354,1703.0,13.0,2.0,1.7795130420052185,2.0,52.76383355947641,13.76614106996629,51.873199462890625,5.265099708850567,4.535195558819235,5.165288925170898
"azd_fib_2_2023-01-20_hO1c9-5027.nrrd","lamella","null","157",1718.8666666666666,196.4422367540962,1636.0,15.0,2.066666666666667,1.4375905768565218,2.0,43.00490010579427,14.691703909135537,40.911746978759766,5.476210196812947,3.8139775860169514,5.121639251708984
"azd_fib_2_2023-01-20_hO1c9-5027.nrrd","lamella","null","158",1674.1818181818182,264.6195177561345,1622.0,22.0,1.9090909090909092,1.1087999050492516,2.0,51.66327606547963,21.3776978251948,56.490196228027344,5.079198533838445,2.9736147607706735,5.343606472015381
"azd_fib_2_2023-01-20_hO1c9-5027.nrrd","lamella","null","159",1620.3461538461538,190.4476709876374,1608.0,26.0,1.8076923076923077,1.1668498024760776,2.0,55.42106709113488,16.28473434758665,57.39805221557617,6.155944136472849,4.038103130520226,6.452657699584961
"azd_fib_2_2023-01-20_hO1c9-5027.nrrd","lamella","null","160",1620.44578313253,465.74640469691093,1443.0,83.0,2.0240963855421685,1.343238747229973,2.0,50.88086782018822,19.785840071564486,49.6963005065918,5.1613219531185655,3.474367901598751,4.980079650878906
"azd_fib_2_2023-01-20_hO1c9-5027.nrrd","lamella","null","161",1251.888888888889,348.247430738366,1134.5,36.0,3.8055555555555554,1.7536809360305041,4.0,45.8081062634786,24.118851230971217,43.05083465576172,8.782800323433346,4.026587366195722,9.332362174987793
"azd_fib_2_2023-01-20_hO1c9-5027.nrrd","lamella","null","162",1494.5428571428572,334.4588555419338,1481.0,35.0,2.857142857142857,1.7680640316934415,3.0,55.715967423575265,22.460117251256488,52.6315803527832,7.358394847597395,4.5220727872313065,7.411067008972168
"azd_fib_2_2023-01-20_hO1c9-5027.nrrd","nuclei","airway","163",1724.2179930795849,143.782137306615,1708.0,289.0,0.5882352941176471,0.75,0.0,50.88508501184853,16.546541944697392,50.73280715942383,3.1345551731677204,4.038119340119048,0.0
"azd_fib_2_2023-01-20_hO1c9-5027.nrrd","nuclei","airway","164",1989.5897435897436,160.14001285733906,2006.0,273.0,0.6446886446886447,0.8369561415322335,0.0,50.68308119721465,17.413911986591852,48.67256546020508,2.9238083886576223,3.682696814551122,0.0
"azd_fib_2_2023-01-20_hO1c9-5027.nrrd","nuclei","airway","165",2260.751592356688,183.87438772757812,2242.0,157.0,0.7452229299363057,0.8763594465006055,0.0,52.26461326696311,15.426930455871318,51.32991409301758,2.874307776712308,3.3726545909002645,0.0
"azd_fib_2_2023-01-20_hO1c9-5027.nrrd","nuclei","airway","166",2201.008356545961,181.00502304004513,2182.0,359.0,0.766016713091922,0.8592991230998178,1.0,52.73606058083537,16.537049561316152,52.0,3.051351469539334,3.407002869576865,3.6778228282928467
"azd_fib_2_2023-01-20_hO1c9-5027.nrrd","nuclei","AT2","167",1459.2045197740113,422.16421724505085,1328.5,1770.0,0.6463276836158192,0.8414774517677366,0.0,71.06982938098369,25.43501702465793,68.58638000488281,4.0192399717320155,5.875692415235849,0.0
"azd_fib_2_2023-01-20_hO1c9-5027.nrrd","nuclei","airway","168",2598.756032171582,250.8543616320143,2638.0,373.0,1.4745308310991958,1.176618129571872,1.0,63.39990674650382,16.415874671841202,62.6959228515625,4.241673334673966,3.385581064872901,3.0627870559692383
"azd_fib_2_2023-01-20_hO1c9-5027.nrrd","nuclei","airway","169",2117.7294520547944,166.6517288243856,2115.0,876.0,0.8926940639269406,0.9750681980597973,1.0,63.65951445331312,17.507936919971392,62.731590270996094,3.3756762789264663,3.6520904542089108,3.583587169647217
"azd_fib_2_2023-01-20_hO1c9-5027.nrrd","nuclei","airway","170",1338.5417156286721,145.98371089266888,1331.0,851.0,0.43478260869565216,0.6607753331660589,0.0,53.96998235173567,20.2020220108072,53.7221794128418,3.0089543059065536,4.834347037871933,0.0
"azd_fib_2_2023-01-20_hO1c9-5027.nrrd","nuclei","airway","171",1350.2433862433863,221.7122806401663,1345.0,756.0,0.45634920634920634,0.7015210756743259,0.0,52.64257219607237,20.883594020180087,51.28205108642578,2.760861845874282,4.250855443379076,0.0
"azd_fib_2_2023-01-20_hO1c9-5027.nrrd","nuclei","airway","172",2514.1663366336634,278.17603936278454,2480.0,1010.0,0.8801980198019802,0.9330958947805593,1.0,54.745773002888896,15.794579816119027,53.312477111816406,2.761419921110172,2.936342804800617,2.9664790630340576
"azd_fib_2_2023-01-20_hO1c9-5027.nrrd","nuclei","airway","173",2748.4192592592594,276.2113497261678,2760.0,675.0,2.354074074074074,1.660492354988042,2.0,112.9144378040455,22.86449656531852,113.10711669921875,7.668199223059195,5.452628101663756,6.738544464111328
"azd_fib_2_2023-01-20_hO1c9-5027.nrrd","nuclei","airway","174",2978.8862199747155,252.9263358005965,2971.0,791.0,0.9405815423514539,0.9899541815829496,1.0,50.124573603894106,14.523777246059188,49.38271713256836,2.994797083882405,3.0905720484816195,3.0627870559692383
"azd_fib_2_2023-01-20_hO1c9-5027.nrrd","nuclei","airway","175",3004.4583333333335,194.70266541198032,3008.5,672.0,0.9598214285714286,1.034368550814554,1.0,50.25875589393434,13.607827328149638,49.403629302978516,2.9960929201472375,3.218474760947792,3.021150588989258
"azd_fib_2_2023-01-20_hO1c9-5027.nrrd","nuclei","fibrosis","176",2369.757575757576,365.7062491448042,2379.0,528.0,0.8787878787878788,0.9801080607293705,1.0,57.068993438373916,16.129857522963192,56.33296203613281,3.041892519502929,3.323449857223754,2.9239776134490967
"azd_fib_2_2023-01-20_hO1c9-5027.nrrd","nuclei","fibrosis","177",2781.277456647399,226.5531381676186,2783.0,519.0,1.1252408477842004,1.091259893960222,1.0,65.45962524414062,16.94052413231709,64.19939422607422,3.455495953789566,3.33758158869405,3.098853349685669
"azd_fib_2_2023-01-20_hO1c9-5027.nrrd","background","null","178",161.88657407407408,27.04571360685578,159.0,1728.0,0.24247685185185186,0.4809047393315705,0.0,36.20030545746839,48.1770378757614,0.0,1.8646762373822707,3.7289098504897664,0.0
"azd_fib_2_2023-01-20_hO1c9-5027.nrrd","nuclei","airway","179",1722.0873362445416,173.3738735055922,1723.5,458.0,0.5938864628820961,0.8027072383470093,0.0,52.354193933145446,17.88815672561346,50.63132095336914,2.9562234706753725,3.976008783364023,0.0
"azd_fib_2_2023-01-20_hO1c9-5027.nrrd","nuclei","airway","180",2829.3260869565215,323.79038322442216,2822.0,506.0,1.0039525691699605,1.0435963094759402,1.0,49.9600878779596,13.943953969253071,48.7431526184082,2.8662560805972856,2.969943919285377,2.773540496826172
"azd_fib_2_2023-01-20_hO1c9-5027.nrrd","nuclei","airway","181",2580.751968503937,443.5220448148531,2629.5,508.0,1.0255905511811023,1.0036101725132534,1.0,52.5785192579735,15.85882087549026,51.54920196533203,3.132109262342528,3.0340744859485995,3.004807710647583
"azd_fib_2_2023-01-20_hO1c9-5027.nrrd","nuclei","airway","182",1638.4555984555984,147.08762140200176,1612.0,259.0,0.6332046332046332,0.7729798380656313,0.0,55.18063986347449,19.44732083009578,53.26231384277344,3.34415104214289,4.122123688145278,0.0
"azd_fib_2_2023-01-20_hO1c9-5027.nrrd","nuclei","AT2","183",2680.499197431782,169.95909618748095,2668.5,1246.0,1.1861958266452648,1.0614843620033927,1.0,71.77869531622285,17.701790551100792,69.90362548828125,3.500987431976233,3.138898499299143,2.962963342666626
"azd_fib_2_2023-01-20_hO1c9-5027.nrrd","lamella","null","184",1879.25,343.3068408239512,1909.5,24.0,2.2916666666666665,1.5736738147920994,2.0,71.88905795415242,18.029933040418847,70.79119873046875,5.912537316481273,3.9839208567186875,5.180868148803711
"azd_fib_2_2023-01-20_hO1c9-5027.nrrd","lamella","null","185",1937.3125,248.88195829884228,1997.5,16.0,1.75,1.390443574307614,2.0,72.88841462135315,19.433874969104245,71.4383316040039,4.459951922297478,3.533490937147157,5.008917331695557
"azd_fib_2_2023-01-20_hO1c9-5027.nrrd","lamella","null","186",2807.5714285714284,156.36034389466258,2779.0,21.0,5.476190476190476,2.7680145884559137,6.0,48.23388962518601,9.899997283343682,46.153846740722656,12.389402525765556,6.103529733236121,13.12910270690918
"azd_fib_2_2023-01-20_hO1c9-5027.nrrd","lamella","null","187",3143.1666666666665,145.7807580298741,3104.0,18.0,3.7222222222222223,2.1910393868598623,3.0,55.739683363172745,14.201149787337611,55.723236083984375,9.377353376812405,5.436441967199833,8.067718505859375
"azd_fib_2_2023-01-20_hO1c9-5027.nrrd","lamella","null","188",2795.0238095238096,202.27142933839417,2736.5,42.0,4.595238095238095,2.164677904385054,5.0,53.573030925932386,16.20895268754965,54.23051071166992,12.428213102476937,5.726686547468973,12.992074966430664
"azd_fib_2_2023-01-20_hO1c9-5027.nrrd","lamella","null","189",2684.823529411765,205.67031728415432,2668.0,17.0,5.588235294117647,2.526331914293225,6.0,49.27269666335162,10.153344519035015,49.751243591308594,14.306139945983887,6.916763868649347,14.409221649169922
"azd_fib_2_2023-01-20_hO1c9-5027.nrrd","lamella","null","190",2947.3478260869565,189.21527150928387,2937.0,23.0,5.043478260869565,3.037317310174844,5.0,62.2429955523947,16.987444035338417,60.88825225830078,12.615043453548266,7.052830576077208,12.69680118560791
"azd_fib_2_2023-01-20_hO1c9-5027.nrrd","nuclei","AT2","191",2533.154954954955,356.27178677790914,2598.0,555.0,1.1405405405405404,1.1627785081059352,1.0,70.1595018885157,19.248767504991335,69.49040222167969,3.844585808332976,3.8594607671928642,3.223726511001587
"azd_fib_2_2023-01-20_hO1c9-5027.nrrd","nuclei","fibrosis","192",2411.962121212121,376.8347128908306,2427.0,528.0,1.1306818181818181,1.0381553434645752,1.0,62.81225195798007,17.991784799290414,61.83123016357422,3.3347770233045924,3.0811519874646875,2.9788501262664795
"azd_fib_2_2023-01-20_hO1c9-5027.nrrd","nuclei","fibrosis","193",2425.4704595185995,372.91161130907483,2439.0,457.0,0.899343544857768,0.9658304796857666,1.0,54.08903793067849,16.27253044077019,52.52790451049805,3.006249996452415,3.2082845292031004,3.026634454727173
"azd_fib_2_2023-01-20_hO1c9-5027.nrrd","background","null","194",343.89627659574467,28.19496299309001,342.0,752.0,0.6688829787234043,0.8593124722917281,0.0,39.5100885781836,33.075341448822215,30.534423828125,1.9768757816958935,2.535860096796457,0.0
"azd_fib_2_2023-01-20_hO1c9-5027.nrrd","nuclei","airway","195",3001.0,218.55033569846594,2998.5,980.0,1.0408163265306123,1.020908759657407,1.0,50.59319378502515,13.965873513070045,50.22654724121094,3.110531586530257,3.0522543986515056,2.9329819679260254
"azd_fib_2_2023-01-20_hO1c9-5027.nrrd","nuclei","airway","196",2792.4307458143076,391.38345362670367,2850.0,657.0,1.1796042617960427,1.1131193104290762,1.0,53.57102539550224,15.472290619222182,52.742618560791016,3.2979044217497244,3.0619392045306304,2.8216705322265625
"azd_fib_2_2023-01-20_hO1c9-5027.nrrd","nuclei","airway","197",2607.5140186915887,197.09971568883444,2597.0,214.0,0.8598130841121495,0.9587609191606072,1.0,51.27752677525315,12.969972472050946,50.97049331665039,2.6943134715623946,2.995625014289464,2.953341245651245
"azd_fib_2_2023-01-20_hO1c9-5027.nrrd","nuclei","airway","198",2612.77972027972,318.9330519991074,2556.0,286.0,1.083916083916084,1.0727665725819255,1.0,53.44317179793244,16.16812802666921,53.58549499511719,3.150368602125795,3.1520350316938885,2.8453595638275146
"azd_fib_2_2023-01-20_hO1c9-5027.nrrd","nuclei","airway","199",2493.1223628691982,304.5483002206293,2489.0,237.0,0.8143459915611815,0.9429291353855094,1.0,53.372553093020926,14.913987723250873,52.125099182128906,2.6629029447016332,2.9927374969808125,2.8801844120025635
"azd_fib_2_2023-01-20_hO1c9-5027.nrrd","nuclei","airway","200",2060.143884892086,381.3936720680158,2133.0,417.0,1.1630695443645085,1.2661564254505238,1.0,63.78881730736017,19.917029951427068,63.43452835083008,4.012440332691733,4.101494553178915,3.310162305831909
"azd_fib_2_2023-01-20_hO1c9-5027.nrrd","nuclei","airway","201",2333.879781420765,383.6640297329176,2416.0,549.0,0.8597449908925319,0.9262990132019936,1.0,54.0331240238822,16.078029402483747,52.974735260009766,2.942927405699572,3.152289883444755,3.17965030670166
"azd_fib_2_2023-01-20_hO1c9-5027.nrrd","nuclei","airway","202",2092.1462686567165,218.1247640071185,2092.0,335.0,2.017910447761194,1.5436682896152176,2.0,95.11913709498164,22.152395615452924,94.11764526367188,7.444909422433199,5.72934389476789,7.2228240966796875
"azd_fib_2_2023-01-20_hO1c9-5027.nrrd","nuclei","airway","203",2109.1096033402923,336.65684647675783,2173.0,958.0,0.6356993736951984,0.7969764450339805,0.0,51.72814606525206,16.683790073644097,50.679954528808594,2.7918828705905128,3.49455505238788,0.0
"azd_fib_2_2023-01-20_hO1c9-5027.nrrd","nuclei","airway","204",1401.2179487179487,191.45272333310632,1437.5,312.0,0.49038461538461536,0.7127031866792413,0.0,53.07373330837641,19.956065019934393,51.27973175048828,2.818135700164697,4.088368525756709,0.0
"azd_fib_2_2023-01-20_hO1c9-5027.nrrd","nuclei","airway","205",1349.273942093541,175.25517941909692,1338.0,449.0,0.5055679287305123,0.7383561619071657,0.0,55.293273531779946,20.098217886360718,52.12858200073242,2.907174336618198,4.206648217293632,0.0
"azd_fib_2_2023-01-20_hO1c9-5027.nrrd","nuclei","airway","206",1370.9810017271157,109.34714086932426,1375.0,579.0,0.6476683937823834,0.8922235668862806,0.0,68.09677324146804,22.847283632554703,66.66667175292969,4.055239964025626,5.402813277887832,0.0
"azd_fib_2_2023-01-20_hO1c9-5027.nrrd","nuclei","airway","207",2277.838111298482,267.12543698866943,2246.5,1186.0,0.9055649241146712,0.9561805487317044,1.0,62.11682244698073,18.213259333982553,60.517860412597656,3.093867813756856,3.2491732474476724,3.2605154514312744
"azd_fib_2_2023-01-20_hO1c9-5027.nrrd","nuclei","airway","208",2669.806603773585,270.98268662236427,2695.0,212.0,1.0330188679245282,0.9705836127842605,1.0,56.1661380551896,14.922569794660024,54.30022048950195,3.2019444400409482,3.0227696958540653,3.028926372528076
"azd_fib_2_2023-01-20_hO1c9-5027.nrrd","nuclei","airway","209",2712.7974137931033,291.6104274123038,2731.5,464.0,0.8900862068965517,0.9675003937935968,1.0,53.89781270356014,15.284529638764699,52.318851470947266,2.7793202734199065,3.008653401769381,2.9494175910949707
"azd_fib_2_2023-01-20_hO1c9-5027.nrrd","nuclei","airway","210",2594.07881773399,549.093360467495,2722.0,203.0,0.9014778325123153,0.9901233962757897,1.0,53.03773697726245,16.813832162123624,52.61311721801758,2.8004525400734885,3.0930837194026983,2.886836051940918
"azd_fib_2_2023-01-20_hO1c9-5027.nrrd","nuclei","alveolar","211",1352.2983425414366,222.20895421297783,1398.5,362.0,0.3784530386740331,0.6208561993136559,0.0,49.22480736911626,19.488225796654554,47.804039001464844,2.6663708871240774,4.414700544950507,0.0
"azd_fib_2_2023-01-20_hO1c9-5027.nrrd","nuclei","fibrosis","212",1832.492281303602,251.75307583943217,1870.0,583.0,0.6826758147512865,0.8678042617132885,0.0,51.67891919347066,18.344028889448897,49.62779235839844,3.284906425361568,4.180967525120454,0.0
"azd_fib_2_2023-01-20_hO1c9-5027.nrrd","nuclei","fibrosis","213",2168.025882352941,397.2014564047233,2263.0,425.0,0.8141176470588235,0.9167149282691057,1.0,50.26753595913158,16.118158679101228,48.8454704284668,3.272808786280015,3.6446181528116135,3.648303747177124
"azd_fib_2_2023-01-20_hO1c9-5027.nrrd","nuclei","airway","214",1978.4157608695652,378.6239008297396,2059.0,368.0,0.7663043478260869,0.8795313557557864,1.0,56.73897642156352,18.342127979141335,55.74723815917969,3.1909196461024494,3.6878302805331433,3.799405813217163
"azd_fib_2_2023-01-20_hO1c9-5027.nrrd","nuclei","fibrosis","215",2745.9777777777776,607.3551688465378,2782.0,495.0,1.9252525252525252,1.5703698366805703,2.0,92.09638760113957,23.676692682276094,91.64969635009766,5.362007048154118,4.174655489161324,4.756242752075195
"azd_fib_2_2023-01-20_hO1c9-5027.nrrd","nuclei","fibrosis","216",1427.0977653631285,222.49246094433232,1440.5,358.0,0.5027932960893855,0.7090791888705982,0.0,52.760060251758084,20.66089693122435,50.80472946166992,2.928241862931065,4.112436350242672,0.0
"azd_fib_2_2023-01-20_hO1c9-5027.nrrd","nuclei","fibrosis","217",1944.505291005291,231.45443668972715,1914.5,756.0,0.6732804232804233,0.8107720664744099,0.0,55.532700838866056,19.038462934484404,54.82205581665039,2.834248221109784,3.3972290238702967,0.0
"azd_fib_2_2023-01-20_hO1c9-5027.nrrd","nuclei","fibrosis","218",2350.880165289256,207.27776705904813,2350.5,242.0,1.1115702479338843,1.1304675405291298,1.0,66.00150922507294,20.491758458322256,65.17918395996094,3.706779968640036,3.714774636199879,3.3112597465515137
"azd_fib_2_2023-01-20_hO1c9-5027.nrrd","nuclei","fibrosis","219",2234.758181818182,208.49416235087523,2218.5,550.0,0.7618181818181818,0.8950360799254257,1.0,50.81285726720637,14.703025779487687,49.94330978393555,3.1255038092353127,3.618696718817139,3.582306385040283
"azd_fib_2_2023-01-20_hO1c9-5027.nrrd","nuclei","fibrosis","220",2401.4031413612565,184.18768971544077,2379.0,191.0,1.1204188481675392,1.036772234267556,1.0,64.30147789161242,16.948299999878504,62.917816162109375,4.018752789622202,3.678604568275083,3.5997118949890137
"azd_fib_2_2023-01-20_hO1c9-5027.nrrd","nuclei","fibrosis","221",1899.7112810707456,161.36793945510954,1901.0,523.0,0.5621414913957935,0.7359545649727876,0.0,50.763694403048454,17.258901983221104,49.614112854003906,2.7905920290354334,3.5998079235435414,0.0
"azd_fib_2_2023-01-20_hO1c9-5027.nrrd","nuclei","fibrosis","222",2635.916753381894,201.84380651743686,2630.0,961.0,1.1383975026014568,1.1603668296392697,1.0,65.28875994409408,17.601857225220577,64.72492218017578,3.411005081917071,3.4418279676696937,3.004807710647583
"azd_fib_2_2023-01-20_hO1c9-5027.nrrd","nuclei","fibrosis","223",2686.4594594594596,367.6943901373143,2722.0,1036.0,1.085907335907336,1.0737780369166106,1.0,61.3821573459964,16.948657657748548,60.15037536621094,3.262447296192287,3.1682047407001317,3.0193235874176025
"azd_fib_2_2023-01-20_hO1c9-5027.nrrd","nuclei","fibrosis","224",2534.9322033898306,309.40826788423806,2583.5,236.0,1.0635593220338984,1.1032767638913261,1.0,58.59934937751899,17.485283658086377,56.481224060058594,3.4460281760005627,3.494942256288083,3.3266892433166504
"azd_fib_2_2023-01-20_hO1c9-5027.nrrd","nuclei","airway","225",2333.8986220472443,367.3913747282322,2377.0,1016.0,1.0846456692913387,1.0876469256689816,1.0,63.136696199732505,17.70607594610677,62.09894561767578,3.4692250354083503,3.4633054790661166,3.240440607070923
"azd_fib_2_2023-01-20_hO1c9-5027.nrrd","nuclei","airway","226",1830.5511508951406,173.4569559344739,1828.0,782.0,0.8491048593350383,0.996918667163588,1.0,64.74812204941459,19.373563260899644,64.46548461914062,3.889996527101073,4.436735117481638,4.321524620056152
"azd_fib_2_2023-01-20_hO1c9-5027.nrrd","lamella","null","227",1226.046511627907,370.883112987699,1057.0,43.0,1.302325581395349,1.035900430059124,1.0,51.56405777154967,21.207394933762178,50.86470031738281,3.5349287709524466,2.7555492043433034,2.8465700149536133
"azd_fib_2_2023-01-20_hO1c9-5027.nrrd","lamella","null","228",991.6296296296297,274.6277407899574,1027.0,27.0,1.2592592592592593,1.318291218923853,1.0,60.20023430718316,28.22368504727014,55.710304260253906,3.217487608944928,3.350863410809253,2.571355104446411
"azd_fib_2_2023-01-20_hO1c9-5027.nrrd","lamella","null","229",1421.64,574.4413140899019,1252.0,25.0,1.2,1.118033988749895,1.0,62.4488053894043,27.003171890761863,68.18181610107422,3.1026684617996216,2.900178427024352,2.564760208129883
"azd_fib_2_2023-01-20_hO1c9-5027.nrrd","lamella","null","230",2775.1666666666665,208.36746387092202,2736.5,36.0,5.944444444444445,3.0231907878403144,6.0,59.82356511221992,15.33264900126977,59.28525161743164,14.461804734336006,6.179291123664767,12.61286735534668
"azd_fib_2_2023-01-20_hO1c9-5027.nrrd","lamella","null","231",2651.695652173913,182.60474821632172,2668.0,23.0,2.5652173913043477,1.8297065576087663,2.0,52.5998593205991,13.596457702951328,52.854122161865234,6.552196564881698,4.710068778442871,5.245213985443115
"azd_fib_2_2023-01-20_hO1c9-5027.nrrd","lamella","null","232",2623.212121212121,121.65236269174902,2635.0,33.0,3.212121212121212,1.709487784351934,3.0,52.25257636561538,16.01418304260001,50.60334777832031,7.975359974485455,4.086752850739447,7.043907165527344
"azd_fib_2_2023-01-20_hO1c9-5027.nrrd","lamella","null","233",2616.2340425531916,139.65333053298326,2583.0,47.0,3.382978723404255,1.9173486164307132,3.0,51.51370870306137,14.898192434741041,51.979209899902344,7.903633741622276,4.4324448858690735,7.043907165527344
"azd_fib_2_2023-01-20_hO1c9-5027.nrrd","lamella","null","234",2768.0454545454545,199.64141744701598,2735.5,44.0,3.1363636363636362,1.7198013553613534,3.0,53.84961622411554,14.73775626328502,51.366180419921875,7.073169085112485,3.83942469416661,6.870266914367676
"azd_fib_2_2023-01-20_hO1c9-5027.nrrd","lamella","null","235",2741.076923076923,129.3719979213193,2722.0,26.0,2.9615384615384617,1.7316066350246926,2.5,53.85087724832388,16.28385670703385,53.25932312011719,7.034491594021137,4.011953679192023,6.035635471343994
"azd_fib_2_2023-01-20_hO1c9-5027.nrrd","lamella","null","236",1465.032258064516,268.44732368082543,1351.0,31.0,1.5161290322580645,1.6097819260578017,1.0,45.848537322013605,20.98697085191343,42.82655334472656,4.472836386772894,4.705757356515113,3.1786394119262695
"azd_fib_2_2023-01-20_hO1c9-5027.nrrd","lamella","null","237",1529.804347826087,309.27633236064815,1465.0,46.0,1.3695652173913044,1.2357399160408384,1.0,53.59456136952276,20.051966973258462,56.647891998291016,4.010455696479134,3.6238422260981547,3.018031597137451
"azd_fib_2_2023-01-20_hO1c9-5027.nrrd","lamella","null","238",1925.5384615384614,81.38512432587703,1922.5,26.0,2.769230769230769,1.478044446089286,2.5,63.77314508878268,20.733858914047794,61.815494537353516,10.08963171335367,5.353455869030183,9.014305114746094
"azd_fib_2_2023-01-20_hO1c9-5027.nrrd","lamella","null","239",1946.4074074074074,85.70713068766362,1969.0,27.0,2.5555555555555554,2.081665999466133,2.0,57.965139106467916,21.784857111427346,59.37654495239258,8.709052633356166,6.99345445572432,6.770480632781982
"azd_fib_2_2023-01-20_hO1c9-5027.nrrd","lamella","null","240",2073.76,85.02415343104961,2079.0,25.0,2.32,1.3140268896284681,2.0,55.893747100830076,18.48443796139629,53.404541015625,7.6470049953460695,4.307914994432693,6.629101753234863
"azd_fib_2_2023-01-20_hO1c9-5027.nrrd","lamella","null","241",1963.9310344827586,84.59986956866118,1939.0,29.0,2.413793103448276,1.6150462483274133,2.0,60.6035134545688,22.566365857655,57.8338623046875,7.616398729127029,5.03352641668696,6.761324882507324
"azd_fib_2_2023-01-20_hO1c9-5027.nrrd","lamella","null","242",2159.8947368421054,108.56329169702606,2157.0,19.0,2.789473684210526,1.4367767695018308,3.0,48.3073605989155,14.050655646381271,46.99247741699219,8.812983349749917,4.531264929856517,9.375
"azd_fib_2_2023-01-20_hO1c9-5027.nrrd","lamella","null","243",2187.904761904762,102.0852118388872,2177.0,21.0,3.0476190476190474,2.3764719749281804,3.0,53.094572248912996,13.317856037636004,53.59535598754883,9.9863939058213,7.89783683184769,9.457755088806152
"azd_fib_2_2023-01-20_hO1c9-5027.nrrd","lamella","null","244",1746.6712328767123,91.16515154050559,1750.0,73.0,2.3013698630136985,1.361014036857663,3.0,53.085696181205854,17.23612232238683,53.57143020629883,9.012499721082923,5.253858018933827,10.924982070922852
"azd_fib_2_2023-01-20_hO1c9-5027.nrrd","lamella","null","245",1978.15,131.75866095571138,2003.0,20.0,3.2,1.880649383926509,3.0,53.93811264038086,21.71700878964578,51.274085998535156,11.746795332431793,6.763178230386858,10.360381126403809
"azd_fib_2_2023-01-20_hO1c9-5027.nrrd","lamella","null","246",2032.1818181818182,85.35954007755127,2031.5,22.0,2.909090909090909,1.8233692233542071,2.5,52.71570500460538,13.592225530940167,52.53814697265625,10.41155790198933,6.491547192996991,9.034994125366211
"azd_fib_2_2023-01-20_hO1c9-5027.nrrd","lamella","null","247",2301.6666666666665,57.499832775676566,2289.0,27.0,3.1481481481481484,1.6802862325692678,3.0,58.220229113543475,13.954508048918525,58.70021057128906,10.374395847320557,5.548495650888782,9.640103340148926
"azd_fib_2_2023-01-20_hO1c9-5027.nrrd","nuclei","airway","248",2259.434362934363,197.94119864388975,2264.5,518.0,0.8223938223938224,0.8814225266707743,1.0,56.33902589878981,17.045221188159868,55.17627716064453,3.095074125238367,3.2989738619717857,3.471027374267578
"azd_fib_2_2023-01-20_hO1c9-5027.nrrd","nuclei","airway","249",1653.1057692307693,175.68633136719222,1647.5,624.0,0.7932692307692307,0.9261076234907527,1.0,70.03953425548015,20.864432640786482,68.67274475097656,4.035595554953966,4.63245860824931,4.522855281829834
"azd_fib_2_2023-01-20_hO1c9-5027.nrrd","nuclei","airway","250",2439.2122448979594,153.51093515355524,2433.5,490.0,0.926530612244898,0.9797072953395554,1.0,66.57965020938795,17.473909977980203,65.45092010498047,3.3374374360454326,3.5285844839189675,3.4524452686309814
"azd_fib_2_2023-01-20_hO1c9-5027.nrrd","nuclei","airway","251",2099.169451073986,285.2751506312783,2133.5,1676.0,0.8257756563245824,0.9320580635448481,1.0,57.056139921516106,18.128236192468414,55.84193420410156,3.3438438310828014,4.02281205194071,3.410064458847046
"azd_fib_2_2023-01-20_hO1c9-5027.nrrd","nuclei","airway","252",2498.8070351758793,199.66503375649847,2496.0,995.0,0.8673366834170855,0.9560189725451335,1.0,53.914849724122625,16.044500599488632,52.585453033447266,3.1195011764315503,3.4301278906672263,3.401360511779785
"azd_fib_2_2023-01-20_hO1c9-5027.nrrd","nuclei","AT2","253",2025.228949858089,425.7503943508449,2093.0,1057.0,1.0255439924314096,1.1156218167785636,1.0,71.40779648079777,26.15451657027076,70.45797729492188,4.234089060109408,5.016101353549687,3.862495183944702
"azd_fib_2_2023-01-20_hO1c9-5027.nrrd","lamella","null","254",1313.1052631578948,75.60022503673221,1319.0,38.0,1.9473684210526316,1.0891943072637764,2.0,50.63352080395347,22.235752225167925,49.69565200805664,10.195113834581877,5.647223953158087,10.167767524719238
"azd_fib_2_2023-01-20_hO1c9-5027.nrrd","lamella","null","255",1486.8666666666666,54.949153986294675,1491.0,15.0,1.1333333333333333,1.0600988273786194,1.0,56.03657201131185,16.56075996488054,53.404541015625,5.481929683685303,5.005821387990182,4.803073883056641
"azd_fib_2_2023-01-20_hO1c9-5027.nrrd","lamella","null","256",846.7096774193549,121.34748824440416,832.0,31.0,1.1612903225806452,1.2674587223666205,1.0,55.290386784461234,32.79623988725662,48.36759567260742,6.050583624070691,6.571631884402729,5.216484069824219
"azd_fib_2_2023-01-20_hO1c9-5027.nrrd","background","null","257",382.5328947368421,25.96275674561324,382.0,2128.0,0.6104323308270677,0.7842023914853243,0.0,37.60513635327045,31.41645273399353,27.4725284576416,1.8838194717365997,2.4260864746411106,0.0
"azd_fib_2_2023-01-20_hO1c9-5027.nrrd","background","null","258",393.0190288713911,45.45057454317977,390.0,1524.0,0.6128608923884514,0.8019951837714719,0.0,39.75386953917075,31.383541001108618,28.050546646118164,1.8991258659074939,2.477575623209035,0.0
"azd_fib_2_2023-01-20_hO1c9-5027.nrrd","background","null","259",395.9284508627157,28.715187295782886,395.0,10664.0,0.611496624156039,0.7825245070499565,0.0,38.43772682460376,31.164417898888175,27.322402954101562,1.8643263123219656,2.390996674997452,0.0
"azd_fib_2_2023-01-20_hO1c9-5027.nrrd","nuclei","airway","260",1938.6175710594316,305.0846200481759,1978.0,387.0,0.8527131782945736,0.9475967026031864,1.0,56.26174596791427,17.091888856407785,54.74452209472656,3.5176692834504197,3.911816901520435,3.926187753677368
"azd_fib_2_2023-01-20_hO1c9-5027.nrrd","nuclei","airway","261",2703.1639344262294,240.29179314827925,2675.0,244.0,1.1352459016393444,1.1083983277070535,1.0,53.73884653263405,14.602791108184922,51.59705352783203,3.4654692812044114,3.3872010396059555,3.1943817138671875
"azd_fib_2_2023-01-20_hO1c9-5027.nrrd","nuclei","airway","262",3031.0022321428573,223.2163655655739,3063.0,448.0,1.0022321428571428,1.024310504011823,1.0,49.282388840402874,13.13155441346782,48.20825958251953,3.149902901479176,3.187236643528218,3.111893653869629
"azd_fib_2_2023-01-20_hO1c9-5027.nrrd","nuclei","AT2","263",2222.2285714285713,274.3550609871718,2223.0,980.0,0.8061224489795918,0.8759429562598051,1.0,55.38795000874266,17.263868359615504,54.54545211791992,3.095734696120632,3.3897317399844367,3.537947177886963
"azd_fib_2_2023-01-20_hO1c9-5027.nrrd","lamella","null","264",863.5416666666666,293.17081816440805,799.0,24.0,0.9166666666666666,0.8805466023105079,1.0,47.35747957229614,27.327788220531396,47.87591552734375,2.556117206811905,2.4791184200143612,2.658565044403076
"azd_fib_2_2023-01-20_hO1c9-5027.nrrd","lamella","null","265",906.8,320.07526892557286,845.0,10.0,0.7,0.6749485577105528,1.0,52.04497575759888,22.444633593363946,60.527557373046875,2.3133832931518556,2.236388585213801,3.2044944763183594
"azd_fib_2_2023-01-20_hO1c9-5027.nrrd","lamella","null","266",906.1061946902655,212.0624639628557,880.0,113.0,1.1150442477876106,0.9887962774918782,1.0,45.534917029659304,25.01267700090139,41.493778228759766,3.088339552415156,2.751886410704916,2.7210886478424072
"azd_fib_2_2023-01-20_hO1c9-5027.nrrd","lamella","null","267",940.9473684210526,380.83686704184197,807.0,19.0,1.0526315789473684,1.025978352085154,1.0,51.60732886665746,23.545794620533442,51.88067626953125,3.5358365585929468,3.491990273689356,3.324467897415161
"azd_fib_2_2023-01-20_hO1c9-5027.nrrd","lamella","null","268",1141.7857142857142,383.4876747736447,1028.0,14.0,1.3571428571428572,1.0082080720186268,1.0,49.55206101281302,15.987218521180498,50.90522003173828,4.246158242225647,3.1910824654211547,3.1806936264038086
"azd_fib_2_2023-01-20_hO1c9-5027.nrrd","lamella","null","269",1313.1851851851852,338.1320903749163,1265.0,27.0,0.8888888888888888,0.8915558282417287,1.0,49.68111207750108,18.69649380501921,48.780487060546875,2.5855335571147777,2.5999603361737997,2.8074116706848145
"azd_fib_2_2023-01-20_hO1c9-5027.nrrd","background","null","270",308.7519466073415,68.84567553798806,319.0,15283.0,0.5166524896944317,0.7325383822301993,0.0,38.28709393874252,36.91154160783982,31.4465389251709,1.9096387636518788,2.9936005180258896,0.0
"azd_fib_2_2023-01-20_hO1c9-5027.nrrd","nuclei","airway","271",2332.6417910447763,241.00414633031752,2352.0,402.0,0.8905472636815921,1.0076813210994553,1.0,51.45649066849134,15.749174190632642,50.60089111328125,3.3322526050444266,3.7240785190370995,3.4867610931396484
"azd_fib_2_2023-01-20_hO1c9-5027.nrrd","nuclei","airway","272",2138.7271773347325,320.76739502027885,2112.0,953.0,0.7481636935991606,0.8754106398155722,1.0,51.15281861076075,15.82891483794279,49.80842971801758,3.104839830058319,3.652610391667145,3.310162305831909
"azd_fib_2_2023-01-20_hO1c9-5027.nrrd","nuclei","airway","273",1386.924107142857,173.1508268439903,1394.0,672.0,0.5074404761904762,0.7201204544247065,0.0,58.53760996248041,21.19845299971325,57.029136657714844,3.3907607077133086,4.80960866188386,0.0
"azd_fib_2_2023-01-20_hO1c9-5027.nrrd","nuclei","airway","274",2593.992366412214,158.48486926970014,2590.0,131.0,1.0305343511450382,1.1158917186076236,1.0,50.68221310986817,14.571019121620434,49.89604949951172,3.648493528366089,3.9783511184500298,3.445899248123169
"azd_fib_2_2023-01-20_hO1c9-5027.nrrd","nuclei","airway","275",2927.2696629213483,189.3922939175878,2941.0,178.0,0.9719101123595506,0.988234602861407,1.0,50.02554768122984,13.043064319041072,47.915767669677734,3.217633165670245,3.2677174460974245,3.2509753704071045
"azd_fib_2_2023-01-20_hO1c9-5027.nrrd","background","null","276",469.13363673976005,257.00931511362796,357.0,4834.0,0.5819197352089367,0.7923255658948734,0.0,39.32358866641479,31.85817748667112,32.467533111572266,2.0643939862924023,2.8142159045912303,0.0
"azd_fib_2_2023-01-20_hO1c9-5027.nrrd","background","null","277",312.8136042402827,104.92276037183326,314.0,11320.0,0.45724381625441696,0.6914280863363229,0.0,38.13441513755718,36.9815752464541,32.0512809753418,1.9190921060398696,3.348171847646136,0.0
"azd_fib_2_2023-01-20_hO1c9-5027.nrrd","nuclei","airway","278",2673.0245901639346,258.58847815857354,2680.5,610.0,0.898360655737705,0.9603796121506896,1.0,52.09480567994665,14.655138742226052,51.578102111816406,2.9671130356241444,3.1954249131775025,3.1407034397125244
"azd_fib_2_2023-01-20_hO1c9-5027.nrrd","nuclei","airway","279",2866.975051975052,250.18953523871866,2869.0,481.0,1.0145530145530146,1.029662291824089,1.0,51.498364993787355,14.570118393044517,50.697086334228516,3.281502240412944,3.298026045294421,3.170577049255371
"azd_fib_2_2023-01-20_hO1c9-5027.nrrd","nuclei","airway","280",2841.661111111111,193.05668092273126,2850.5,360.0,1.011111111111111,0.9759725605125452,1.0,54.340419464641144,15.079877438846125,52.810447692871094,3.1287505315409767,3.020729131551961,3.0362844467163086
"azd_fib_2_2023-01-20_hO1c9-5027.nrrd","nuclei","airway","281",2436.4609929078015,310.41824371979635,2491.0,423.0,1.0260047281323876,1.0628517795021382,1.0,60.297183970187575,17.197731650403416,59.41329574584961,3.2503656568820314,3.3748209270070224,3.137747049331665
"azd_fib_2_2023-01-20_hO1c9-5027.nrrd","nuclei","airway","282",2379.6251896813355,294.79260243883584,2432.0,659.0,0.9195751138088012,0.9697064082935161,1.0,59.81950461195163,15.86583099427876,58.87300109863281,3.025779111613272,3.169147829358826,3.225806474685669
"azd_fib_2_2023-01-20_hO1c9-5027.nrrd","nuclei","airway","283",2666.1185682326623,213.73022010536144,2652.0,447.0,1.0425055928411633,0.9979714781280028,1.0,52.34123625104593,14.664189203807243,51.525962829589844,3.188378158565069,3.039234923419587,3.0656039714813232
"azd_fib_2_2023-01-20_hO1c9-5027.nrrd","nuclei","airway","284",2809.3895781637716,184.27630290276923,2808.0,403.0,0.9156327543424317,1.025946370112673,1.0,50.041071151089724,14.714152184401096,48.09470748901367,3.059713813862197,3.4268167191665984,3.137747049331665
"azd_fib_2_2023-01-20_hO1c9-5027.nrrd","nuclei","airway","285",2807.1762013729976,259.54853937133254,2792.0,874.0,0.9519450800915332,0.9762246360011999,1.0,52.0183388221182,15.200449690007327,51.365135192871094,2.9769461384081457,3.0356192771892436,3.049710273742676
"azd_fib_2_2023-01-20_hO1c9-5027.nrrd","nuclei","AT2","286",2669.3007194244606,231.0368003099601,2659.0,695.0,1.3107913669064748,1.2445090144137416,1.0,74.52157005474722,19.362812448273093,73.78640747070312,4.351061745856306,3.922979376301602,3.5460991859436035
"azd_fib_2_2023-01-20_hO1c9-5027.nrrd","nuclei","fibrosis","287",2630.2269736842104,167.9313208158121,2643.0,304.0,1.207236842105263,1.0808016810468475,1.0,63.140520240131174,16.78376417821587,61.631736755371094,3.8580534230721626,3.4449041856519313,3.232062339782715
"azd_fib_2_2023-01-20_hO1c9-5027.nrrd","nuclei","fibrosis","288",1405.8524590163934,207.19732551769465,1381.0,427.0,0.41920374707259955,0.6607055008543261,0.0,49.93671570226236,19.932800509189967,48.979591369628906,2.7765376752098496,4.357980229145732,0.0
"azd_fib_2_2023-01-20_hO1c9-5027.nrrd","nuclei","fibrosis","289",1775.4779661016948,132.9099946946306,1780.0,295.0,0.6644067796610169,0.8325362266360322,0.0,53.73276755931014,19.298917031485683,53.09734344482422,3.44593896704205,4.328888712515243,0.0
"azd_fib_2_2023-01-20_hO1c9-5027.nrrd","lamella","null","290",2966.9661016949153,175.8084739730941,2943.0,59.0,4.491525423728813,2.299721732461622,4.0,57.69774181559934,19.438252583682377,56.49717712402344,11.308263988818153,5.5834626286889195,10.333247184753418
"azd_fib_2_2023-01-20_hO1c9-5027.nrrd","lamella","null","291",2878.78125,166.62043680076408,2867.5,32.0,4.8125,2.070335799473275,5.5,54.0322402715683,19.32117142241378,51.86922836303711,11.62349408864975,4.787729995106153,12.749859809875488
"azd_fib_2_2023-01-20_hO1c9-5027.nrrd","lamella","null","292",2656.2580645161293,100.0539746809809,2621.0,31.0,5.32258064516129,2.4547518105936703,5.0,47.437660894086285,13.822605258287608,47.49726104736328,15.056424517785349,6.407975006770245,14.265336036682129
"azd_fib_2_2023-01-20_hO1c9-5027.nrrd","lamella","null","293",2829.4,113.60290952537959,2816.5,20.0,4.8,2.587418953726911,4.0,48.21808090209961,13.821362489370834,49.8492431640625,11.598122417926788,6.345423413390714,9.857769012451172
"azd_fib_2_2023-01-20_hO1c9-5027.nrrd","lamella","null","294",2759.222222222222,226.18994686654858,2709.0,36.0,5.027777777777778,1.6645224301988006,5.0,50.15678442849053,13.15941175403278,49.691490173339844,12.848382062382168,4.356332652385396,12.095782279968262
"azd_fib_2_2023-01-20_hO1c9-5027.nrrd","lamella","null","295",2448.214285714286,144.27280706059219,2429.5,14.0,4.071428571428571,1.8590438284354558,4.0,48.50765037536621,14.619029452133638,49.41518020629883,11.291151489530291,5.01021583589409,11.398883819580078
"azd_fib_2_2023-01-20_hO1c9-5027.nrrd","lamella","null","296",2609.6666666666665,82.83426314946703,2607.0,12.0,3.6666666666666665,2.1461734799546393,3.5,57.38526471455892,19.772078073840028,53.77933883666992,10.129673818747202,6.04141210280574,9.568601608276367
"azd_fib_2_2023-01-20_hO1c9-5027.nrrd","nuclei","airway","297",1220.841463414634,96.808854736541,1232.0,246.0,0.3902439024390244,0.6594264216536314,0.0,52.65747047052151,22.26087414179146,52.51324462890625,3.181684404853883,5.273573812851042,0.0
"azd_fib_2_2023-01-20_hO1c9-5027.nrrd","nuclei","airway","298",1916.8636363636363,149.27672184973156,1933.5,198.0,0.7727272727272727,0.8332333427167082,1.0,61.06611240271366,19.615911879337684,58.543128967285156,3.3376708789305254,3.6563659198608893,3.875969409942627
"azd_fib_2_2023-01-20_hO1c9-5027.nrrd","background","null","299",637.9257195914578,306.2385147798071,549.0,1077.0,0.9266480965645311,0.960756555796593,1.0,38.203843735276045,27.11775216614847,35.335689544677734,2.6152117011053426,2.702385182153732,2.7570996284484863
"azd_fib_2_2023-01-20_hO1c9-5027.nrrd","lamella","null","300",1062.2333333333333,381.22151071245315,907.0,30.0,1.7333333333333334,1.436790804568276,2.0,35.39236510594686,16.524440741786464,38.086769104003906,5.1037450154622395,4.181844212787281,5.6562395095825195
"azd_fib_2_2023-01-20_hO1c9-5027.nrrd","lamella","null","301",1416.7222222222222,297.0840256571423,1368.5,18.0,2.0,1.2366938848016846,2.0,57.4581626256307,25.03682646390975,55.45414352416992,5.910380138291253,3.7260629049063967,5.869828701019287
"azd_fib_2_2023-01-20_hO1c9-5027.nrrd","lamella","null","302",1255.939393939394,476.45434850793544,1070.0,33.0,1.4545454545454546,1.0028368851322822,1.0,45.67096895160097,21.36727955380259,48.426151275634766,4.3577431404229365,2.914634973170285,3.409478187561035
"azd_fib_2_2023-01-20_hO1c9-5027.nrrd","lamella","null","303",1488.9285714285713,447.10529895277284,1475.5,14.0,1.7142857142857142,1.4373357526806554,1.0,50.112224442618235,15.997128717717603,47.60545349121094,5.00787547656468,4.23791464473357,2.965057373046875
"azd_fib_2_2023-01-20_hO1c9-5027.nrrd","lamella","null","304",2433.7894736842104,151.66284938323207,2441.0,19.0,5.7894736842105265,3.1724324240840995,5.0,49.39476986935264,18.9934801915297,48.07692337036133,16.676112400858027,9.097564997532386,15.2625150680542
"azd_fib_2_2023-01-20_hO1c9-5027.nrrd","lamella","null","305",2617.5384615384614,122.46770374894135,2582.0,26.0,5.538461538461538,2.9014585191695463,5.0,63.05757038409893,25.01793232742757,60.069244384765625,15.846024219806377,7.77634016140605,14.443912506103516
"azd_fib_2_2023-01-20_hO1c9-5027.nrrd","lamella","null","306",2610.0666666666666,101.61724444116801,2580.0,30.0,4.066666666666666,1.7207322686083053,4.0,70.4370091120402,17.934869818752173,67.96398162841797,11.698502826690675,4.857909192311986,11.606612205505371
"azd_fib_2_2023-01-20_hO1c9-5027.nrrd","lamella","null","307",2814.1923076923076,172.9813907287762,2838.5,26.0,8.692307692307692,3.069452469340169,9.0,61.63942755185641,19.2367096403224,66.73699188232422,24.13856414648203,8.313914326990995,23.378149032592773
"azd_fib_2_2023-01-20_hO1c9-5027.nrrd","nuclei","airway","308",3106.008130081301,337.5565889640315,3133.0,123.0,1.3008130081300813,1.1230444522798795,1.0,54.992446620289876,15.677050993839268,52.76226043701172,3.4694166338540673,2.9995689028058647,2.8336639404296875
"azd_fib_2_2023-01-20_hO1c9-5027.nrrd","nuclei","airway","309",3089.9452554744526,373.69189763051645,3140.0,274.0,0.8759124087591241,0.9679498024890025,1.0,48.87154397477199,14.545540745314597,46.99763488769531,2.584295935874438,2.8529927778069415,2.757861614227295
"azd_fib_2_2023-01-20_hO1c9-5027.nrrd","lamella","null","310",2553.2549019607845,132.44241664017684,2567.0,51.0,2.2941176470588234,1.460056405034529,2.0,48.18968937443752,17.876173572667707,48.5436897277832,5.333163205315085,3.3872521379383542,4.7869791984558105
"azd_fib_2_2023-01-20_hO1c9-5027.nrrd","lamella","null","311",2538.0,85.8988423153136,2533.0,37.0,2.5945945945945947,1.4425952589278397,3.0,53.00849399051151,13.159082325577227,51.485145568847656,6.327665567398071,3.533894671369613,6.433626174926758
"azd_fib_2_2023-01-20_hO1c9-5027.nrrd","lamella","null","312",2493.0625,270.05676363517796,2456.5,48.0,1.9583333333333333,1.3039764606499145,2.0,50.112599889437355,19.775988853298394,48.07066345214844,4.8330681423346205,3.1348046003444274,4.781573295593262
"azd_fib_2_2023-01-20_hO1c9-5027.nrrd","lamella","null","313",2537.086956521739,109.38668401737117,2520.0,23.0,2.5217391304347827,1.6200326937607632,2.0,51.870559775311015,17.281151581538396,50.173675537109375,6.273965389832206,3.993845526036928,5.098138809204102
"azd_fib_2_2023-01-20_hO1c9-5027.nrrd","nuclei","fibrosis","314",2607.510781671159,239.68199639891338,2588.5,742.0,1.1603773584905661,1.1499663166689602,1.0,61.5371655723798,15.60868713829252,61.14619064331055,3.6366727387487408,3.583844411857,3.1446542739868164
"azd_fib_2_2023-01-20_hO1c9-5027.nrrd","nuclei","airway","315",2482.88881535407,374.1840405990871,2532.0,1511.0,1.2746525479814692,1.162612721185368,1.0,67.494133079549,18.364958866727786,66.57789611816406,3.915437322354017,3.518985699095598,3.197953224182129
"azd_fib_2_2023-01-20_hO1c9-5027.nrrd","nuclei","fibrosis","316",2009.592105263158,292.94045542051725,2084.0,228.0,0.9078947368421053,1.0432619749335357,1.0,60.97218082662214,20.54847030175501,58.43075942993164,3.6371620015094153,4.166304249208434,3.8073482513427734
"azd_fib_2_2023-01-20_hO1c9-5027.nrrd","nuclei","fibrosis","317",1690.1671732522796,146.80196961040767,1687.0,658.0,0.8039513677811551,0.9377177891676226,1.0,71.81360103873858,20.960176155338456,71.52696228027344,4.01462811684536,4.664477873699569,4.4345903396606445
"azd_fib_2_2023-01-20_hO1c9-5027.nrrd","nuclei","airway","318",1918.5936139332366,223.73558226869585,1900.0,689.0,0.8896952104499274,0.9641968853468112,1.0,55.88959781732545,17.835659655559812,54.704593658447266,3.2820975168003916,3.5287223640657244,3.4129693508148193
"azd_fib_2_2023-01-20_hO1c9-5027.nrrd","lamella","null","319",2414.7916666666665,192.25890769650306,2376.5,48.0,4.375,1.9419774961993461,4.5,51.009908517201744,17.548657871185164,49.92930603027344,12.403027246395746,5.528972926080114,13.05331802368164
"azd_fib_2_2023-01-20_hO1c9-5027.nrrd","lamella","null","320",2427.740740740741,142.20234569973564,2409.0,27.0,5.814814814814815,2.0761843151659995,6.0,54.849073551319265,13.787999188751494,53.63036346435547,16.18246094385783,5.9585698123273785,16.103059768676758
"azd_fib_2_2023-01-20_hO1c9-5027.nrrd","lamella","null","321",2355.6,180.6047710702387,2302.0,25.0,4.92,3.0402850743529517,5.0,56.60682418823242,17.69668754692757,52.53940200805664,14.258250617980957,8.622647432239033,14.20051097869873
"azd_fib_2_2023-01-20_hO1c9-5027.nrrd","lamella","null","322",2405.3636363636365,120.39559612834502,2394.5,22.0,4.545454545454546,1.8955404488096772,5.0,49.11512496254661,15.557123849829479,52.004356384277344,13.031611420891501,5.322764391822983,13.87794017791748
"azd_fib_2_2023-01-20_hO1c9-5027.nrrd","lamella","null","323",2405.3870967741937,130.31185093698753,2374.0,31.0,4.548387096774194,2.5144742283748487,5.0,54.102770651540446,18.44148542925281,52.31037139892578,12.923462613936394,7.05962776078477,14.060742378234863
"azd_fib_2_2023-01-20_hO1c9-5027.nrrd","lamella","null","324",2496.5,143.1372301907043,2456.5,16.0,4.4375,2.448639077800837,4.0,45.183809995651245,11.615375339242831,42.45752716064453,12.5158212184906,7.06361226064398,11.562731742858887
"azd_fib_2_2023-01-20_hO1c9-5027.nrrd","lamella","null","325",2817.0,147.5731295711674,2811.0,36.0,3.888888888888889,2.4234305999998993,3.0,54.49930795033773,18.220096279638053,55.1588134765625,10.146551814344194,6.0713584748030085,8.147829055786133
"azd_fib_2_2023-01-20_hO1c9-5027.nrrd","lamella","null","326",2253.2758620689656,119.51267014473049,2234.0,29.0,2.8275862068965516,2.0189984348193426,3.0,47.20865275942046,14.439969351437464,46.41350173950195,6.9267401695251465,5.048911875771386,7.100592136383057
"azd_fib_2_2023-01-20_hO1c9-5027.nrrd","lamella","null","327",2395.0555555555557,84.99174563095421,2394.5,36.0,2.5555555555555554,1.697804371103951,2.0,44.85512903001573,13.069317517954167,48.48497772216797,6.5983500679334,4.358790751319947,5.194906711578369
"azd_fib_2_2023-01-20_hO1c9-5027.nrrd","lamella","null","328",2505.8928571428573,112.5022927455964,2498.5,28.0,2.142857142857143,1.9760470401187074,1.5,49.83637659890311,13.397839246231815,50.150001525878906,5.600488722324371,4.966944651579597,4.038863658905029
"azd_fib_2_2023-01-20_hO1c9-5027.nrrd","lamella","null","329",1097.3333333333333,326.4226849205938,1015.0,27.0,1.1111111111111112,0.9740215340114143,1.0,37.62260860866971,20.047083302955706,37.5,2.8152686136740224,2.548693674521644,2.411381721496582
"azd_fib_2_2023-01-20_hO1c9-5027.nrrd","lamella","null","330",2421.141025641026,121.18041978469186,2422.0,78.0,2.4871794871794872,1.6494279980080127,2.0,48.79826088440724,16.571096008741343,50.31535339355469,6.468404983862852,4.3366694138083695,5.232180118560791
"azd_fib_2_2023-01-20_hO1c9-5027.nrrd","lamella","null","331",2326.849315068493,145.34534270267378,2299.0,73.0,2.287671232876712,1.5677252811247337,2.0,51.959188330663395,17.340172262058832,48.3729133605957,5.738434190619482,3.8840178294498835,5.148005485534668
"azd_fib_2_2023-01-20_hO1c9-5027.nrrd","nuclei","AT2","332",2579.941644562334,260.137131658307,2547.5,754.0,1.1352785145888593,1.1455796398204843,1.0,56.30083586492969,15.05386339856503,55.54453659057617,3.5257294816743157,3.522164417926447,3.0883262157440186
"azd_fib_2_2023-01-20_hO1c9-5027.nrrd","nuclei","AT2","333",2314.6666666666665,227.34161136841408,2312.0,1131.0,0.8143236074270557,0.9514813590404639,1.0,53.28842962283565,16.211381971539396,52.14152908325195,2.931007766597151,3.3983254144168322,3.2605152130126953
"azd_fib_2_2023-01-20_hO1c9-5027.nrrd","nuclei","AT2","334",1414.213630406291,183.71063554081866,1385.5,1526.0,0.7418086500655308,0.9219624856796165,0.5,65.92666797400459,22.50437363704153,64.91400146484375,3.361369722167599,4.129358320496469,1.7349061965942383
"azd_fib_2_2023-01-20_hO1c9-5027.nrrd","lamella","null","335",2058.1041666666665,89.42755051313964,2046.5,48.0,3.8125,2.0696001258337478,3.0,46.68710086743037,13.66124023041509,44.31222915649414,13.118819952011108,7.11165488462703,10.703084945678711
"azd_fib_2_2023-01-20_hO1c9-5027.nrrd","lamella","null","336",2063.8474576271187,193.65627330840783,2061.0,59.0,4.11864406779661,2.3931277021325466,4.0,49.56771617824749,18.55315986013863,48.35589599609375,13.255382141824496,7.095727880214721,13.0804443359375
"azd_fib_2_2023-01-20_hO1c9-5027.nrrd","lamella","null","337",1952.1333333333334,117.87061473574242,1945.0,45.0,3.111111111111111,1.9681812349825343,3.0,47.44900483025445,19.52743970232918,43.88103103637695,10.52701030837165,6.528098168232172,9.823183059692383
"azd_fib_2_2023-01-20_hO1c9-5027.nrrd","lamella","null","338",2027.4375,145.07571716065175,2059.0,32.0,4.0625,2.1241696669978007,4.0,53.49331122636795,14.586925748465069,56.17779541015625,13.874414592981339,7.362834437197274,13.909095764160156
"azd_fib_2_2023-01-20_hO1c9-5027.nrrd","lamella","null","339",2107.16,100.75038461465047,2103.0,25.0,3.8,2.273030282830976,4.0,51.09847282409668,17.033192852791167,50.483802795410156,12.217438745498658,7.298360201810611,11.52737808227539
"azd_fib_2_2023-01-20_hO1c9-5027.nrrd","lamella","null","340",2001.7333333333333,106.36290080035738,2015.0,15.0,3.6,1.4040757000349275,3.0,50.06329485575358,17.178230702848197,49.677101135253906,11.754661909739177,4.962416646931132,9.674298286437988
"azd_fib_2_2023-01-20_hO1c9-5027.nrrd","nuclei","airway","341",2891.875294117647,368.9171699442698,2930.0,425.0,1.0094117647058825,1.0438073822676095,1.0,52.95212762047263,15.084677712032622,52.264808654785156,2.8827049221712002,2.951859642293646,2.776235342025757
"azd_fib_2_2023-01-20_hO1c9-5027.nrrd","nuclei","airway","342",2787.634692246203,438.50753065766753,2774.0,1251.0,1.0399680255795363,1.026840435012577,1.0,63.31084116471471,17.250226602943464,62.915061950683594,3.0054395751510974,2.9743048718603586,2.823263645172119
"azd_fib_2_2023-01-20_hO1c9-5027.nrrd","nuclei","airway","343",2432.2347826086957,254.62447821094585,2400.0,920.0,0.85,0.9635918478193428,1.0,55.66358154027358,16.204487612300586,54.66935729980469,2.8646491512008336,3.2392170126405717,3.1954026222229004
"azd_fib_2_2023-01-20_hO1c9-5027.nrrd","nuclei","fibrosis","344",1662.6217054263566,383.790448322773,1705.0,645.0,0.6310077519379845,0.8248657381444927,0.0,50.623488108317055,18.89562864640593,49.6963005065918,3.3127931077350943,4.479488907369756,0.0
"azd_fib_2_2023-01-20_hO1c9-5027.nrrd","nuclei","fibrosis","345",2374.2403628117913,171.84364273652656,2375.0,441.0,0.7709750566893424,0.9068783630043823,1.0,53.43653670027683,16.553290134570123,50.64277267456055,2.9503226361307155,3.4637655006081793,3.439972400665283
"azd_fib_2_2023-01-20_hO1c9-5027.nrrd","nuclei","fibrosis","346",2619.8700696055685,308.18470271220326,2606.0,431.0,0.9350348027842227,1.0048498377670008,1.0,51.79065896408187,14.690565188404847,50.60334777832031,3.0647542011986753,3.3025484265250844,3.024803400039673
"azd_fib_2_2023-01-20_hO1c9-5027.nrrd","nuclei","fibrosis","347",2435.031976744186,402.4978796321874,2474.0,1032.0,0.9098837209302325,0.9551632043231323,1.0,50.830061386722,15.281199821613372,50.361854553222656,3.1007819173409956,3.2361163374053405,3.175107955932617
"azd_fib_2_2023-01-20_hO1c9-5027.nrrd","nuclei","AT2","348",1751.3031283710895,461.29690618922336,1887.0,927.0,0.5469255663430421,0.831161939984962,0.0,53.82306951689489,18.907674573310562,53.030303955078125,3.339335324309019,6.221200416616895,0.0
"azd_fib_2_2023-01-20_hO1c9-5027.nrrd","background","null","349",458.98531482599077,228.8372867529397,382.0,4971.0,0.7473345403339369,0.8767798434585825,1.0,38.88858161877157,30.590273204169875,29.585798263549805,2.1387696773611165,2.4997301114735633,2.5419418811798096
"azd_fib_2_2023-01-20_hO1c9-5027.nrrd","lamella","null","350",2394.6932270916336,142.19219920215113,2395.0,251.0,2.350597609561753,1.5455062735020724,2.0,44.621817566009156,14.130168933208552,42.7167854309082,6.3013275809497,4.132620040122428,5.621135234832764
"azd_fib_2_2023-01-20_hO1c9-5027.nrrd","lamella","null","351",2342.3777777777777,123.00633555170475,2318.0,45.0,2.5555555555555554,1.8654216627341873,2.0,43.79817738003201,13.94015792653412,44.228214263916016,7.254038948482937,5.1779922968830485,5.979073524475098
"azd_fib_2_2023-01-20_hO1c9-5027.nrrd","lamella","null","352",2413.346153846154,160.4014818653973,2392.5,26.0,2.6538461538461537,1.6719403743508965,2.5,54.76727272914006,12.555217065993832,54.23766326904297,7.257895634724544,4.591283272365936,6.770073890686035
"azd_fib_2_2023-01-20_hO1c9-5027.nrrd","lamella","null","353",2466.0444444444443,198.4334048531551,2487.0,45.0,2.9555555555555557,1.5218940883522796,3.0,50.007345072428386,17.323864866791617,45.510963439941406,7.627761215633816,4.094445039749284,7.161613941192627
"azd_fib_2_2023-01-20_hO1c9-5027.nrrd","nuclei","airway","354",3076.532981530343,247.78591169863765,3064.0,379.0,1.16622691292876,1.0770915478001677,1.0,63.39576811777885,17.215717267507685,62.23259353637695,3.4318517248360023,3.1770829270979326,3.0039050579071045
"azd_fib_2_2023-01-20_hO1c9-5027.nrrd","nuclei","airway","355",2897.2657004830917,300.8378138226629,2820.0,207.0,1.1304347826086956,1.1223204569572298,1.0,61.94475005329519,16.04227162371179,60.9080810546875,3.3821075319667946,3.242577772690761,3.0627870559692383
"azd_fib_2_2023-01-20_hO1c9-5027.nrrd","nuclei","airway","356",2638.8859649122805,257.6539863675709,2597.0,798.0,0.8295739348370927,0.9588929045682962,1.0,54.18018736994655,13.906983273024021,53.51171112060547,2.711856932867141,3.1347412555147254,3.0048468112945557
"azd_fib_2_2023-01-20_hO1c9-5027.nrrd","nuclei","airway","357",2448.799554565702,239.2962895580074,2455.0,449.0,0.8930957683741648,1.000968946734015,1.0,49.418668075765424,15.699217082368033,48.212135314941406,3.429338572019989,3.774074342733134,3.5298268795013428
"azd_fib_2_2023-01-20_hO1c9-5027.nrrd","nuclei","airway","358",2734.9334975369457,286.5756582687746,2730.5,406.0,0.9137931034482759,0.9480099476228223,1.0,50.6836236051738,14.952635858307977,49.16594696044922,3.2272613577067557,3.3417789155185074,3.3557052612304688
"azd_fib_2_2023-01-20_hO1c9-5027.nrrd","nuclei","airway","359",2520.3676470588234,231.93263233793746,2523.5,204.0,1.0196078431372548,1.087142883162599,1.0,51.650253838183836,18.006408465894328,49.64685821533203,3.7417653775682638,3.9613753224794084,3.5920581817626953
"azd_fib_2_2023-01-20_hO1c9-5027.nrrd","nuclei","airway","360",2750.2997118155617,177.78749113953106,2746.5,694.0,0.9077809798270894,0.975972510663765,1.0,52.86054351487833,13.94827994807212,52.81026077270508,3.0106176581094175,3.2020300520783556,3.173092842102051
"azd_fib_2_2023-01-20_hO1c9-5027.nrrd","nuclei","airway","361",2565.940170940171,413.560688118506,2644.0,234.0,1.0769230769230769,1.0246225822797048,1.0,54.30681157723451,17.02541297812568,54.01300048828125,3.5250806441673865,3.2384355646673817,3.396740674972534
"azd_fib_2_2023-01-20_hO1c9-5027.nrrd","nuclei","airway","362",2763.349410503751,189.86292800168533,2750.0,933.0,0.7470525187566989,0.8631116941595935,1.0,46.731756715784755,14.408019927597254,45.69688034057617,2.6380481290663935,3.0235909203919507,3.154574155807495
"azd_fib_2_2023-01-20_hO1c9-5027.nrrd","nuclei","airway","363",2368.36917562724,159.71310806620377,2367.0,279.0,0.7455197132616488,0.8416579639064267,1.0,49.86487732138685,13.985294389080037,49.65622329711914,2.8709114896781127,3.2479109906894044,3.5816619396209717
"azd_fib_2_2023-01-20_hO1c9-5027.nrrd","nuclei","airway","364",1931.30242510699,619.48875221644,2096.0,701.0,0.7560627674750356,0.8874415338796218,1.0,50.8659664594838,21.95344075763711,51.546390533447266,3.1192838557266476,4.152894626513344,3.31345272064209
"azd_fib_2_2023-01-20_hO1c9-5027.nrrd","nuclei","airway","365",2097.2334739803096,217.12310794725425,2116.0,711.0,0.9184247538677919,0.969440549953129,1.0,63.106671982509006,18.697242797223474,61.98347091674805,3.81215580237398,3.967461802687175,3.9729835987091064
"azd_fib_2_2023-01-20_hO1c9-5027.nrrd","nuclei","fibrosis","366",1841.3417475728156,214.15529408648038,1878.0,515.0,0.6135922330097088,0.7434602744640049,0.0,58.16485787271296,18.61263254159443,56.5843620300293,2.7402470783122537,3.3048051031713945,0.0
"azd_fib_2_2023-01-20_hO1c9-5027.nrrd","nuclei","airway","367",2548.010989010989,537.3426204858148,2466.0,273.0,1.4322344322344323,1.451414544550795,1.0,52.59403758695274,15.498693366626947,52.356021881103516,3.772689249925998,3.743413415737561,3.7383177280426025
"azd_fib_2_2023-01-20_hO1c9-5027.nrrd","background","null","368",370.87163312305995,73.01053414885936,361.0,9987.0,0.6400320416541504,0.8039878568973047,0.0,38.21715742214146,32.24811786885231,29.32551383972168,1.9400262740492236,2.4391018242695552,0.0
"azd_fib_2_2023-01-20_hO1c9-5027.nrrd","nuclei","airway","369",2439.2450980392155,172.0802587603448,2429.0,408.0,0.7818627450980392,0.8693325185438834,1.0,51.47257245288176,15.4385803605875,50.483802795410156,3.1659007574997697,3.4396407501239485,3.800114154815674
"azd_fib_2_2023-01-20_hO1c9-5027.nrrd","nuclei","airway","370",2580.9402390438245,139.46988353885806,2565.0,251.0,0.7450199203187251,0.8664439390991165,1.0,52.11065878241185,14.14496353830296,51.50554656982422,2.8470490178263996,3.279566108838425,3.3647375106811523
"azd_fib_2_2023-01-20_hO1c9-5027.nrrd","nuclei","airway","371",2867.7764976958524,209.09569574131334,2864.5,434.0,0.9032258064516129,0.968243432104168,1.0,50.09992075625652,14.328340318043065,48.70668029785156,2.948884922238539,3.144566537941326,3.1196398735046387
"azd_fib_2_2023-01-20_hO1c9-5027.nrrd","nuclei","airway","372",2939.128951747088,226.46439177741257,2929.0,1202.0,0.9359400998336106,1.0323926712010787,1.0,53.122601501160176,14.91999415734265,51.347923278808594,2.9282619935303877,3.211478265973635,2.9917731285095215
"azd_fib_2_2023-01-20_hO1c9-5027.nrrd","nuclei","airway","373",2936.715625,279.917337014741,2948.5,640.0,1.1421875,1.0451923900592999,1.0,54.1060959070921,14.508236965022476,52.62046813964844,3.4317072331905365,3.1127414878837665,3.028926372528076
"azd_fib_2_2023-01-20_hO1c9-5027.nrrd","nuclei","AT2","374",2906.340924775707,263.23014684751666,2881.0,1449.0,1.1877156659765356,1.145776938163143,1.0,64.78020266157088,17.446487559366613,63.88804244995117,3.4771641867172316,3.315194784697773,2.9515938758850098
"azd_fib_2_2023-01-20_hO1c9-5027.nrrd","lamella","null","375",1525.9813664596272,532.7600359454725,1306.0,161.0,4.167701863354037,2.3217343324676505,4.0,50.70137528010777,23.934197357887143,48.123199462890625,8.533973316228167,4.668532901845845,8.476371765136719
"azd_fib_2_2023-01-20_hO1c9-5027.nrrd","nuclei","airway","376",2946.7960893854747,200.9141702739096,2933.5,716.0,1.5558659217877095,1.3023729623448275,1.0,65.12010978986432,15.498067287149212,64.07946014404297,4.276354254624031,3.5703862825770245,2.9922213554382324
