file,Roi group,Roi tags,Roi name,12C14N mean,12C14N stddev,12C14N median,area,12C22H mean,12C22H stddev,12C22H median,12C15N/12C14N mean,12C15N/12C14N stddev,12C15N/12C14N median,12C22H/12C21H mean,12C22H/12C21H stddev,12C22H/12C21H median
bleo_fib_1_2023-01-18_hO1c11-5029.nrrd,background,null,1,379.13548387096773,115.87157143543543,370.0,310.0,0.3741935483870968,0.6247162420889688,0.0,41.105564172806275,35.98309498462545,35.335689544677734,1.9814131152245307,3.319710295096788,0.0
bleo_fib_1_2023-01-18_hO1c11-5029.nrrd,nuclei,fibrosis,2,1423.6214285714286,79.26310506965162,1425.0,140.0,0.6714285714285714,0.73399328739464,1.0,69.38089595522199,24.35212243592296,68.73904418945312,3.6923374482563562,4.070213772173224,5.006265640258789
bleo_fib_1_2023-01-18_hO1c11-5029.nrrd,nuclei,fibrosis,3,1408.0144578313252,151.91187307702634,1411.0,415.0,0.4746987951807229,0.7445199752844639,0.0,54.47467627927482,18.242415109731358,52.91004943847656,2.461911248586264,3.84595188888317,0.0
bleo_fib_1_2023-01-18_hO1c11-5029.nrrd,nuclei,fibrosis,4,1516.4598540145985,110.52863415638853,1507.0,274.0,0.6204379562043796,0.8354015670249542,0.0,63.2082530599441,22.402040121774032,62.0767707824707,3.3401369996314503,4.497031307017473,0.0
bleo_fib_1_2023-01-18_hO1c11-5029.nrrd,nuclei,fibrosis,5,1465.25,121.3921591017753,1456.5,152.0,0.46710526315789475,0.6399271808520933,0.0,54.23874156098617,20.43155674314479,52.56243896484375,2.629001670762112,3.617443428342649,0.0
bleo_fib_1_2023-01-18_hO1c11-5029.nrrd,nuclei,fibrosis,6,982.8904593639576,79.97410051151007,989.0,283.0,0.3462897526501767,0.6016042508251845,0.0,52.92129726544707,23.46634896929412,51.17707443237305,2.618606803273986,4.531938034935187,0.0
bleo_fib_1_2023-01-18_hO1c11-5029.nrrd,nuclei,airway,7,1042.733695652174,110.36538154972132,1038.5,368.0,0.4157608695652174,0.6833731590726484,0.0,64.18007116214089,25.477641920705125,63.363014221191406,3.276081427283909,5.390966088318491,0.0
bleo_fib_1_2023-01-18_hO1c11-5029.nrrd,nuclei,airway,8,1493.1649746192893,130.72357133828035,1486.5,394.0,0.48984771573604063,0.7141952015456274,0.0,52.50113081326945,20.06168039060834,49.973419189453125,2.582183289648918,3.7532293803734715,0.0
bleo_fib_1_2023-01-18_hO1c11-5029.nrrd,lamella,null,9,695.2647058823529,37.3827936627546,697.5,34.0,1.2352941176470589,1.0167930431959211,1.0,50.363465168896845,28.344585117394992,55.4020881652832,10.56057224554174,8.528721892917224,8.621099472045898
bleo_fib_1_2023-01-18_hO1c11-5029.nrrd,lamella,null,10,775.1168831168832,43.091693553573705,772.0,77.0,1.2337662337662338,1.110904135047616,1.0,48.19847521843848,27.627974149718174,40.87193298339844,9.29666382306582,8.41856607989362,7.874015808105469
bleo_fib_1_2023-01-18_hO1c11-5029.nrrd,lamella,null,11,746.4545454545455,43.15854414435145,751.0,55.0,0.9818181818181818,1.0626819511466867,1.0,53.25853092887185,21.961921762109107,49.751243591308594,7.858849239349365,8.46261454806043,7.8125
bleo_fib_1_2023-01-18_hO1c11-5029.nrrd,lamella,null,12,710.6538461538462,41.736259830216994,703.0,26.0,1.0,0.9797958971132712,1.0,51.580269410060005,26.05376481836755,53.663978576660156,8.290677675834068,8.179382362708145,8.045099258422852
bleo_fib_1_2023-01-18_hO1c11-5029.nrrd,lamella,null,13,869.875,55.50582617284815,874.5,24.0,1.875,1.7523276445668041,1.5,48.5602498849233,21.798544220701217,46.43516540527344,13.748064955075582,12.596201571174042,10.794231414794922
bleo_fib_1_2023-01-18_hO1c11-5029.nrrd,lamella,null,14,894.4651162790698,57.22651268557978,896.0,43.0,1.697674418604651,1.3189982439955499,1.0,51.859246010004085,20.156839503039404,46.296295166015625,11.194941354352375,8.609090917157564,7.564296245574951
bleo_fib_1_2023-01-18_hO1c11-5029.nrrd,lamella,null,15,774.2083333333334,55.1014709554044,768.0,24.0,1.0,1.06321906614239,1.0,62.43343186378479,25.45080715878724,58.37830352783203,8.23511544863383,8.506767497291822,8.460333824157715
bleo_fib_1_2023-01-18_hO1c11-5029.nrrd,lamella,null,16,849.2368421052631,82.82330074631737,837.5,38.0,1.2894736842105263,1.3931860188332879,1.0,54.47348218215139,25.847717995187427,49.43357849121094,9.48191035421271,10.112001337090717,7.425573348999023
bleo_fib_1_2023-01-18_hO1c11-5029.nrrd,lamella,null,17,915.6578947368421,79.16260252601175,902.5,38.0,1.4736842105263157,1.1086110644298959,1.0,54.21016911456459,24.556756244728213,52.43413543701172,9.987748986796328,7.528070769685715,7.150629043579102
bleo_fib_1_2023-01-18_hO1c11-5029.nrrd,lamella,null,18,944.3703703703703,65.27936895678458,952.0,27.0,1.8888888888888888,1.3959648809042255,2.0,59.44012426446985,23.635005490092208,56.81818389892578,11.32409288265087,8.09619873880865,11.621150016784668
bleo_fib_1_2023-01-18_hO1c11-5029.nrrd,lamella,null,19,1012.1379310344828,79.36746550873845,1012.0,29.0,1.793103448275862,1.473075265869418,1.0,54.48252589127113,28.238690699586957,58.70841598510742,10.37169809999137,8.487933434416092,6.6093854904174805
bleo_fib_1_2023-01-18_hO1c11-5029.nrrd,lamella,null,20,966.4054054054054,57.2453100744989,953.0,37.0,2.081081081081081,1.622384705343382,2.0,55.08613328675966,23.930816415210376,53.47593688964844,12.291446518253636,9.857110825169624,11.111111640930176
bleo_fib_1_2023-01-18_hO1c11-5029.nrrd,lamella,null,21,864.0,41.99702370406741,865.0,33.0,1.696969696969697,1.5306217789849426,1.0,52.30933952331543,21.492590538755515,45.81901550292969,10.797792492490826,9.971884728832542,6.858710765838623
bleo_fib_1_2023-01-18_hO1c11-5029.nrrd,lamella,null,22,1143.4615384615386,87.49942741281711,1125.0,39.0,0.9743589743589743,1.2667234876096987,1.0,49.22335204099998,19.136182722961344,45.578853607177734,5.711857832395113,7.3209834315875835,5.446622848510742
bleo_fib_1_2023-01-18_hO1c11-5029.nrrd,lamella,null,23,1057.6296296296296,76.23755794990578,1066.0,27.0,0.8518518518518519,0.8182393717706754,1.0,47.100811110602486,21.820235198864623,46.94835662841797,5.264123704698351,5.019750669950393,6.035002708435059
bleo_fib_1_2023-01-18_hO1c11-5029.nrrd,lamella,null,24,1228.7058823529412,64.02818007047564,1214.5,34.0,1.2941176470588236,1.1685114012411943,1.0,73.42139140297385,27.415484620717947,71.32093811035156,7.220447386012358,6.171961053320515,6.265664100646973
bleo_fib_1_2023-01-18_hO1c11-5029.nrrd,lamella,null,25,1161.6461538461538,90.13975897395734,1161.0,130.0,1.2538461538461538,1.122784042973374,1.0,48.515334569490875,21.596658635084413,45.516700744628906,5.209704457796537,4.692601649692209,4.305706977844238
bleo_fib_1_2023-01-18_hO1c11-5029.nrrd,lamella,null,26,1276.2542372881355,127.32237090359084,1274.0,177.0,1.2429378531073447,1.024011919309803,1.0,45.856616092940506,20.411934818973226,45.871559143066406,5.454300775366314,4.518406674517729,4.482295036315918
bleo_fib_1_2023-01-18_hO1c11-5029.nrrd,lamella,null,27,1218.225,72.54052359958925,1227.5,40.0,1.1,1.0076629473115577,1.0,47.93808708190918,22.163490918877592,42.49931335449219,4.634180116653442,4.23985359044762,4.145207405090332
bleo_fib_1_2023-01-18_hO1c11-5029.nrrd,lamella,null,28,1185.5454545454545,84.29617498940932,1169.0,55.0,1.1090909090909091,1.065845643621503,1.0,46.43397750854492,18.474632017183463,44.642860412597656,4.454730458693071,4.246938661137135,3.961965322494507
bleo_fib_1_2023-01-18_hO1c11-5029.nrrd,lamella,null,29,1142.962962962963,75.6965065978022,1136.0,81.0,1.0617283950617284,1.0289032876362296,1.0,46.58348499109716,21.812964478419666,44.4444465637207,4.561301475689735,4.42269561053884,4.242681503295898
bleo_fib_1_2023-01-18_hO1c11-5029.nrrd,lamella,null,30,893.2857142857143,38.58904359678127,893.0,21.0,1.4761904761904763,1.2891488517253398,1.0,48.75594556899298,23.47093333745169,42.238651275634766,10.45348006203061,9.246824405512573,7.168458461761475
bleo_fib_1_2023-01-18_hO1c11-5029.nrrd,nuclei,AT2,31,1189.0622406639004,109.18978621589788,1176.0,964.0,0.4616182572614108,0.6938237208965887,0.0,65.70263020428385,26.736264823394848,63.28839111328125,3.08234495344993,4.646290376243959,0.0
bleo_fib_1_2023-01-18_hO1c11-5029.nrrd,background,null,32,200.7032967032967,29.820758804525006,192.0,91.0,0.3626373626373626,0.6058324578899409,0.0,36.62788357577481,46.63884123518895,31.25,2.0671956722552958,3.46501351875219,0.0
bleo_fib_1_2023-01-18_hO1c11-5029.nrrd,background,null,33,64.26086956521739,16.572814321794862,62.0,414.0,0.09903381642512077,0.3148450309704824,0.0,44.67805902969434,86.5882267921214,0.0,1.935596205762043,6.178884982797658,0.0
bleo_fib_1_2023-01-18_hO1c11-5029.nrrd,nuclei,fibrosis,34,1449.1182965299683,144.04312001273084,1430.0,634.0,0.8406940063091483,0.9140902422577736,1.0,84.64368670069457,24.324331636726193,83.08259582519531,4.929782107801468,5.390530102211776,5.491488456726074
bleo_fib_1_2023-01-18_hO1c11-5029.nrrd,nuclei,fibrosis,35,1434.8252032520325,132.11700880380482,1421.5,246.0,0.7195121951219512,0.8844376547596752,0.5,70.20729873626213,25.09350823213338,67.44145202636719,3.7977067261207393,4.610023618673705,2.259376287460327
bleo_fib_1_2023-01-18_hO1c11-5029.nrrd,nuclei,fibrosis,36,1463.2570850202428,197.3051319960342,1476.5,494.0,0.4959514170040486,0.7085280328216619,0.0,51.59180201596094,20.126258427988386,50.72416687011719,2.7200096517439314,3.9060564010113143,0.0
bleo_fib_1_2023-01-18_hO1c11-5029.nrrd,background,null,37,159.0446829755367,21.592046680133137,160.0,4006.0,0.2309036445332002,0.4786096511813594,0.0,38.173520760957565,50.87279198867238,0.0,1.70691552962057,3.5392588370538296,0.0
bleo_fib_1_2023-01-18_hO1c11-5029.nrrd,nuclei,fibrosis,38,1023.7997159090909,112.05794299746837,1007.5,704.0,0.359375,0.5988112037633309,0.0,54.00041895427487,23.397846586653767,52.18299102783203,2.523966366594488,4.175408180241403,0.0
bleo_fib_1_2023-01-18_hO1c11-5029.nrrd,nuclei,airway,39,829.8254799301919,124.10885524827286,832.0,573.0,0.28970331588132636,0.5701018948976655,0.0,56.24875108109719,25.803096851607386,53.52363967895508,2.794985019723782,5.499961235596497,0.0
bleo_fib_1_2023-01-18_hO1c11-5029.nrrd,nuclei,airway,40,1311.7847769028872,170.1556280810231,1333.0,381.0,0.4645669291338583,0.6897208694432444,0.0,55.542168529640655,21.206264027512777,54.315025329589844,2.6029535328622253,3.8637777858915894,0.0
bleo_fib_1_2023-01-18_hO1c11-5029.nrrd,nuclei,fibrosis,41,1315.1059322033898,112.47218761069695,1311.0,236.0,0.597457627118644,0.7848525395481604,0.0,60.70848633273173,20.832312576573486,57.31571578979492,3.1460088046930603,4.101728968613936,0.0
bleo_fib_1_2023-01-18_hO1c11-5029.nrrd,nuclei,fibrosis,42,1506.4924078091105,147.17647809043024,1509.0,461.0,0.4598698481561822,0.714002180289707,0.0,49.631869867411716,19.925172184446016,47.669490814208984,2.501726073970505,3.813870344845543,0.0
bleo_fib_1_2023-01-18_hO1c11-5029.nrrd,background,null,43,80.27337374679412,27.208130695708142,79.0,8578.0,0.08789927722079739,0.2936751055500919,0.0,37.882361116985194,76.18244419911025,0.0,1.7713619142346906,6.271830363733041,0.0
bleo_fib_1_2023-01-18_hO1c11-5029.nrrd,nuclei,airway,44,1167.2100371747213,169.37511014423197,1146.0,1076.0,0.42379182156133827,0.6532572621677554,0.0,52.72425555074968,21.98097739940759,50.87764358520508,2.927982512459879,4.486770242578883,0.0
bleo_fib_1_2023-01-18_hO1c11-5029.nrrd,nuclei,airway,45,1359.8287373004355,167.49721357887765,1366.0,689.0,0.45863570391872277,0.6724122636224662,0.0,52.23619801351052,19.27907116437182,51.10732650756836,2.648011130760647,3.936922114170995,0.0
bleo_fib_1_2023-01-18_hO1c11-5029.nrrd,nuclei,airway,46,728.4320175438596,79.01016616385041,713.5,456.0,0.25877192982456143,0.47222855399724983,0.0,56.12324309558199,29.459538116002378,52.980133056640625,2.856142784419813,5.239120750724297,0.0
bleo_fib_1_2023-01-18_hO1c11-5029.nrrd,nuclei,airway,47,1185.7392923649907,156.3023852539221,1202.0,537.0,0.43202979515828677,0.6826324806132538,0.0,55.03976416987414,22.286787051075986,53.19148635864258,2.7446613773509334,4.363288791255569,0.0
bleo_fib_1_2023-01-18_hO1c11-5029.nrrd,nuclei,alveolar,48,908.6614173228346,197.82252278571167,942.0,254.0,0.2992125984251969,0.5232153650836572,0.0,54.208692914857636,26.103321952257758,51.02232360839844,2.287655723376537,4.0091168517916795,0.0
bleo_fib_1_2023-01-18_hO1c11-5029.nrrd,nuclei,alveolar,49,1360.1350114416475,258.89498346636236,1402.0,437.0,0.851258581235698,0.9449671221166739,1.0,83.72338629750965,25.809258340147103,81.96720886230469,4.51548579519346,5.023005760706935,4.60405158996582
bleo_fib_1_2023-01-18_hO1c11-5029.nrrd,background,null,50,76.7008332100774,37.10619715979939,76.0,20283.0,0.08603263816989597,0.2966526801853546,0.0,38.520676053193924,87.41282052816842,0.0,1.7924562537070063,7.529976428068859,0.0
bleo_fib_1_2023-01-18_hO1c11-5029.nrrd,nuclei,airway,52,946.453488372093,124.04036207904602,955.5,516.0,0.2810077519379845,0.5218597735414771,0.0,50.33767226869746,24.092749787115185,48.3560791015625,2.403249509574831,4.498770156093652,0.0
bleo_fib_1_2023-01-18_hO1c11-5029.nrrd,nuclei,airway,53,1375.7566137566137,190.21548257108032,1419.0,189.0,0.5343915343915344,0.7615300074641693,0.0,58.9059863241892,21.175874566948757,58.52231216430664,2.4799196619205373,3.504655308995354,0.0
bleo_fib_1_2023-01-18_hO1c11-5029.nrrd,nuclei,airway,54,1281.969536423841,131.8138522450657,1284.0,755.0,0.41324503311258276,0.6842947827460524,0.0,52.763185117102616,21.25728670474826,51.858253479003906,2.6007833089260077,4.322151201203644,0.0
bleo_fib_1_2023-01-18_hO1c11-5029.nrrd,nuclei,fibrosis,55,1562.8076923076924,159.72220261965427,1548.5,494.0,0.5121457489878543,0.7026855547512925,0.0,51.694688847190456,19.883339085273732,49.90909957885742,2.84395351004504,3.933170016603537,0.0
bleo_fib_1_2023-01-18_hO1c11-5029.nrrd,nuclei,fibrosis,56,1417.5863970588234,203.5263429238944,1436.0,544.0,0.47610294117647056,0.6532104286930791,0.0,56.814707165255264,21.24949419879175,54.46318054199219,2.677195782170576,3.6668472621574413,0.0
bleo_fib_1_2023-01-18_hO1c11-5029.nrrd,nuclei,fibrosis,57,1289.2668213457077,145.43262098117484,1287.0,431.0,0.45707656612529,0.7004249814142206,0.0,50.08539316881007,20.661088350530814,47.6568717956543,2.69959302180881,4.132115580368919,0.0
bleo_fib_1_2023-01-18_hO1c11-5029.nrrd,nuclei,fibrosis,58,1511.635775862069,196.80185384999118,1467.5,928.0,0.48060344827586204,0.6980098555426696,0.0,50.62697680808347,18.98363440184276,49.504974365234375,2.6938299914372377,3.958183449767412,0.0
bleo_fib_1_2023-01-18_hO1c11-5029.nrrd,nuclei,fibrosis,59,1246.5684556407448,155.44149055615262,1247.0,913.0,0.39430449069003287,0.6265772933582736,0.0,50.76906176125233,20.618191039053453,49.059688568115234,2.410833274678359,3.84693218682692,0.0
bleo_fib_1_2023-01-18_hO1c11-5029.nrrd,nuclei,fibrosis,60,1423.7782101167315,143.06235471236417,1420.0,257.0,0.4591439688715953,0.6244404109666902,0.0,51.68480758815424,19.99536833237238,50.65122985839844,2.5950712879344184,3.52341287580418,0.0
bleo_fib_1_2023-01-18_hO1c11-5029.nrrd,nuclei,fibrosis,61,1537.8,131.4877828432628,1539.0,325.0,0.48307692307692307,0.6647122348623414,0.0,50.26534329634446,17.424940565268315,48.81024932861328,2.6080704733041618,3.5904684188932,0.0
bleo_fib_1_2023-01-18_hO1c11-5029.nrrd,nuclei,fibrosis,62,1456.7830188679245,131.87590989178096,1452.5,318.0,0.44654088050314467,0.6938012946758311,0.0,48.60428549508629,18.490866129314593,47.07541275024414,2.424067443271853,3.7936558112054857,0.0
bleo_fib_1_2023-01-18_hO1c11-5029.nrrd,nuclei,fibrosis,63,1380.1340839303991,131.8943994938114,1373.0,977.0,0.4626407369498465,0.6826947471044775,0.0,55.16031702465264,21.06909950492377,53.92912292480469,2.5545453893491654,3.756311209407603,0.0
bleo_fib_1_2023-01-18_hO1c11-5029.nrrd,nuclei,fibrosis,64,844.3032069970845,98.1159128689437,839.0,343.0,0.2478134110787172,0.48946760687729907,0.0,51.551784865710204,24.824266575917108,49.21259689331055,2.440447195625861,4.852788855333889,0.0
bleo_fib_1_2023-01-18_hO1c11-5029.nrrd,nuclei,fibrosis,65,1001.295358649789,93.16110134029459,994.0,474.0,0.9978902953586498,1.0694665741701062,1.0,120.22293299662915,39.68736230948699,118.36144256591797,8.27039602838991,8.953159814981408,7.902026176452637
bleo_fib_1_2023-01-18_hO1c11-5029.nrrd,nuclei,fibrosis,66,957.988614800759,116.03422336044623,950.0,1054.0,0.36717267552182165,0.6092856765770172,0.0,55.61529872177674,24.23305272291973,53.966556549072266,2.596483252758772,4.297168816925766,0.0
bleo_fib_1_2023-01-18_hO1c11-5029.nrrd,nuclei,fibrosis,67,1753.4810344827586,194.79376983304005,1737.0,580.0,0.7189655172413794,0.8365479062789721,1.0,54.27744470958052,19.0870808962617,53.31920623779297,2.875507892000264,3.3800442251008493,3.4037537574768066
bleo_fib_1_2023-01-18_hO1c11-5029.nrrd,nuclei,fibrosis,68,1267.5820895522388,170.70246306728544,1251.0,871.0,0.4305396096440873,0.6410727776063287,0.0,65.75026071769635,26.131981631330262,63.53239822387695,2.5248300238126453,3.7655916060427823,0.0
bleo_fib_1_2023-01-18_hO1c11-5029.nrrd,nuclei,fibrosis,69,881.21875,141.70841960004802,887.0,544.0,0.2922794117647059,0.5504519715491463,0.0,49.33147641665795,25.560773770310877,46.84938049316406,2.8123207644504657,5.286917199976607,0.0
bleo_fib_1_2023-01-18_hO1c11-5029.nrrd,nuclei,fibrosis,70,490.11267605633805,61.209237894662614,482.5,426.0,0.14788732394366197,0.3684086560634385,0.0,53.56706626426446,32.789430934160016,47.675872802734375,2.4515816527353205,6.148316263595683,0.0
bleo_fib_1_2023-01-18_hO1c11-5029.nrrd,nuclei,airway,71,433.95310344827584,88.89318195269954,434.0,725.0,0.1793103448275862,0.4470431634832884,0.0,53.27006922097042,38.02206632575672,49.01961135864258,2.9675197127769732,7.476498327247859,0.0
bleo_fib_1_2023-01-18_hO1c11-5029.nrrd,nuclei,airway,72,480.6271186440678,181.7398713385233,464.0,472.0,0.2245762711864407,0.5337741979364209,0.0,52.37600197226314,34.95507944907893,47.676414489746094,2.528390766705497,6.08687847788029,0.0
bleo_fib_1_2023-01-18_hO1c11-5029.nrrd,background,null,73,204.26111908177904,42.382449677557126,193.0,1394.0,0.3357245337159254,0.5714435055071694,0.0,40.15180473108716,44.41308713584795,43.95625305175781,1.8623590722487682,3.170944705311243,0.0
bleo_fib_1_2023-01-18_hO1c11-5029.nrrd,nuclei,fibrosis,74,1418.4982269503546,187.59719800739427,1441.0,564.0,0.46631205673758863,0.6721561090640089,0.0,50.607473813050184,19.70403795963181,48.658203125,2.694373550989949,3.8785877362666854,0.0
bleo_fib_1_2023-01-18_hO1c11-5029.nrrd,nuclei,fibrosis,75,1109.677880571909,131.48256413019834,1095.0,1189.0,0.3549201009251472,0.6059634323300391,0.0,53.34622570162966,22.97765154154147,51.49330520629883,2.383405782877647,4.079458054319466,0.0
bleo_fib_1_2023-01-18_hO1c11-5029.nrrd,nuclei,fibrosis,76,1181.2373626373626,74.49460206969623,1177.0,455.0,0.4197802197802198,0.6449088622255428,0.0,51.67556963490916,22.135125957916507,50.5902214050293,2.7013520775260504,4.144040740671601,0.0
bleo_fib_1_2023-01-18_hO1c11-5029.nrrd,nuclei,fibrosis,77,941.2449888641426,93.27380310936319,939.0,449.0,0.34075723830734966,0.5803019198377307,0.0,51.14105395166274,25.372112900328677,49.20049285888672,2.908231472915955,5.022726929981793,0.0
bleo_fib_1_2023-01-18_hO1c11-5029.nrrd,nuclei,fibrosis,78,891.1929347826087,121.56721043498516,889.5,368.0,0.375,0.5957387280952855,0.0,80.39499244482622,31.493501969046278,74.66685485839844,3.087404331435328,4.887443052784518,0.0
bleo_fib_1_2023-01-18_hO1c11-5029.nrrd,nuclei,airway,79,1295.8035714285713,131.69676286970434,1293.0,896.0,0.5,0.7246652087719331,0.0,56.78773318284324,21.840208953387865,55.11811065673828,2.7842648596103703,4.041429404265393,0.0
bleo_fib_1_2023-01-18_hO1c11-5029.nrrd,nuclei,airway,80,1388.0662525879918,298.50372322621234,1414.0,483.0,0.6211180124223602,0.7884863858368026,0.0,57.70191085017739,21.44393221672534,56.457305908203125,2.611585296212269,3.4021931600309117,0.0
bleo_fib_1_2023-01-18_hO1c11-5029.nrrd,nuclei,AT2,81,1296.9486404833838,160.67154636306194,1269.5,1324.0,0.7386706948640483,0.8569576785960508,1.0,87.8221875720874,27.072213783536796,86.13882446289062,3.793195989196754,4.388978472510222,4.534119606018066
bleo_fib_1_2023-01-18_hO1c11-5029.nrrd,lamella,null,82,1392.8139534883721,109.11707470025323,1393.0,43.0,2.9767441860465116,1.9332722333492516,2.0,59.6388817720635,21.111078647711334,57.84526443481445,12.56967356038648,8.233643247068686,9.935420036315918
bleo_fib_1_2023-01-18_hO1c11-5029.nrrd,lamella,null,83,1452.5,87.14207901745213,1446.0,32.0,2.96875,1.5342198816210442,3.0,40.56271614134312,16.319267679780317,37.98292541503906,11.738379947841167,6.071799372228393,11.016616821289062
bleo_fib_1_2023-01-18_hO1c11-5029.nrrd,lamella,null,84,1504.375,81.30768855029211,1493.0,24.0,2.875,1.541103500742244,3.0,58.984558502833046,20.19061994278313,56.34518051147461,10.956837584575018,5.897092939868026,11.246732711791992
bleo_fib_1_2023-01-18_hO1c11-5029.nrrd,lamella,null,85,1614.3333333333333,126.97562570749366,1633.0,15.0,3.6666666666666665,2.225394561056747,4.0,69.49875043233236,25.114914442963602,62.965084075927734,13.900161695480346,8.198187761514708,13.544017791748047
bleo_fib_1_2023-01-18_hO1c11-5029.nrrd,nuclei,fibrosis,86,1468.3386004514673,127.39788040612561,1450.0,443.0,0.9029345372460497,0.980380138090295,1.0,78.0661122901176,22.683112697604667,77.31958770751953,4.535227118980804,4.973340897546188,4.76417350769043
bleo_fib_1_2023-01-18_hO1c11-5029.nrrd,nuclei,fibrosis,87,1392.8608695652174,169.9340101208504,1361.0,345.0,0.5246376811594203,0.7701566204919819,0.0,52.27748875410661,21.16878856034237,48.3870964050293,2.744227253181347,3.9974943417523146,0.0
bleo_fib_1_2023-01-18_hO1c11-5029.nrrd,nuclei,fibrosis,88,564.5566666666666,89.70186264784608,559.5,600.0,0.17833333333333334,0.42837257225066355,0.0,53.735474561055504,32.642875525330034,50.420310974121094,2.435484496752421,5.842341995730256,0.0
bleo_fib_1_2023-01-18_hO1c11-5029.nrrd,nuclei,fibrosis,89,670.1123595505618,179.3682734272894,639.5,712.0,0.25702247191011235,0.49464770688307325,0.0,50.94471730409044,28.5342759213674,48.671722412109375,3.038188678495,5.988343359814472,0.0
bleo_fib_1_2023-01-18_hO1c11-5029.nrrd,background,null,90,195.4374149659864,17.842471992176616,195.0,1470.0,0.3326530612244898,0.5789198252770926,0.0,39.06789218617134,45.31173339192839,45.76683044433594,1.8696182967854196,3.2600187830157488,0.0
bleo_fib_1_2023-01-18_hO1c11-5029.nrrd,nuclei,fibrosis,91,991.8761904761905,137.02072036952546,1015.0,630.0,0.3619047619047619,0.5987343756629476,0.0,50.48476676486787,22.952473217981943,48.14637756347656,2.987767037134322,4.929348054862025,0.0
bleo_fib_1_2023-01-18_hO1c11-5029.nrrd,nuclei,fibrosis,92,1440.1101694915253,174.77229100595642,1440.0,944.0,0.4713983050847458,0.6871242378006747,0.0,53.202192753048266,20.878617438817255,52.22663879394531,2.727244935803494,3.9844036604206607,0.0
bleo_fib_1_2023-01-18_hO1c11-5029.nrrd,nuclei,fibrosis,93,1258.1464699683877,188.40166782576517,1272.0,949.0,0.4815595363540569,0.7003068133263777,0.0,54.71778131511113,21.09347650323389,53.030303955078125,2.6784757924657727,3.8941633331748813,0.0
bleo_fib_1_2023-01-18_hO1c11-5029.nrrd,nuclei,fibrosis,94,655.0812379110251,73.90002921409742,664.0,517.0,0.21470019342359767,0.4683143914553006,0.0,52.36110643722564,29.261520232229376,47.09576416015625,2.7786557125630185,6.0478354560246865,0.0
bleo_fib_1_2023-01-18_hO1c11-5029.nrrd,nuclei,airway,95,1453.8172043010752,260.8852889158037,1490.5,186.0,0.532258064516129,0.7139780131859738,0.0,56.411887635466876,19.640649230927345,55.4154167175293,2.76337436450425,3.7250966449629312,0.0
bleo_fib_1_2023-01-18_hO1c11-5029.nrrd,nuclei,airway,96,1512.1195652173913,113.53895999687298,1510.0,92.0,0.5,0.7032108464077431,0.0,53.81343261055324,19.26013621275661,54.86991882324219,2.4304243170696758,3.4287839901392765,0.0
bleo_fib_1_2023-01-18_hO1c11-5029.nrrd,lamella,null,97,1417.9,151.37570851429606,1394.5,40.0,1.6,1.3737465148925718,1.0,56.00861616134644,22.070925043533293,53.53766632080078,5.454654413461685,4.690337654319704,3.73630428314209
bleo_fib_1_2023-01-18_hO1c11-5029.nrrd,lamella,null,98,1529.9714285714285,127.00705995066149,1553.0,35.0,2.6,1.459250411925891,2.0,56.2676477432251,20.218177018047122,58.411216735839844,9.72579607282366,5.561314020662566,8.295312881469727
bleo_fib_1_2023-01-18_hO1c11-5029.nrrd,lamella,null,99,1419.1538461538462,120.50749098962847,1447.5,26.0,2.423076923076923,1.9219381243542035,2.5,60.60730706728422,15.940108456887536,60.687904357910156,9.043770212393541,7.040724294402594,9.301151275634766
bleo_fib_1_2023-01-18_hO1c11-5029.nrrd,nuclei,fibrosis,100,1077.6601307189542,110.03154812580621,1087.5,612.0,0.46895424836601307,0.7173443143524622,0.0,59.1214387884327,23.028792837917965,58.508060455322266,3.2071891656888076,4.924639321702174,0.0
bleo_fib_1_2023-01-18_hO1c11-5029.nrrd,background,null,101,87.07586837294333,15.354363312271731,87.0,2188.0,0.11654478976234003,0.3443190257596104,0.0,37.13651806693626,66.67453118502198,0.0,1.6956736344088148,5.04327503875063,0.0
bleo_fib_1_2023-01-18_hO1c11-5029.nrrd,nuclei,AT2,102,1384.3488372093022,137.41009494558315,1390.0,2021.0,0.8985650667986146,0.9875978053316538,1.0,78.21891754302337,26.098685681029167,75.75757598876953,4.371840793622832,4.767960763468734,4.6772685050964355
bleo_fib_1_2023-01-18_hO1c11-5029.nrrd,lamella,null,103,1425.695652173913,89.72049263361728,1425.0,23.0,1.9130434782608696,1.4432615676200797,2.0,41.468159198760986,16.520688322958026,39.70880126953125,7.664921750193057,5.885640602771335,7.9396586418151855
bleo_fib_1_2023-01-18_hO1c11-5029.nrrd,lamella,null,104,1334.5714285714287,87.93766523528451,1330.0,14.0,1.7142857142857142,1.6374732612530445,1.0,55.51383331843785,15.413077004170718,54.841156005859375,6.912908315658569,6.57474839830119,4.284744739532471
bleo_fib_1_2023-01-18_hO1c11-5029.nrrd,lamella,null,105,1204.7142857142858,106.60742402451555,1210.5,14.0,0.7142857142857143,0.9138735334633754,0.5,74.65473447527204,27.72305591448995,70.07150268554688,3.2456223283495222,3.9510345517472576,2.1663777828216553
bleo_fib_1_2023-01-18_hO1c11-5029.nrrd,lamella,null,106,1442.5454545454545,72.63524480497597,1445.5,22.0,2.272727272727273,1.4534628005401833,2.0,46.80450222708962,14.23351778062305,45.093544006347656,9.257055174220692,5.809951214254589,8.391155242919922
bleo_fib_1_2023-01-18_hO1c11-5029.nrrd,lamella,null,107,1399.5555555555557,82.4551373366306,1404.5,18.0,1.3888888888888888,1.1950332945836273,1.0,53.260227309332954,22.671641755072887,46.798439025878906,5.519780119260152,4.76958410068263,4.213715076446533
bleo_fib_1_2023-01-18_hO1c11-5029.nrrd,lamella,null,108,1392.1538461538462,78.88054909571197,1383.0,13.0,2.0,1.4719601443879744,2.0,43.877535599928635,12.493999328723843,42.7655029296875,8.313409126721895,6.014395308515511,8.143321990966797
bleo_fib_1_2023-01-18_hO1c11-5029.nrrd,lamella,null,109,1496.1176470588234,79.24793558268661,1486.0,17.0,1.8823529411764706,1.3173056280328643,2.0,58.16151675056009,23.660632129324906,58.027076721191406,7.293102783315322,5.104772324613478,7.32600736618042
bleo_fib_1_2023-01-18_hO1c11-5029.nrrd,lamella,null,110,1458.84,96.37456441751976,1426.0,25.0,2.04,1.567375726067833,2.0,62.90832420349121,23.438169458044786,58.064517974853516,7.938345851898194,6.04691908124025,7.082152843475342
bleo_fib_1_2023-01-18_hO1c11-5029.nrrd,lamella,null,111,1446.0625,91.7601720065229,1429.5,16.0,1.4375,0.8920949127381756,1.0,46.641061782836914,18.047726328546798,42.55094528198242,5.552857398986816,3.2574471948006947,4.048593521118164
bleo_fib_1_2023-01-18_hO1c11-5029.nrrd,lamella,null,112,1088.032258064516,92.42559572779193,1090.0,62.0,1.2903225806451613,1.2198776715638813,1.0,45.79667260569911,19.95778808467786,44.513031005859375,7.145519948774768,6.631002004365347,5.819387435913086
bleo_fib_1_2023-01-18_hO1c11-5029.nrrd,lamella,null,113,1131.549019607843,73.57073160584723,1131.0,51.0,1.7058823529411764,1.315965313327959,1.0,52.86668818604712,20.171555194642625,56.089744567871094,9.305326667486453,7.229240387820055,5.807200908660889
bleo_fib_1_2023-01-18_hO1c11-5029.nrrd,lamella,null,114,1121.2666666666667,49.96200855500682,1120.0,30.0,1.7333333333333334,1.112106833535071,1.5,58.58072668711345,27.881025612346566,54.275962829589844,9.668781407674153,6.1016117432804915,8.362963676452637
bleo_fib_1_2023-01-18_hO1c11-5029.nrrd,lamella,null,115,1196.142857142857,103.6484610803294,1197.5,42.0,1.5,1.234661995811987,1.0,55.83704594203404,22.4986572590113,53.58900833129883,7.677555924370175,6.130676001053,5.732595443725586
bleo_fib_1_2023-01-18_hO1c11-5029.nrrd,background,null,116,301.7357433808554,56.20318213886305,301.0,1964.0,0.31873727087576376,0.5576634485695562,0.0,48.347347582916136,40.458709177187174,39.370079040527344,1.8637830689094217,3.264370247313406,0.0
bleo_fib_1_2023-01-18_hO1c11-5029.nrrd,nuclei,airway,117,1104.7884344146685,130.93461442979398,1101.0,709.0,0.44851904090267986,0.6799914267000133,0.0,53.38536647142914,22.372477561727937,52.356021881103516,2.62259154730018,3.9838169818934994,0.0
bleo_fib_1_2023-01-18_hO1c11-5029.nrrd,nuclei,airway,118,1353.2910216718267,136.64735231351744,1351.0,323.0,0.47987616099071206,0.7321778859443663,0.0,53.20982704074021,19.99281639913233,53.085601806640625,2.5498590661276235,3.8484597030183867,0.0
bleo_fib_1_2023-01-18_hO1c11-5029.nrrd,nuclei,airway,119,1402.4636627906978,152.18729885380043,1385.5,688.0,0.5087209302325582,0.7377802918071518,0.0,55.686570053876835,21.508845511987072,53.23206329345703,2.700202000695606,3.924937060213026,0.0
bleo_fib_1_2023-01-18_hO1c11-5029.nrrd,nuclei,fibrosis,120,1117.2135176651307,140.06737566144344,1102.0,651.0,0.4423963133640553,0.6867872380776945,0.0,51.90574957954536,22.996465595345008,50.30181121826172,2.7241015771200763,4.225118571780251,0.0
bleo_fib_1_2023-01-18_hO1c11-5029.nrrd,nuclei,fibrosis,121,1016.8521505376344,78.08825728162884,1025.0,372.0,0.3279569892473118,0.5964613694624253,0.0,49.934357914873345,22.255063714436467,48.100059509277344,2.6777319421050367,4.866316915867687,0.0
bleo_fib_1_2023-01-18_hO1c11-5029.nrrd,nuclei,fibrosis,122,900.4084186575654,82.21449789914539,894.0,879.0,0.3003412969283277,0.5490827904046797,0.0,61.66620197014055,27.693509601642557,58.685447692871094,2.4506143422392586,4.5161456514977,0.0
bleo_fib_1_2023-01-18_hO1c11-5029.nrrd,nuclei,fibrosis,123,836.8023774145616,103.42163121834473,833.0,673.0,0.2659732540861813,0.5166726010391338,0.0,50.57035470256834,27.001101379502856,47.84688949584961,2.6615365143162357,5.200583833827273,0.0
bleo_fib_1_2023-01-18_hO1c11-5029.nrrd,nuclei,fibrosis,124,497.0436781609195,386.6696042882724,383.0,435.0,0.1632183908045977,0.42233576485837726,0.0,49.75006072603423,37.38096764196775,45.146728515625,2.5606749562011366,7.538016559877596,0.0
bleo_fib_1_2023-01-18_hO1c11-5029.nrrd,nuclei,fibrosis,125,687.6739299610895,99.6509264729965,675.0,1285.0,0.2529182879377432,0.49514901971947173,0.0,63.02806742849981,31.121268122002526,59.3471794128418,2.622635214245273,5.171122767231745,0.0
bleo_fib_1_2023-01-18_hO1c11-5029.nrrd,nuclei,fibrosis,126,1049.7450643776824,109.88874131346302,1037.0,1165.0,0.41201716738197425,0.6436524320728347,0.0,61.274131752800024,24.61792599904649,59.80861282348633,2.612257619784114,4.084610876231851,0.0
bleo_fib_1_2023-01-18_hO1c11-5029.nrrd,nuclei,fibrosis,127,744.1530398322851,128.55498533599922,730.0,1431.0,0.6792452830188679,0.8713680205325162,0.0,105.04459767238316,40.03263039376063,102.04081726074219,6.5465511482633305,8.33286445258825,0.0
bleo_fib_1_2023-01-18_hO1c11-5029.nrrd,nuclei,fibrosis,128,294.85833333333335,83.18003813540602,283.0,1080.0,0.09907407407407408,0.31695825260792443,0.0,56.714785992657696,46.676531289109235,48.78165054321289,2.5230244044904357,8.230013936937038,0.0
bleo_fib_1_2023-01-18_hO1c11-5029.nrrd,nuclei,fibrosis,129,1187.2369477911648,92.23027414068447,1180.0,249.0,0.2971887550200803,0.5388459596769167,0.0,46.09118802863431,19.007368806223077,44.20866394042969,2.2269290786191642,4.082627559028847,0.0
bleo_fib_1_2023-01-18_hO1c11-5029.nrrd,nuclei,fibrosis,130,1325.7471819645732,170.6438218997922,1293.0,1242.0,0.45491143317230276,0.6987816266118402,0.0,54.37166064756888,21.1524974003849,53.19148635864258,2.5421418515956344,3.896107228860443,0.0
bleo_fib_1_2023-01-18_hO1c11-5029.nrrd,nuclei,fibrosis,131,1301.8667642752562,149.4699689319767,1287.5,1366.0,0.49633967789165445,0.7013757795704819,0.0,65.44545570404254,23.25926801176836,63.11637878417969,2.7111549126107035,3.8371508129302345,0.0
bleo_fib_1_2023-01-18_hO1c11-5029.nrrd,nuclei,fibrosis,132,1492.808988764045,286.5008892224891,1535.0,712.0,0.41151685393258425,0.6671154204816271,0.0,50.59061906243978,20.358555113716786,48.61744689941406,2.245474179139298,3.6088428903753393,0.0
bleo_fib_1_2023-01-18_hO1c11-5029.nrrd,nuclei,fibrosis,133,1467.0959488272922,130.02523327020697,1464.0,469.0,0.5287846481876333,0.7144141812197745,0.0,53.063487679211065,20.24645304615201,51.48005294799805,2.6415632203189547,3.560432598821781,0.0
bleo_fib_1_2023-01-18_hO1c11-5029.nrrd,nuclei,fibrosis,134,1269.474358974359,107.00680549040393,1271.5,234.0,0.6025641025641025,0.7057047174518111,0.0,61.86626729802189,21.680748380040292,60.655296325683594,3.187279018581423,3.7603644087150125,0.0
bleo_fib_1_2023-01-18_hO1c11-5029.nrrd,nuclei,fibrosis,135,353.2611464968153,62.96800268875276,354.0,1570.0,0.12929936305732484,0.355913558316985,0.0,61.58991287255743,42.7146739006313,56.657222747802734,2.742742901091363,7.673738812677694,0.0
bleo_fib_1_2023-01-18_hO1c11-5029.nrrd,nuclei,fibrosis,136,1414.1988742964352,182.6506017771567,1446.0,533.0,0.4709193245778612,0.694770002418928,0.0,48.76332354500862,21.294421647919034,45.602603912353516,2.5444895214703473,3.7278479582000323,0.0
bleo_fib_1_2023-01-18_hO1c11-5029.nrrd,nuclei,fibrosis,137,1029.3779411764706,124.09353133848454,1005.0,680.0,0.5838235294117647,0.7819974225099896,0.0,81.20997260879068,29.62388960883075,79.80474853515625,3.465283250107485,4.645313053407381,0.0
bleo_fib_1_2023-01-18_hO1c11-5029.nrrd,nuclei,fibrosis,138,941.6355140186915,79.77700081986715,935.0,321.0,0.4797507788161994,0.7204997832717954,0.0,60.597436067099885,24.40255329026073,58.0720100402832,2.871875736200921,4.282013082870658,0.0
bleo_fib_1_2023-01-18_hO1c11-5029.nrrd,nuclei,alveolar,139,806.7875318066158,77.01231200940548,802.0,786.0,0.22010178117048346,0.4693434794788434,0.0,52.03560605303932,25.091711330315526,49.14012145996094,2.4018438529725596,5.178091418326632,0.0
bleo_fib_1_2023-01-18_hO1c11-5029.nrrd,nuclei,alveolar,140,1079.0442804428044,118.55902276584516,1084.0,813.0,0.32595325953259535,0.5751658426759286,0.0,54.399107939496105,23.15336052272542,53.47593688964844,2.3934044063751108,4.257927557252529,0.0
bleo_fib_1_2023-01-18_hO1c11-5029.nrrd,nuclei,alveolar,141,1406.805601317957,247.31638540546723,1461.0,607.0,0.46787479406919275,0.6835207323544269,0.0,50.16785131686995,20.002736025689163,48.63813018798828,2.533504786169313,3.720151182071233,0.0
bleo_fib_1_2023-01-18_hO1c11-5029.nrrd,nuclei,alveolar,142,1473.9713983050847,221.26608652809725,1475.0,944.0,0.5042372881355932,0.7134394242957166,0.0,53.49677328841161,21.075302414357928,52.064029693603516,2.6621166417154214,3.814047732181582,0.0
bleo_fib_1_2023-01-18_hO1c11-5029.nrrd,nuclei,fibrosis,143,376.70017953321366,62.61051998025512,375.0,557.0,0.12387791741472172,0.3559676842963149,0.0,49.804888001036176,36.91602305823823,45.146728515625,2.3435249448464632,6.718071938693051,0.0
bleo_fib_1_2023-01-18_hO1c11-5029.nrrd,nuclei,fibrosis,144,766.0,77.53657746075189,762.0,380.0,0.45789473684210524,0.6782063800227954,0.0,81.33929547761616,31.51772242872893,78.93486022949219,4.403925162867496,6.514624374227479,0.0
bleo_fib_1_2023-01-18_hO1c11-5029.nrrd,nuclei,fibrosis,145,1460.6561514195585,145.50689869808693,1447.5,634.0,0.5,0.7137777476118052,0.0,51.847867720510685,19.60905598369867,50.475547790527344,2.5907762562062837,3.682758336114277,0.0
bleo_fib_1_2023-01-18_hO1c11-5029.nrrd,nuclei,fibrosis,146,1576.4106666666667,260.3372594462258,1581.0,375.0,0.576,0.7697211106857431,0.0,53.773069627126056,19.541492444558315,52.980133056640625,2.731776825586955,3.630184349044641,0.0
bleo_fib_1_2023-01-18_hO1c11-5029.nrrd,nuclei,fibrosis,147,1060.0220048899755,162.83885335403477,1081.0,409.0,0.3276283618581907,0.6024822011670098,0.0,51.79267598830692,23.114880016071627,50.5902214050293,2.3360123972438074,4.280543841354486,0.0
bleo_fib_1_2023-01-18_hO1c11-5029.nrrd,nuclei,fibrosis,148,1304.6791510611736,145.51622994456116,1293.0,801.0,0.418227215980025,0.6527766488687877,0.0,55.499223434076775,22.384258744633726,52.693206787109375,2.4317677083533353,3.7901526773904877,0.0
bleo_fib_1_2023-01-18_hO1c11-5029.nrrd,nuclei,fibrosis,149,1302.0293255131965,135.65379492908178,1302.0,341.0,0.4398826979472141,0.65083113222275,0.0,53.581879505314085,22.059087492611063,51.85184860229492,2.5361598132292897,3.755427724196664,0.0
bleo_fib_1_2023-01-18_hO1c11-5029.nrrd,nuclei,airway,150,611.1189458689458,91.94472577992424,608.0,1404.0,0.21581196581196582,0.4511875313260252,0.0,52.26000335617283,30.66516123274917,49.09983825683594,2.5580481267043327,5.390677311826585,0.0
bleo_fib_1_2023-01-18_hO1c11-5029.nrrd,nuclei,airway,151,1352.8569518716577,136.20848700747376,1335.0,748.0,0.5133689839572193,0.7102861671921078,0.0,68.0744937543563,23.383126657042062,66.64199829101562,3.078510759348538,4.317540182037545,0.0
bleo_fib_1_2023-01-18_hO1c11-5029.nrrd,nuclei,airway,152,591.7126030624264,110.45162367988385,585.0,849.0,0.18374558303886926,0.4334695603199625,0.0,49.25233656273293,29.60840021586163,45.871559143066406,2.636446255255925,6.2548946749774155,0.0
bleo_fib_1_2023-01-18_hO1c11-5029.nrrd,nuclei,fibrosis,153,1624.521897810219,150.1935907197237,1607.0,548.0,0.8558394160583942,0.9186383233061991,1.0,66.26084176641311,20.500746744860948,65.28398132324219,3.132733154470903,3.386665569493384,3.477656126022339
bleo_fib_1_2023-01-18_hO1c11-5029.nrrd,nuclei,airway,154,1688.490990990991,380.3467680352009,1734.5,888.0,1.481981981981982,1.2535009425518013,1.0,102.2094871675646,28.11119540486995,102.64598846435547,5.614671887309702,5.753088471745537,3.933910846710205
bleo_fib_1_2023-01-18_hO1c11-5029.nrrd,nuclei,fibrosis,155,600.4426934097421,88.16125996484394,602.0,698.0,0.2191977077363897,0.4872296744766038,0.0,54.897277791042384,32.35046322698813,50.783348083496094,2.7002149284056745,6.014570602431758,0.0
bleo_fib_1_2023-01-18_hO1c11-5029.nrrd,nuclei,fibrosis,156,780.270725388601,98.99784757314903,778.5,772.0,0.37694300518134716,0.6692326611306647,0.0,69.7898509551824,33.26181732171384,66.78541564941406,3.441325985705914,6.117406950450503,0.0
bleo_fib_1_2023-01-18_hO1c11-5029.nrrd,nuclei,AT2,157,1307.35956084172,189.2967893118185,1276.0,1093.0,0.6514181152790485,0.8132320888472594,0.0,70.08510091298236,24.64101366341948,67.21434020996094,2.855696552299297,3.5439259022016443,0.0
bleo_fib_1_2023-01-18_hO1c11-5029.nrrd,lamella,null,158,1427.2666666666667,81.71157171650141,1391.0,15.0,1.7333333333333334,1.162919151265879,1.0,52.57761891682943,19.8140662016398,52.99015808105469,7.2912001768747965,4.956882717998466,4.599815845489502
bleo_fib_1_2023-01-18_hO1c11-5029.nrrd,lamella,null,159,1508.4545454545455,91.37435486652001,1492.0,11.0,1.2727272727272727,1.3483997249264843,1.0,42.86990893970836,16.124937102152163,44.35995101928711,5.155357989397916,5.500463575172765,3.802281379699707
bleo_fib_1_2023-01-18_hO1c11-5029.nrrd,lamella,null,160,1469.9444444444443,101.77337697766498,1466.5,18.0,1.7222222222222223,1.0178151661369075,2.0,63.186289363437226,22.972374249692088,63.42244338989258,7.129979332288106,3.9630882024729375,8.3314208984375
bleo_fib_1_2023-01-18_hO1c11-5029.nrrd,lamella,null,161,1533.6,67.74092805190473,1541.0,25.0,1.52,1.004987562112089,1.0,58.81155620574951,23.81911705286874,58.670143127441406,6.4797802734375,4.3277336041729475,4.389815807342529
bleo_fib_1_2023-01-18_hO1c11-5029.nrrd,lamella,null,162,1632.7857142857142,104.73349223435832,1620.5,14.0,2.0714285714285716,1.3847680013570567,2.0,63.21904536655971,17.24108406099186,61.214725494384766,8.808221544538226,5.886650089628827,8.140820503234863
bleo_fib_1_2023-01-18_hO1c11-5029.nrrd,lamella,null,163,1560.0,54.96059194246971,1543.0,13.0,1.9230769230769231,1.1151635501529555,2.0,47.23225270784818,17.54029437437832,45.36616897583008,7.529812372647799,4.415476468258251,7.636502265930176
bleo_fib_1_2023-01-18_hO1c11-5029.nrrd,nuclei,alveolar,164,454.1102941176471,80.86845706154317,468.0,272.0,0.18382352941176472,0.4329970365809289,0.0,52.83876132263857,38.7362394632604,46.45766830444336,3.169560495544882,7.502915007019509,0.0
bleo_fib_1_2023-01-18_hO1c11-5029.nrrd,nuclei,alveolar,165,276.57092198581563,52.51991355600235,267.0,564.0,0.1702127659574468,0.4290920946582416,0.0,101.67391224448562,61.10694647008694,95.23809814453125,4.8616059316810984,12.479908963483428,0.0
bleo_fib_1_2023-01-18_hO1c11-5029.nrrd,nuclei,alveolar,166,515.6476190476191,141.67338817769877,541.5,210.0,0.24285714285714285,0.47226566662945674,0.0,55.33197538739159,34.05691935610501,53.42835998535156,2.4651941571916853,4.7935311673937795,0.0
bleo_fib_1_2023-01-18_hO1c11-5029.nrrd,nuclei,fibrosis,167,433.2929061784897,68.46586419270571,440.0,437.0,0.15560640732265446,0.38138678716854096,0.0,51.669160554829126,37.116966106753715,46.082950592041016,2.6364984097688096,6.702201594262281,0.0
bleo_fib_1_2023-01-18_hO1c11-5029.nrrd,nuclei,fibrosis,168,1483.6117969821673,154.80795058373698,1478.0,729.0,0.5102880658436214,0.6974963463472909,0.0,52.46033475363042,20.512828534936883,51.34788513183594,2.65446766119435,3.607075819942583,0.0
bleo_fib_1_2023-01-18_hO1c11-5029.nrrd,nuclei,fibrosis,169,1414.853305785124,155.91559924660535,1416.0,484.0,0.7169421487603306,0.8825676290430727,1.0,70.13343513504533,24.097188102093927,67.71244812011719,3.76372035672842,4.638950218428281,4.7037353515625
bleo_fib_1_2023-01-18_hO1c11-5029.nrrd,nuclei,fibrosis,170,1190.4271844660195,207.11432171624062,1133.0,721.0,0.4521497919556172,0.687789502503076,0.0,53.49887433891984,21.85256141069287,51.546390533447266,2.5701971933679673,3.917208167353258,0.0
bleo_fib_1_2023-01-18_hO1c11-5029.nrrd,nuclei,fibrosis,171,1191.2053941908714,110.36006714344941,1181.0,482.0,0.3962655601659751,0.6404800661956376,0.0,52.029183548021116,20.247187638441602,50.447425842285156,2.4933711859200507,4.022233834610282,0.0
bleo_fib_1_2023-01-18_hO1c11-5029.nrrd,nuclei,fibrosis,172,1131.419080068143,566.1366302761633,1390.0,587.0,0.5093696763202725,0.7910532862410484,0.0,52.50890635956694,26.940987895524177,48.465267181396484,2.6943982736012395,4.872672582412443,0.0
bleo_fib_1_2023-01-18_hO1c11-5029.nrrd,nuclei,fibrosis,173,1388.2253829321662,318.8883300994128,1439.0,457.0,0.7133479212253829,0.8976682485122868,0.0,54.439973108095465,21.05009915388873,53.030303955078125,2.9099839923157473,3.896042096438736,0.0
bleo_fib_1_2023-01-18_hO1c11-5029.nrrd,nuclei,fibrosis,174,1464.7996011964108,157.77000972271208,1458.0,1003.0,0.5044865403788634,0.7167303577753502,0.0,50.716126482840906,19.45134730095003,48.848567962646484,2.632299877710618,3.747139127721751,0.0
bleo_fib_1_2023-01-18_hO1c11-5029.nrrd,nuclei,fibrosis,175,1432.802713987474,121.22584307481304,1425.0,958.0,0.4718162839248434,0.6817052805392672,0.0,54.0413006277821,21.022852873859705,52.16107177734375,2.5900419878312593,3.7505805857915084,0.0
bleo_fib_1_2023-01-18_hO1c11-5029.nrrd,nuclei,fibrosis,176,807.9698708751794,173.6543434166946,827.0,697.0,0.5566714490674318,0.7212013821158809,0.0,86.43718475932883,34.76791539330872,84.6660385131836,4.574498104741275,5.98070367957509,0.0
bleo_fib_1_2023-01-18_hO1c11-5029.nrrd,nuclei,fibrosis,177,1237.1666666666667,112.50173870710272,1230.0,276.0,0.7898550724637681,0.986843626192111,1.0,94.58657680732617,28.261312292070507,92.12065124511719,4.924435318380162,6.175070537224098,5.632216930389404
bleo_fib_1_2023-01-18_hO1c11-5029.nrrd,nuclei,fibrosis,178,518.9357429718875,61.8369040603816,514.0,498.0,0.1686746987951807,0.40577155386493696,0.0,58.015551597717774,33.47016278667576,54.299041748046875,2.28423291899593,5.553471478042465,0.0
bleo_fib_1_2023-01-18_hO1c11-5029.nrrd,nuclei,fibrosis,179,559.0494296577947,49.35014162777146,563.0,263.0,0.17110266159695817,0.38730020817504196,0.0,52.83968613265585,30.67336480035508,51.020408630371094,2.13576534764395,4.865162700011484,0.0
bleo_fib_1_2023-01-18_hO1c11-5029.nrrd,nuclei,fibrosis,180,264.73900293255133,48.484496347407344,259.0,341.0,0.08504398826979472,0.2793570577350783,0.0,50.332574245866795,46.98781979904799,41.15226364135742,2.6864737289741942,8.926307854150028,0.0
bleo_fib_1_2023-01-18_hO1c11-5029.nrrd,nuclei,fibrosis,181,267.63706563706563,37.45839470655142,267.0,259.0,0.05405405405405406,0.22656213312822043,0.0,49.91594879415505,44.031063409231216,38.91050720214844,1.7932689696205169,7.5504383514260685,0.0
bleo_fib_1_2023-01-18_hO1c11-5029.nrrd,background,fibrosis,182,152.16687344913151,34.5433283552136,149.0,1612.0,0.20099255583126552,0.4518246419607648,0.0,46.81538027155192,57.67372732860426,19.230770111083984,1.978186262156768,4.4827314330222245,0.0
bleo_fib_1_2023-01-18_hO1c11-5029.nrrd,nuclei,fibrosis,183,793.6688815060908,84.6115160160788,783.0,903.0,0.31561461794019935,0.5738671805345958,0.0,58.7280861547223,27.758838683243084,56.98005676269531,3.117428261048242,5.659324541975796,0.0
bleo_fib_1_2023-01-18_hO1c11-5029.nrrd,nuclei,fibrosis,184,1003.2892892892893,138.5090426838833,986.0,999.0,0.4134134134134134,0.6520049702438668,0.0,56.500613842640554,25.560178898457544,54.054054260253906,2.865787771967677,4.529229824768658,0.0
bleo_fib_1_2023-01-18_hO1c11-5029.nrrd,nuclei,fibrosis,185,1345.2179487179487,154.87116818494502,1340.0,468.0,0.5192307692307693,0.729945178600522,0.0,52.26212787933839,21.319477400194483,50.04170227050781,2.7713612725592065,3.885561360159004,0.0
bleo_fib_1_2023-01-18_hO1c11-5029.nrrd,nuclei,fibrosis,186,981.0169779286927,246.46377191733941,875.0,589.0,0.41086587436332767,0.6234783632129385,0.0,51.72856353215734,25.546939298679636,48.98530578613281,2.831415569033404,4.549803147276636,0.0
bleo_fib_1_2023-01-18_hO1c11-5029.nrrd,nuclei,fibrosis,187,1512.7541666666666,156.94777661718152,1492.0,240.0,0.5333333333333333,0.7367613550409179,0.0,58.09258212645849,21.185466656408405,56.10319519042969,2.7598537107308707,3.804107972808656,0.0
bleo_fib_1_2023-01-18_hO1c11-5029.nrrd,nuclei,fibrosis,188,1381.5563325563326,118.88956042669308,1369.0,1287.0,0.675990675990676,0.8466786779757783,0.0,72.07611512656163,24.122227972855544,68.91271209716797,3.3907831050484516,4.240601817811643,0.0
bleo_fib_1_2023-01-18_hO1c11-5029.nrrd,nuclei,fibrosis,189,1352.077519379845,98.47968247911898,1347.0,387.0,0.49612403100775193,0.72115369939534,0.0,54.81818770623022,21.57194451001753,52.91004943847656,2.626946127691934,3.832131537475174,0.0
bleo_fib_1_2023-01-18_hO1c11-5029.nrrd,background,null,190,162.46481178396073,33.45376044077035,154.0,611.0,0.26677577741407527,0.5209001482010838,0.0,42.29030943150996,53.27748459741464,0.0,1.7427936489960565,3.406383728651255,0.0
bleo_fib_1_2023-01-18_hO1c11-5029.nrrd,background,null,191,370.60869565217394,159.14873073799285,334.0,253.0,0.4980237154150198,0.6993449652265528,0.0,40.41404319657639,34.7955300094474,38.75968933105469,2.495414650958517,3.4936811994636208,0.0
bleo_fib_1_2023-01-18_hO1c11-5029.nrrd,background,null,192,99.54505813953489,22.64332012824941,100.0,688.0,0.15843023255813954,0.37717077597827814,0.0,37.74437613819921,63.84398509401883,0.0,1.681704881579377,4.105810930961748,0.0
bleo_fib_1_2023-01-18_hO1c11-5029.nrrd,nuclei,fibrosis,193,1172.0496894409937,172.32210792626765,1166.0,644.0,0.42391304347826086,0.6374420830342716,0.0,52.631723974802476,22.463217598167166,48.371498107910156,2.6454847443918266,3.989741332288859,0.0
bleo_fib_1_2023-01-18_hO1c11-5029.nrrd,nuclei,fibrosis,194,1105.6372950819673,113.79991448329635,1097.5,488.0,0.42213114754098363,0.6797767836416205,0.0,54.39575201370677,22.25009102535539,52.40178680419922,3.1359222765828743,5.017584552432008,0.0
bleo_fib_1_2023-01-18_hO1c11-5029.nrrd,lamella,null,195,1395.75,92.838531101816,1381.0,36.0,2.0833333333333335,1.4217695212053785,2.0,45.22547992070516,20.105820474241742,42.98245620727539,8.046580188804203,5.583503576848909,7.500471115112305
bleo_fib_1_2023-01-18_hO1c11-5029.nrrd,lamella,null,196,1557.6363636363637,120.93905302033146,1529.0,11.0,3.272727272727273,1.4206272622267315,3.0,44.63280816511674,15.569908542255083,53.51170349121094,12.44157932021401,5.188977050723905,10.944911003112793
bleo_fib_1_2023-01-18_hO1c11-5029.nrrd,lamella,null,197,1449.1379310344828,71.74992490684524,1461.0,29.0,2.6551724137931036,1.4705650534249342,3.0,45.26567153272958,22.643053499857015,45.94180679321289,10.374622073666803,5.713581552380703,11.156563758850098
bleo_fib_1_2023-01-18_hO1c11-5029.nrrd,lamella,null,198,1338.3125,209.71508129502905,1418.0,32.0,2.125,1.4312187452567107,2.0,45.726718962192535,17.9004852834965,47.25061798095703,8.400874979794025,5.675108653961868,7.752665996551514
bleo_fib_1_2023-01-18_hO1c11-5029.nrrd,lamella,null,199,1426.4,74.02960095922319,1434.0,45.0,2.2888888888888888,1.3754705347331841,2.0,47.621548377143014,21.808158072984106,47.13275909423828,9.3778248945872,5.605930462622463,8.403361320495605
bleo_fib_1_2023-01-18_hO1c11-5029.nrrd,lamella,null,200,1488.984375,88.42546716895319,1486.0,64.0,2.734375,1.3713877515419792,3.0,47.124314695596695,15.606390724486719,44.974544525146484,10.008953299373388,5.052027622261716,10.003374099731445
bleo_fib_1_2023-01-18_hO1c11-5029.nrrd,lamella,null,201,1541.5,51.64752333526427,1542.5,16.0,3.8125,2.1360009363293826,3.5,50.943984270095825,20.490616626456617,47.12551498413086,14.807919830083847,8.453410035960303,13.235973358154297
bleo_fib_1_2023-01-18_hO1c11-5029.nrrd,lamella,null,202,1474.0,66.20530837586105,1499.0,15.0,1.9333333333333333,1.486446705914413,2.0,51.241909217834475,18.6142277547471,51.81346893310547,7.490607436498006,5.704560866240444,7.323324680328369
bleo_fib_1_2023-01-18_hO1c11-5029.nrrd,lamella,null,203,1510.1052631578948,87.00567972318571,1503.0,19.0,2.5789473684210527,1.7099639201419234,3.0,48.19421467028166,11.38208997677069,50.071529388427734,9.980509582318758,6.597939876587401,11.700467109680176
bleo_fib_1_2023-01-18_hO1c11-5029.nrrd,lamella,null,204,1519.7,77.77775355053924,1533.5,20.0,2.9,1.2523661815266247,3.0,45.65977659225464,14.599264011155809,47.592811584472656,11.03699221611023,4.770645938701334,11.375850677490234
bleo_fib_1_2023-01-18_hO1c11-5029.nrrd,lamella,null,205,1500.0,52.082352371714435,1510.0,22.0,2.6818181818181817,1.8096662053792612,3.0,46.67841850627553,17.150835506791225,39.73553466796875,10.666030341928655,7.187770796672094,11.359496116638184
bleo_fib_1_2023-01-18_hO1c11-5029.nrrd,lamella,null,206,1411.7333333333333,55.34110674027124,1405.0,15.0,2.533333333333333,1.6417180315870614,2.0,43.11405890782674,25.861344215565683,41.350791931152344,10.394326655069987,6.817078831900525,8.403361320495605
bleo_fib_1_2023-01-18_hO1c11-5029.nrrd,lamella,null,207,1525.0967741935483,78.67458498511857,1533.0,31.0,2.838709677419355,1.4628003781229204,3.0,47.6163128575971,15.530978182778657,46.388336181640625,10.878708947089411,5.500277409243786,11.115227699279785
bleo_fib_1_2023-01-18_hO1c11-5029.nrrd,lamella,null,208,1484.3703703703704,82.13176474803632,1469.0,27.0,2.3703703703703702,1.4714761857543484,2.0,46.346391412946915,18.177687558662083,45.336788177490234,9.419848459738272,5.87020264975576,8.250824928283691
bleo_fib_1_2023-01-18_hO1c11-5029.nrrd,lamella,null,209,1561.9545454545455,111.73799169431491,1540.5,22.0,3.1363636363636362,1.2834274997778983,3.0,54.744780106977984,17.6359556907582,55.07761764526367,11.950058557770468,5.008750602464888,11.580355644226074
bleo_fib_1_2023-01-18_hO1c11-5029.nrrd,lamella,null,210,1514.2,110.33662777415044,1520.0,15.0,3.0,1.1952286093343936,3.0,67.5465700785319,22.488271350151553,72.89595794677734,9.515241972605388,3.95947830933157,9.210930824279785
bleo_fib_1_2023-01-18_hO1c11-5029.nrrd,lamella,null,211,1599.6875,115.46700466655687,1609.5,16.0,2.8125,1.8337120820892248,2.5,62.53455460071564,17.125556559459795,65.61033630371094,8.585492238402367,5.493768231247931,7.656369686126709
bleo_fib_1_2023-01-18_hO1c11-5029.nrrd,lamella,null,212,1511.642857142857,76.10075016597521,1500.0,14.0,2.642857142857143,1.6458405781822274,2.5,57.605225154331755,20.122562563692327,54.09751892089844,8.781303593090602,5.3855024187106375,8.68102741241455
bleo_fib_1_2023-01-18_hO1c11-5029.nrrd,lamella,null,213,1635.7,89.42911531859559,1648.0,10.0,3.0,2.1081851067789197,3.5,54.97257308959961,21.73801304398933,45.88109588623047,9.797350025177002,6.979005040755688,11.067352294921875
bleo_fib_1_2023-01-18_hO1c11-5029.nrrd,nuclei,AT2,214,1296.4928335170894,123.03618835999667,1286.0,907.0,0.6317530319735392,0.7910966434035561,0.0,80.30860219112174,25.61480284302216,79.05138397216797,3.270403676942533,4.110356946185901,0.0
bleo_fib_1_2023-01-18_hO1c11-5029.nrrd,nuclei,AT2,215,1007.2928709055876,104.72937511878953,995.0,1038.0,0.4836223506743738,0.6812133793729438,0.0,69.87886991666231,27.0379665979266,68.25942993164062,3.5964147396859407,5.0517546151290365,0.0
bleo_fib_1_2023-01-18_hO1c11-5029.nrrd,nuclei,AT2,216,524.9807923169268,70.94482292494816,521.0,833.0,0.31932773109243695,0.5749778669751665,0.0,87.26078972123823,41.876508390061055,84.45945739746094,4.45869126382853,8.054862666291635,0.0
bleo_fib_1_2023-01-18_hO1c11-5029.nrrd,nuclei,AT2,217,894.4767836919592,283.8732875679434,777.0,883.0,0.608154020385051,0.8987401682817034,0.0,83.87284533542793,31.69986033071662,81.79959106445312,4.163046348405452,6.037295397166146,0.0
bleo_fib_1_2023-01-18_hO1c11-5029.nrrd,background,null,218,131.20135542168674,57.10930291080303,107.0,6640.0,0.2572289156626506,0.5207912532430483,0.0,38.1819953128516,59.28291141605234,0.0,1.8234814196825027,4.0403339517611565,0.0
bleo_fib_1_2023-01-18_hO1c11-5029.nrrd,nuclei,AT2,219,1339.1948986265534,104.54144422355371,1334.0,1529.0,0.6919555264879006,0.8561110218835205,0.0,82.9784528059925,25.610517366818378,81.23477172851562,3.3545881950286107,4.118949375660241,0.0
bleo_fib_1_2023-01-18_hO1c11-5029.nrrd,lamella,null,220,921.7619047619048,184.2926761328037,895.0,21.0,2.142857142857143,1.590148241067929,2.0,68.75466573806037,27.98810176518538,68.58710479736328,7.837010531198411,5.881168342498247,7.518796920776367
bleo_fib_1_2023-01-18_hO1c11-5029.nrrd,lamella,null,221,1066.2142857142858,147.5206262352325,1057.5,14.0,1.6428571428571428,1.2774459408789602,1.5,66.5523008619036,23.227482317542986,62.992279052734375,6.219696402549744,4.920632717833723,5.390237331390381
bleo_fib_1_2023-01-18_hO1c11-5029.nrrd,lamella,null,222,990.6875,179.71596803474827,950.5,16.0,2.0625,2.048373338367138,1.5,60.22428071498871,30.344904054971924,55.38225555419922,7.3557746559381485,6.904975621579497,5.363436222076416
bleo_fib_1_2023-01-18_hO1c11-5029.nrrd,lamella,null,223,1071.4,103.56488649289254,1097.0,15.0,1.4666666666666666,1.3020130933435712,1.0,56.31684137980143,17.823351609652242,55.37098693847656,5.6761314392089846,5.248392804076207,4.053506374359131
bleo_fib_1_2023-01-18_hO1c11-5029.nrrd,nuclei,fibrosis,224,1328.043062200957,152.8428859367937,1335.0,418.0,0.4569377990430622,0.6601447417457906,0.0,54.316633453779815,20.833160212524866,52.221946716308594,2.474166653373025,3.57953995013128,0.0
bleo_fib_1_2023-01-18_hO1c11-5029.nrrd,nuclei,fibrosis,225,1247.7477876106195,113.42234367123159,1235.5,452.0,0.4247787610619469,0.6633290994536977,0.0,52.79727438276848,21.06269634261646,51.59208679199219,2.457840556592013,3.828324473590689,0.0
bleo_fib_1_2023-01-18_hO1c11-5029.nrrd,nuclei,fibrosis,226,1400.389413988658,126.27198114014627,1405.0,529.0,0.4952741020793951,0.6939104513541224,0.0,49.69926561074356,19.741043417169568,48.3870964050293,2.759556198841232,3.8489915510586585,0.0
bleo_fib_1_2023-01-18_hO1c11-5029.nrrd,nuclei,fibrosis,227,1472.2030651340997,116.33592337490555,1463.0,261.0,0.5747126436781609,0.7436735828829636,0.0,53.65447448496617,18.30970217723415,52.01560592651367,2.6603122707527715,3.4360310902550637,0.0
bleo_fib_1_2023-01-18_hO1c11-5029.nrrd,nuclei,fibrosis,228,1399.6156862745097,138.2192557442991,1381.0,1020.0,0.5509803921568628,0.7815016744270794,0.0,56.0541975292505,20.293555049880457,55.11811065673828,2.60315738659279,3.6967954766482216,0.0
bleo_fib_1_2023-01-18_hO1c11-5029.nrrd,nuclei,fibrosis,229,1322.1496062992126,99.04348338865732,1319.0,889.0,0.6400449943757031,0.784717770892955,0.0,65.82038505165863,22.031536900104886,64.67259216308594,3.3023742846348423,4.065299001946703,0.0
bleo_fib_1_2023-01-18_hO1c11-5029.nrrd,nuclei,fibrosis,230,1528.3947990543736,120.86083804980663,1523.0,846.0,0.5650118203309693,0.7753024604536981,0.0,54.91015783438446,19.70077555649137,54.44029235839844,2.6694232222599905,3.6625768188915946,0.0
bleo_fib_1_2023-01-18_hO1c11-5029.nrrd,nuclei,fibrosis,231,1338.7653333333333,113.34257085138587,1335.0,375.0,0.5173333333333333,0.7083107367686494,0.0,52.411932764689126,19.588319939247487,50.90909194946289,2.5195213820139566,3.415410729380629,0.0
bleo_fib_1_2023-01-18_hO1c11-5029.nrrd,nuclei,airway,232,1507.5950920245398,230.23641730352028,1554.5,326.0,0.9141104294478528,0.997836262234117,1.0,55.89400876519139,20.37109835885277,52.75059509277344,3.1795982436899757,3.398888718567013,3.2071895599365234
bleo_fib_1_2023-01-18_hO1c11-5029.nrrd,nuclei,fibrosis,233,1147.6488095238096,89.88584069133186,1141.5,336.0,0.375,0.6663556488439702,0.0,55.25829454830715,22.299038074490397,53.42831802368164,2.3891187068961917,4.214756978379685,0.0
bleo_fib_1_2023-01-18_hO1c11-5029.nrrd,nuclei,fibrosis,234,1078.0567901234567,124.50541654340039,1074.0,810.0,0.38271604938271603,0.6263260589563237,0.0,50.29659189059411,21.285628505072168,48.500526428222656,2.753514074396204,4.533287787691078,0.0
bleo_fib_1_2023-01-18_hO1c11-5029.nrrd,nuclei,fibrosis,235,1025.627397260274,165.0783205012902,1046.0,1095.0,0.4438356164383562,0.6775964959653861,0.0,57.31566536959992,23.903836028652986,55.40166091918945,2.590951910410842,3.9642358271822347,0.0
bleo_fib_1_2023-01-18_hO1c11-5029.nrrd,nuclei,fibrosis,236,504.0198150594452,68.13737585053038,496.0,757.0,0.15852047556142668,0.4065885023317125,0.0,52.85333645768966,33.71860658525278,48.15409469604492,2.3298357115711528,6.083814362569043,0.0
bleo_fib_1_2023-01-18_hO1c11-5029.nrrd,nuclei,fibrosis,237,1077.672514619883,127.84317314139089,1063.0,513.0,0.4327485380116959,0.6701355747880359,0.0,67.99566253398129,29.084152982450743,64.36042022705078,2.9591976950275503,4.542009420035138,0.0
bleo_fib_1_2023-01-18_hO1c11-5029.nrrd,nuclei,fibrosis,238,1461.6336499321574,140.913378638038,1448.0,737.0,0.4681139755766621,0.7330518755240376,0.0,62.793088830795185,22.370656956086037,61.49116134643555,2.307994431685884,3.6164727362192535,0.0
bleo_fib_1_2023-01-18_hO1c11-5029.nrrd,nuclei,fibrosis,239,1659.7032258064517,171.1640909524559,1666.0,620.0,0.5064516129032258,0.6996123938965624,0.0,47.31052663326263,18.015232677315236,45.808067321777344,2.52056665343623,3.5039836875139887,0.0
bleo_fib_1_2023-01-18_hO1c11-5029.nrrd,nuclei,AT2,240,1361.3031135531135,103.01000934437067,1350.0,1092.0,0.8873626373626373,0.9208580088192769,1.0,87.87108893970867,25.963084087222715,86.80653381347656,4.730764781599079,4.928301955190607,5.081301689147949
bleo_fib_1_2023-01-18_hO1c11-5029.nrrd,lamella,null,241,1442.8095238095239,54.27671604621916,1441.0,21.0,2.2857142857142856,1.1464230084422218,2.0,50.0830074491955,18.53038644274085,47.48982238769531,7.8188459532601495,3.868720711274131,6.954102993011475
bleo_fib_1_2023-01-18_hO1c11-5029.nrrd,lamella,null,243,1557.2173913043478,59.82319139973236,1564.0,23.0,3.3043478260869565,1.844766124834248,3.0,64.46649145043415,28.966373607375303,55.11328887939453,11.48597010322239,6.078858559208263,10.626992225646973
bleo_fib_1_2023-01-18_hO1c11-5029.nrrd,lamella,null,244,1393.2608695652175,127.26072642460666,1380.0,23.0,2.0869565217391304,1.621252138941909,2.0,66.28615652996561,20.60109357891875,61.30268478393555,6.785177458887515,5.355112936041375,6.432936668395996
bleo_fib_1_2023-01-18_hO1c11-5029.nrrd,lamella,null,245,721.0,146.22297321124626,707.5,20.0,0.55,0.6863327411532597,0.0,65.52884311676026,30.555867577863253,67.09395599365234,3.3283355712890623,4.169937953898312,0.0
bleo_fib_1_2023-01-18_hO1c11-5029.nrrd,lamella,null,246,1383.0833333333333,239.5771486284273,1431.0,24.0,2.625,2.0175857290120396,2.0,72.22956403096516,25.3803218837339,71.29847717285156,7.826432913541794,6.0422648688375356,6.282776355743408
bleo_fib_1_2023-01-18_hO1c11-5029.nrrd,lamella,null,247,1292.0869565217392,62.77949364350104,1298.0,23.0,2.130434782608696,1.6321861476416715,2.0,49.864776611328125,16.617644928255192,48.348106384277344,7.237672899080359,5.501589317478872,6.846970081329346
bleo_fib_1_2023-01-18_hO1c11-5029.nrrd,lamella,null,248,1343.078947368421,68.69493139134808,1348.0,38.0,2.3684210526315788,1.459749194147775,2.5,51.55085297634727,17.92921996823968,49.61060333251953,7.695634321162575,4.7217272628679945,8.036670684814453
bleo_fib_1_2023-01-18_hO1c11-5029.nrrd,lamella,null,249,1416.24,62.60676214808323,1431.0,25.0,2.68,1.5470401847829722,3.0,50.941313400268555,21.92243572516036,54.26356506347656,9.500682430267334,5.525075159909756,10.284539222717285
bleo_fib_1_2023-01-18_hO1c11-5029.nrrd,background,null,250,162.89778869778868,17.581762082897065,162.0,2035.0,0.28697788697788695,0.5295611966204041,0.0,37.26994411834042,48.99451597642978,0.0,1.7479873425251728,3.231277398718548,0.0
bleo_fib_1_2023-01-18_hO1c11-5029.nrrd,nuclei,AT2,251,1453.5222222222221,153.01913086152626,1439.5,990.0,0.9373737373737374,0.9666413618629603,1.0,93.41158290631843,26.325434416308543,92.2734375,4.545014981549196,4.7573841249279125,4.5330915451049805
bleo_fib_1_2023-01-18_hO1c11-5029.nrrd,nuclei,alveolar,252,1003.3557692307693,149.8139448729831,997.5,520.0,0.6288461538461538,0.7720644043691233,0.0,64.82999144334059,25.887178967175874,62.40251159667969,3.9151455512413613,4.799639517340717,0.0
bleo_fib_1_2023-01-18_hO1c11-5029.nrrd,lamella,null,253,1681.6944444444443,183.06857722791744,1644.0,36.0,2.5833333333333335,1.6102351203650798,3.0,49.88791296217177,15.514844839546843,45.72937774658203,8.380188167095184,5.374980713324299,8.757593154907227
bleo_fib_1_2023-01-18_hO1c11-5029.nrrd,lamella,null,254,1739.95,129.7797628372978,1750.5,20.0,3.55,1.0990426455975697,4.0,50.11515898704529,18.037599294412974,50.60430908203125,11.040351796150208,3.1847896036797803,11.218606948852539
bleo_fib_1_2023-01-18_hO1c11-5029.nrrd,lamella,null,255,1688.2083333333333,95.58014127315937,1686.0,24.0,2.5833333333333335,1.5580552724098262,2.5,57.23575083414713,19.121165812208996,54.11132049560547,8.394330730040869,4.872149318714318,8.231483459472656
bleo_fib_1_2023-01-18_hO1c11-5029.nrrd,lamella,null,256,1695.9,143.4731488622329,1673.5,10.0,2.3,1.0593499054713802,2.5,61.810079193115236,22.579151744394107,56.04039001464844,7.482307720184326,3.413316612671638,7.903810501098633
bleo_fib_1_2023-01-18_hO1c11-5029.nrrd,lamella,null,257,1631.6842105263158,78.28938670200093,1644.0,19.0,1.8421052631578947,1.7082531003837693,1.0,42.91336887761166,21.59269007660162,36.3636360168457,5.954849054938869,5.5821091270982155,3.3670032024383545
bleo_fib_1_2023-01-18_hO1c11-5029.nrrd,nuclei,airway,258,1440.149833518313,107.87501395635304,1432.0,901.0,0.6226415094339622,0.7700635711186067,0.0,69.07706438820317,22.304708756523972,68.07866668701172,3.3695683992663183,4.202245128243593,0.0
bleo_fib_1_2023-01-18_hO1c11-5029.nrrd,nuclei,airway,259,1534.9325353645268,106.59663661728874,1530.0,919.0,0.7725788900979326,0.898721549030144,1.0,72.28770607210477,22.659842859546423,70.87171936035156,3.904622651287988,4.518444794084204,4.653326988220215
bleo_fib_1_2023-01-18_hO1c11-5029.nrrd,nuclei,fibrosis,260,864.0915492957746,90.64387335147175,861.0,710.0,0.3436619718309859,0.605739449349489,0.0,58.77758929830202,28.065031929886647,55.00550079345703,2.7558506005246874,4.8833786182137455,0.0
bleo_fib_1_2023-01-18_hO1c11-5029.nrrd,nuclei,fibrosis,261,649.936170212766,77.27962801676907,656.0,470.0,0.2297872340425532,0.4690483463595308,0.0,53.708963822303936,29.24014003937213,51.70186233520508,2.66196014728952,5.467790258375557,0.0
bleo_fib_1_2023-01-18_hO1c11-5029.nrrd,nuclei,fibrosis,262,837.8715596330276,109.77827762108849,847.0,545.0,0.29174311926605506,0.5296586790036851,0.0,52.705920480150695,25.95495101448098,50.81300735473633,2.6209772197478407,4.781410432507316,0.0
bleo_fib_1_2023-01-18_hO1c11-5029.nrrd,nuclei,fibrosis,263,946.9325,127.51687860661401,937.5,400.0,0.36,0.5755241699315838,0.0,54.08188911676407,25.14906494460035,52.826332092285156,2.5931513702869413,4.168568920914352,0.0
bleo_fib_1_2023-01-18_hO1c11-5029.nrrd,nuclei,fibrosis,264,1239.3167701863354,136.64347462812808,1226.0,644.0,0.6583850931677019,0.8128485332103964,0.0,86.13820291898266,26.32537528236174,85.36323547363281,3.9598534055378125,4.857178626032482,0.0
bleo_fib_1_2023-01-18_hO1c11-5029.nrrd,nuclei,fibrosis,265,1118.3356643356644,173.63088057675444,1144.0,715.0,0.5636363636363636,0.742709236808416,0.0,62.9697618737921,25.513687693575438,62.03474044799805,2.925586658424431,3.8154594963636743,0.0
bleo_fib_1_2023-01-18_hO1c11-5029.nrrd,nuclei,fibrosis,266,1237.0317965023849,133.0779987993605,1234.0,629.0,0.4769475357710652,0.6876014566350835,0.0,56.66386872520508,23.27204310288171,53.61930465698242,2.6837389844400135,3.8863634921980434,0.0
bleo_fib_1_2023-01-18_hO1c11-5029.nrrd,nuclei,fibrosis,267,1513.894927536232,249.48668137748302,1496.5,552.0,0.7644927536231884,0.88687143378073,1.0,61.83457663266555,20.99148757641797,59.578330993652344,3.17977041999499,3.695012432508964,3.3540172576904297
bleo_fib_1_2023-01-18_hO1c11-5029.nrrd,nuclei,fibrosis,268,1613.710447761194,257.4071829313417,1603.0,335.0,0.6567164179104478,0.84329406165954,0.0,50.75048390004172,18.977270332279087,47.675804138183594,2.5489824038832936,3.28785418977213,0.0
bleo_fib_1_2023-01-18_hO1c11-5029.nrrd,nuclei,fibrosis,269,851.87,119.56323781025397,833.0,500.0,0.364,0.6263294477783307,0.0,53.190356595993045,24.540874717547517,50.58180618286133,2.6608544483184815,4.528186534351285,0.0
bleo_fib_1_2023-01-18_hO1c11-5029.nrrd,nuclei,AT2,270,1212.1304347826087,89.16326983124712,1211.0,805.0,0.4956521739130435,0.6957893818830262,0.0,71.42283142279393,25.619709979294484,69.38421630859375,3.057563939301864,4.306595606565244,0.0
bleo_fib_1_2023-01-18_hO1c11-5029.nrrd,nuclei,AT2,271,1548.046565774156,146.32751422355616,1546.0,859.0,0.6949941792782305,0.8637267297024235,0.0,68.85563383668627,22.638246951348517,68.02720642089844,3.503210384992837,4.323733602923147,0.0
bleo_fib_1_2023-01-18_hO1c11-5029.nrrd,nuclei,AT2,272,1480.1760563380283,162.58261263635322,1496.0,994.0,0.5845070422535211,0.7872354066920206,0.0,63.95326420478897,22.073323827616296,61.462303161621094,3.060105957015899,4.109056312151353,0.0
bleo_fib_1_2023-01-18_hO1c11-5029.nrrd,lamella,null,273,1384.7317073170732,85.25169335275514,1381.0,41.0,2.7560975609756095,2.022133623241526,2.0,49.9179410120336,23.634586380304842,51.51320266723633,10.860655912538855,7.4809057730120205,8.64304256439209
bleo_fib_1_2023-01-18_hO1c11-5029.nrrd,lamella,null,274,1481.8095238095239,125.33140829322036,1481.0,21.0,2.6666666666666665,1.4944341180973264,2.0,50.56749925159273,18.54513982078421,53.05039596557617,10.124872627712431,5.594748059985787,8.52878475189209
bleo_fib_1_2023-01-18_hO1c11-5029.nrrd,lamella,null,275,1508.1724137931035,127.35694186181642,1505.0,29.0,3.0344827586206895,1.7213524296878076,3.0,44.49989545756373,15.351178310015174,42.55318832397461,11.599421451831686,6.395012165834479,12.295082092285156
bleo_fib_1_2023-01-18_hO1c11-5029.nrrd,lamella,null,276,1328.8055555555557,235.04562711396446,1338.5,36.0,2.8055555555555554,1.5823932046012628,3.0,44.149265156851875,17.675612334613227,46.15361785888672,11.067781289418539,6.254047589624238,10.85781478881836
bleo_fib_1_2023-01-18_hO1c11-5029.nrrd,lamella,null,277,1585.5,117.78238063984439,1583.5,38.0,3.0789473684210527,1.761166366397003,3.0,55.4997430600618,22.772879866088818,57.504329681396484,12.28023570462277,6.960968196431922,11.694608688354492
bleo_fib_1_2023-01-18_hO1c11-5029.nrrd,lamella,null,278,1640.9666666666667,140.98923493592017,1620.5,30.0,4.133333333333334,2.4457328544635244,4.0,46.680227216084795,15.586764999811452,44.291900634765625,15.48347126642863,8.649765361833067,14.145540237426758
bleo_fib_1_2023-01-18_hO1c11-5029.nrrd,lamella,null,279,1595.0833333333333,160.18496005733942,1633.5,36.0,3.138888888888889,1.759103306927835,3.0,47.27053009139167,20.039781009866093,47.476009368896484,10.117922994825575,5.548904642370954,9.927227973937988
bleo_fib_1_2023-01-18_hO1c11-5029.nrrd,lamella,null,280,1510.258064516129,155.8452154632785,1474.0,31.0,3.0,1.7511900715418263,3.0,42.41180401463662,20.63218963020732,41.039669036865234,9.703845985474125,5.499930533387371,9.609225273132324
bleo_fib_1_2023-01-18_hO1c11-5029.nrrd,lamella,null,281,1485.9375,104.49017098910946,1471.5,16.0,2.1875,1.5152007567755943,2.0,56.935885548591614,22.211648786929363,50.54762268066406,9.116324469447136,6.1087880562051415,8.653070449829102
bleo_fib_1_2023-01-18_hO1c11-5029.nrrd,lamella,null,282,1344.404761904762,74.71117052463735,1355.0,42.0,1.5476190476190477,1.0169869642635532,1.0,51.39219279516311,27.26575661374681,45.84684753417969,6.035288038707915,3.8694859782967135,4.321751594543457
bleo_fib_1_2023-01-18_hO1c11-5029.nrrd,lamella,null,283,1501.8181818181818,82.94670484206014,1507.0,22.0,2.090909090909091,1.540225429050687,2.0,58.924386197870426,19.649157845689288,61.39133834838867,8.210264650258152,6.126260303036267,7.208534240722656
bleo_fib_1_2023-01-18_hO1c11-5029.nrrd,lamella,null,284,1175.388888888889,90.69803739292325,1173.5,18.0,2.3333333333333335,1.2366938848016846,2.0,65.5840933057997,32.17337265308669,75.12403869628906,9.90102101696862,5.196719412577926,8.855364799499512
bleo_fib_1_2023-01-18_hO1c11-5029.nrrd,lamella,null,285,1439.3333333333333,120.52128837836473,1424.0,15.0,2.066666666666667,1.709915063331955,2.0,49.47202472686767,16.018898574618397,49.751243591308594,8.596722030639649,6.878904595667123,8.05801773071289
bleo_fib_1_2023-01-18_hO1c11-5029.nrrd,nuclei,fibrosis,286,932.2522522522522,140.39409420146225,924.0,666.0,0.43243243243243246,0.6642984421476454,0.0,54.57029687463342,23.942329755341518,53.1141357421875,3.0247078793900863,4.664535943051918,0.0
bleo_fib_1_2023-01-18_hO1c11-5029.nrrd,nuclei,fibrosis,287,1022.818671454219,130.26146013335455,1004.0,557.0,0.4380610412926391,0.6693617516266076,0.0,67.50981033982666,26.800179836997504,63.82978439331055,3.1845669010169204,4.865606889717109,0.0
bleo_fib_1_2023-01-18_hO1c11-5029.nrrd,nuclei,fibrosis,288,302.2042253521127,48.13987542187664,295.0,426.0,0.10093896713615023,0.316821064410907,0.0,60.573061526661185,44.17565115101163,59.61265182495117,2.1365626518715155,6.735819275992669,0.0
bleo_fib_1_2023-01-18_hO1c11-5029.nrrd,nuclei,fibrosis,289,1448.7135135135136,114.10573415211209,1448.0,185.0,0.4648648648648649,0.6676598555598535,0.0,53.05833425264101,18.30502961851072,53.47593688964844,2.47820432508314,3.5073518327169015,0.0
bleo_fib_1_2023-01-18_hO1c11-5029.nrrd,background,null,290,195.435822147651,16.383186636288404,195.0,2384.0,0.2936241610738255,0.5327948649599633,0.0,37.77122520600389,44.75395467934876,45.045047760009766,1.6903542080181557,3.0747294007508903,0.0
bleo_fib_1_2023-01-18_hO1c11-5029.nrrd,lamella,null,291,1480.576923076923,91.72706168930654,1484.5,26.0,2.5384615384615383,1.6057588668481761,2.0,47.331214024470405,20.25892929066412,47.05883026123047,9.258123893004198,6.0033017918189415,7.266399383544922
bleo_fib_1_2023-01-18_hO1c11-5029.nrrd,lamella,null,292,1494.4418604651162,112.51757583882943,1485.0,43.0,2.5813953488372094,1.6217650311214407,2.0,53.05210619194563,17.176075327401666,51.020408630371094,9.072900744371635,5.582444114064336,7.320644378662109
bleo_fib_1_2023-01-18_hO1c11-5029.nrrd,lamella,null,293,1533.25,128.3077030683141,1566.5,16.0,2.8125,2.007278422807027,2.5,56.51302111148834,21.663894307503206,51.989295959472656,9.718997091054916,6.980560425585254,8.504645347595215
bleo_fib_1_2023-01-18_hO1c11-5029.nrrd,lamella,null,294,1590.8,95.16316814518404,1593.0,15.0,2.2666666666666666,0.9611501047232549,2.0,42.703809102376304,14.932688463589722,44.92939376831055,7.750768168767293,3.172930029579538,7.515971660614014
bleo_fib_1_2023-01-18_hO1c11-5029.nrrd,lamella,null,295,1447.1176470588234,89.54180752094324,1465.0,17.0,3.411764705882353,1.970368732287556,3.0,41.68852233886719,15.925853628521148,39.09304428100586,12.193836506675272,7.027416568745416,11.102886199951172
bleo_fib_1_2023-01-18_hO1c11-5029.nrrd,lamella,null,296,1409.4782608695652,150.73633499507355,1402.0,23.0,2.217391304347826,1.97614228736722,2.0,53.786577888157055,19.655693966113844,49.36530303955078,7.858130859292072,6.988555865317759,6.74763822555542
bleo_fib_1_2023-01-18_hO1c11-5029.nrrd,lamella,null,297,1405.4,71.84188988923624,1401.0,15.0,2.2666666666666666,2.016597794967223,2.0,46.210716247558594,14.295803293963823,44.21518325805664,8.139192120234172,6.8480467267643865,7.2490034103393555
bleo_fib_1_2023-01-18_hO1c11-5029.nrrd,lamella,null,298,1400.5217391304348,90.18005704005202,1408.0,23.0,2.4782608695652173,1.6752086767540146,2.0,46.42544053948444,18.198575107880803,43.6363639831543,9.120943276778512,6.180702403556348,7.482229709625244
bleo_fib_1_2023-01-18_hO1c11-5029.nrrd,lamella,null,299,1353.2222222222222,139.34940405418465,1329.0,27.0,2.259259259259259,1.3754046283686454,2.0,46.15701202110008,20.315377800764686,47.36130142211914,8.481754232335973,5.068480654786354,7.471049785614014
bleo_fib_1_2023-01-18_hO1c11-5029.nrrd,lamella,null,300,1439.8039215686274,107.8092796762585,1460.0,51.0,3.1372549019607843,1.7890735909194708,3.0,46.24277483248243,20.415700888840174,46.26569747924805,11.06126615112903,6.17092585308314,10.489510536193848
bleo_fib_1_2023-01-18_hO1c11-5029.nrrd,lamella,null,301,1438.7083333333333,131.87526358240024,1415.0,24.0,2.7083333333333335,1.8528278426483,3.0,46.08432443936666,22.906996037421063,46.37242126464844,9.84127351641655,6.7272387937266895,10.587105751037598
bleo_fib_1_2023-01-18_hO1c11-5029.nrrd,lamella,null,302,1324.7272727272727,84.25529387198495,1332.0,33.0,2.121212121212121,1.4738888984073681,2.0,45.668786886966586,23.67986954242752,44.4444465637207,8.038910569566669,5.434927560210183,7.178750991821289
bleo_fib_1_2023-01-18_hO1c11-5029.nrrd,lamella,null,303,1219.578947368421,95.35332878269914,1203.0,19.0,1.4736842105263157,1.5765088382115289,1.0,49.3624637503373,22.434639714305437,49.87531280517578,6.343916867908678,6.825482457974758,4.329004287719727
bleo_fib_1_2023-01-18_hO1c11-5029.nrrd,lamella,null,304,1224.361111111111,120.08119937960498,1220.5,36.0,2.111111111111111,1.5264857451541205,2.0,42.29301057921516,19.170239229236934,44.73581314086914,8.61933465798696,6.120771453015865,8.148813247680664
bleo_fib_1_2023-01-18_hO1c11-5029.nrrd,lamella,null,305,1233.75,71.25833284606088,1213.0,28.0,2.107142857142857,1.3700307029348382,2.0,35.57425301415579,16.240942339723272,34.585838317871094,8.500856416566032,5.354042638177083,8.210653305053711
bleo_fib_1_2023-01-18_hO1c11-5029.nrrd,lamella,null,306,1302.7179487179487,83.74584002801154,1313.0,39.0,1.435897435897436,1.0710268509797354,1.0,50.32784199103331,18.33184349914626,50.72463607788086,5.642499905366164,4.20690202945079,4.366812229156494
bleo_fib_1_2023-01-18_hO1c11-5029.nrrd,lamella,null,307,1288.2727272727273,88.16228640744717,1294.0,22.0,1.7272727272727273,1.5486343655842068,1.0,45.58161919767206,22.30189022615089,42.17865753173828,6.75600523298437,6.109391845279726,4.03560733795166
bleo_fib_1_2023-01-18_hO1c11-5029.nrrd,lamella,null,308,1382.1176470588234,95.03018096435282,1353.0,17.0,2.235294117647059,1.3004524099667143,2.0,44.43348275913912,20.724996005904018,46.11837387084961,8.543764254626106,5.241445881203783,7.312614440917969
bleo_fib_1_2023-01-18_hO1c11-5029.nrrd,lamella,null,309,1362.111111111111,70.65317965153298,1372.0,27.0,1.9259259259259258,1.5671121388849159,2.0,48.08483515845405,21.73322673562749,43.0107536315918,7.261720259984334,5.8712469892506265,7.610350131988525
bleo_fib_1_2023-01-18_hO1c11-5029.nrrd,lamella,null,310,1286.0,50.64159780823891,1289.0,15.0,2.466666666666667,2.1668498091095505,2.0,46.65623639424642,18.82223130701575,41.425018310546875,9.77202517191569,8.808860946055077,6.856359481811523
bleo_fib_1_2023-01-18_hO1c11-5029.nrrd,lamella,null,311,1523.1176470588234,107.46911320987834,1524.0,17.0,2.588235294117647,1.8048138245194352,2.0,52.64284206839169,19.307786908377693,58.064517974853516,9.46259300849017,6.556045727708202,7.08968448638916
bleo_fib_1_2023-01-18_hO1c11-5029.nrrd,lamella,null,312,1298.6470588235295,67.84996423771219,1268.0,17.0,2.411764705882353,1.7341721198244626,2.0,47.88234677034266,15.79811421413901,45.180721282958984,8.97254911591025,6.497210311157557,7.515971660614014
bleo_fib_1_2023-01-18_hO1c11-5029.nrrd,lamella,null,313,1353.0,57.18216505170122,1355.0,11.0,2.0,1.3416407864998738,2.0,47.886124004017226,23.240613423525932,42.25352478027344,7.745514024387706,5.325332576686317,7.5757575035095215
bleo_fib_1_2023-01-18_hO1c11-5029.nrrd,lamella,null,314,1130.3214285714287,65.86464997555302,1117.5,28.0,1.2857142857142858,1.0837911120705754,1.0,46.25925459180559,16.841190839656953,41.74410629272461,6.372165696961539,5.303245437938704,5.216897010803223
bleo_fib_1_2023-01-18_hO1c11-5029.nrrd,lamella,null,315,1353.576923076923,99.17425999801485,1354.0,26.0,1.8846153846153846,1.704744510521693,1.0,45.15400248307448,18.67359267003532,42.16808319091797,8.045019223139835,6.890713953275357,4.986850738525391
bleo_fib_1_2023-01-18_hO1c11-5029.nrrd,lamella,null,316,1388.375,61.44669583119526,1386.5,8.0,3.25,2.1213203435596424,3.0,49.24147295951843,18.891834650995623,49.58330535888672,12.077564924955368,7.940551396882941,11.201566696166992
bleo_fib_1_2023-01-18_hO1c11-5029.nrrd,lamella,null,317,1628.8461538461538,82.96469746609715,1623.0,13.0,2.4615384615384617,1.8081014266989475,2.0,55.487590056199295,18.223878393992383,59.987998962402344,8.611102269246029,6.082673565341237,6.934813022613525
bleo_fib_1_2023-01-18_hO1c11-5029.nrrd,lamella,null,318,1602.7692307692307,65.58347587382288,1597.0,13.0,2.5384615384615383,1.3301243435223524,2.0,49.328694123488205,24.565656358806105,50.093929290771484,9.377983826857347,5.245191344541912,7.350238800048828
bleo_fib_1_2023-01-18_hO1c11-5029.nrrd,lamella,null,319,1309.3684210526317,70.49287633537936,1288.0,19.0,2.1052631578947367,1.5597270716416047,2.0,52.97020400197882,21.620742187437884,57.59539031982422,7.9151576569205835,5.93440356798462,7.412898540496826
bleo_fib_1_2023-01-18_hO1c11-5029.nrrd,nuclei,AT2,320,1631.654135338346,115.83241970864549,1624.5,532.0,0.7725563909774437,0.8866867625566343,1.0,67.27251547619812,21.868319855065323,65.53475952148438,3.6452749411862597,4.196621908340545,4.257131576538086
bleo_fib_1_2023-01-18_hO1c11-5029.nrrd,nuclei,AT2,321,1526.4218436873748,121.90265039089425,1513.0,998.0,0.6863727454909819,0.8336182745247024,1.0,66.95654096106489,22.125728480015738,65.76406860351562,3.2091087621295142,3.8492950035523354,3.6977920532226562
bleo_fib_1_2023-01-18_hO1c11-5029.nrrd,nuclei,AT2,322,1280.3088962108732,168.579774242135,1263.0,1214.0,0.5848434925864909,0.7697716068293371,0.0,66.667309885952,23.399427856801903,64.35467529296875,3.08198829812705,4.062948804631044,0.0
bleo_fib_1_2023-01-18_hO1c11-5029.nrrd,nuclei,airway,323,1365.4759725400459,100.36617588015687,1361.0,437.0,0.5354691075514875,0.7114725471841333,0.0,61.94064545795083,21.046463760969203,60.975608825683594,3.135742091477872,4.229700949827182,0.0
bleo_fib_1_2023-01-18_hO1c11-5029.nrrd,nuclei,airway,324,1421.1199186991869,139.15456047214926,1416.5,492.0,0.5101626016260162,0.7644722991147476,0.0,53.05563334333218,19.911744374688276,51.30837631225586,2.691219823147223,4.0091317751298705,0.0
bleo_fib_1_2023-01-18_hO1c11-5029.nrrd,lamella,null,325,985.0483870967741,86.9864182764701,966.5,62.0,0.9193548387096774,1.2186849550094425,0.0,63.58144358665712,25.396514327115643,58.713645935058594,5.35149440457744,6.9491461475679515,0.0
bleo_fib_1_2023-01-18_hO1c11-5029.nrrd,lamella,null,326,722.1363636363636,69.90285466924145,712.5,22.0,0.7727272727272727,0.8691439785278705,1.0,63.83620231801813,37.76984790435058,60.641754150390625,6.094992420890114,6.841870606089109,7.40212345123291
bleo_fib_1_2023-01-18_hO1c11-5029.nrrd,lamella,null,327,1018.4042553191489,56.06582295157847,1009.0,47.0,1.5319148936170213,1.1951180372809322,1.0,57.23307747536517,19.570724437581198,56.285179138183594,8.254753214247684,6.360720940870177,5.906674861907959
bleo_fib_1_2023-01-18_hO1c11-5029.nrrd,nuclei,airway,328,1641.9169491525424,110.1515003208517,1631.0,590.0,0.747457627118644,0.9335940978967447,1.0,69.38866493257426,21.79300457966719,67.98519134521484,3.3935265900725025,4.196737602173581,3.9880435466766357
bleo_fib_1_2023-01-18_hO1c11-5029.nrrd,nuclei,fibrosis,329,1570.2351851851852,142.77654305169054,1584.5,540.0,0.5851851851851851,0.7399060782314616,0.0,53.46707054420754,19.197867302264083,51.89750671386719,2.688986603418986,3.4041715956013308,0.0
bleo_fib_1_2023-01-18_hO1c11-5029.nrrd,nuclei,fibrosis,330,1336.6363636363637,94.85496599438275,1330.0,418.0,0.5143540669856459,0.7465570463779773,0.0,55.919905109268626,22.558156250397758,53.85164260864258,2.628656894966746,3.810319845487805,0.0
bleo_fib_1_2023-01-18_hO1c11-5029.nrrd,lamella,null,331,1437.8872180451128,92.94505171559278,1429.0,133.0,1.6766917293233083,1.3058659740295124,2.0,46.348242512322905,19.775568688545636,44.35995101928711,5.62532459165817,4.4744278968533955,6.035002708435059
bleo_fib_1_2023-01-18_hO1c11-5029.nrrd,lamella,null,332,1553.8545454545454,73.54719340701162,1558.5,110.0,1.7272727272727273,1.3126700215545057,2.0,42.769232732599434,15.28507782056325,41.3849983215332,5.770404661785473,4.421532294940826,6.436041831970215
bleo_fib_1_2023-01-18_hO1c11-5029.nrrd,lamella,null,333,1475.6842105263158,125.7020518844192,1486.0,19.0,1.7894736842105263,1.3156725094212403,2.0,46.77253266384727,22.747158915195264,40.376853942871094,6.001531475468686,4.367494976978725,6.675567626953125
bleo_fib_1_2023-01-18_hO1c11-5029.nrrd,lamella,null,334,1573.6666666666667,63.79744732913917,1576.5,36.0,1.6388888888888888,1.3554709835705032,1.0,62.307713720533584,19.038659814073192,60.73528289794922,5.786864154868656,4.839678250931511,3.6812283992767334
bleo_fib_1_2023-01-18_hO1c11-5029.nrrd,lamella,null,335,1602.45,60.55660683673539,1607.0,20.0,1.9,1.3337718577107003,1.5,50.03552560806274,17.538677174937263,52.73370361328125,6.235326278209686,4.290800618668695,5.0999860763549805
bleo_fib_1_2023-01-18_hO1c11-5029.nrrd,lamella,null,336,1590.9411764705883,78.99087810329375,1592.0,17.0,1.7647058823529411,1.480262297901367,2.0,64.0632589003619,12.056758273138794,64.44053649902344,6.23802936778349,5.23525125052099,6.611570358276367
bleo_fib_1_2023-01-18_hO1c11-5029.nrrd,lamella,null,337,1525.3,49.91371502271115,1516.0,20.0,1.75,1.6819474927657678,1.5,45.15726523399353,19.155505624215024,44.610191345214844,6.161153042316437,5.971328600050718,5.214447021484375
bleo_fib_1_2023-01-18_hO1c11-5029.nrrd,lamella,null,338,1592.7272727272727,81.17364210850819,1580.0,22.0,2.090909090909091,1.3419634126405238,2.0,49.85807982358065,19.180605028004543,52.829620361328125,7.1183411641554395,4.626179993618548,6.889857292175293
bleo_fib_1_2023-01-18_hO1c11-5029.nrrd,lamella,null,339,1571.8461538461538,77.20087019570673,1560.0,13.0,2.076923076923077,1.7059473644448735,2.0,42.709123611450195,12.318057553095912,45.54326629638672,6.4865782627692585,5.257823053516554,6.169031143188477
bleo_fib_1_2023-01-18_hO1c11-5029.nrrd,lamella,null,340,1477.2894736842106,107.41405310815206,1463.0,38.0,1.0789473684210527,0.9967942927304082,1.0,47.985049398321856,16.488619953307843,43.70438766479492,3.849128421984221,3.6183526638538672,3.5021450519561768
bleo_fib_1_2023-01-18_hO1c11-5029.nrrd,lamella,null,341,1641.9166666666667,65.37910626669566,1643.0,24.0,1.7916666666666667,1.4135729219948654,1.5,51.24975593884786,16.95041577836338,51.946624755859375,6.173418025175731,4.817988427275576,5.07000732421875
bleo_fib_1_2023-01-18_hO1c11-5029.nrrd,lamella,null,342,1654.4285714285713,99.3739745264665,1630.0,14.0,2.2142857142857144,1.4769288003552106,2.5,50.79790415082659,14.988159635618484,48.233123779296875,8.01479068824223,5.468007564506381,8.629293441772461
bleo_fib_1_2023-01-18_hO1c11-5029.nrrd,lamella,null,343,1683.7857142857142,89.9103643990704,1688.5,14.0,2.0714285714285716,1.542439911024374,2.0,52.987667083740234,15.02632346284381,47.590736389160156,6.6849062613078525,4.825459989795553,6.676712989807129
bleo_fib_1_2023-01-18_hO1c11-5029.nrrd,nuclei,fibrosis,344,1047.7610619469026,217.45320171255352,1014.0,565.0,0.44601769911504424,0.6888209937192054,0.0,53.8914395509568,24.631461415729543,52.72407531738281,2.8237846699436155,4.39140475922352,0.0
bleo_fib_1_2023-01-18_hO1c11-5029.nrrd,nuclei,fibrosis,345,930.9275549805951,283.6626242250229,986.0,773.0,0.4165588615782665,0.6635085407455021,0.0,55.10763620990985,26.675484379621892,52.31037139892578,2.937243596702467,4.895014672980265,0.0
bleo_fib_1_2023-01-18_hO1c11-5029.nrrd,nuclei,fibrosis,346,902.6750599520384,88.5219497284707,898.0,834.0,0.2793764988009592,0.523063829033273,0.0,50.30997285454107,24.112191442226134,48.07692337036133,2.4805013824709885,4.687408791366996,0.0
bleo_fib_1_2023-01-18_hO1c11-5029.nrrd,nuclei,AT2,347,1509.275783040489,120.13524311317288,1494.0,1309.0,0.8594346829640948,0.9466406004126853,1.0,83.75395271120588,25.408708703952538,83.493896484375,4.148158973004637,4.565578374473918,4.54132604598999
bleo_fib_1_2023-01-18_hO1c11-5029.nrrd,lamella,null,348,1519.0,131.56804323238984,1543.0,41.0,1.5121951219512195,1.4339098859327282,1.0,56.775106150929524,23.230484814080963,50.071529388427734,5.699496054067844,5.200552082252199,4.127115249633789
bleo_fib_1_2023-01-18_hO1c11-5029.nrrd,lamella,null,349,1492.2692307692307,92.85022679231653,1478.5,26.0,2.3076923076923075,1.5942203302989402,2.0,53.7919953419612,24.970697580554326,51.5164794921875,8.571597869579609,5.803386402841249,7.428114891052246
bleo_fib_1_2023-01-18_hO1c11-5029.nrrd,lamella,null,350,1460.2857142857142,95.9811107790154,1463.5,14.0,2.2857142857142856,1.2666473875533018,2.0,53.60917936052595,26.471235649941494,45.957763671875,8.85803713117327,4.983886876612317,8.140499114990234
bleo_fib_1_2023-01-18_hO1c11-5029.nrrd,lamella,null,351,1398.2413793103449,113.55761758823259,1402.0,29.0,2.2413793103448274,1.6180935081092258,2.0,49.71939626233331,20.339244557154743,50.65122985839844,7.6388284502358275,5.568561129689982,6.846970081329346
bleo_fib_1_2023-01-18_hO1c11-5029.nrrd,nuclei,fibrosis,352,1434.3618677042803,159.5996131229586,1445.0,257.0,0.48638132295719844,0.7557134838348496,0.0,47.186229761472475,20.209321539450283,45.385780334472656,2.712093507269477,4.247712876230606,0.0
bleo_fib_1_2023-01-18_hO1c11-5029.nrrd,nuclei,fibrosis,353,1384.6871508379888,127.58857862586783,1390.0,179.0,0.5698324022346368,0.7415330876419423,0.0,53.84487745615357,20.656559740339027,51.94805145263672,3.287476694117711,4.33000492954523,0.0
bleo_fib_1_2023-01-18_hO1c11-5029.nrrd,nuclei,fibrosis,354,1496.588888888889,213.70117602357618,1520.5,360.0,0.5694444444444444,0.7241629283287755,0.0,55.750428443484836,20.030192932130085,55.39070129394531,2.649532224734624,3.345186822270335,0.0
bleo_fib_1_2023-01-18_hO1c11-5029.nrrd,nuclei,airway,355,787.756993006993,166.88971589496634,820.0,572.0,0.36538461538461536,0.5898063076413113,0.0,55.861169036451756,28.273427168902504,52.60390853881836,3.1255179718657806,5.042166529186536,0.0
bleo_fib_1_2023-01-18_hO1c11-5029.nrrd,nuclei,airway,356,1270.548651817116,124.3280305934884,1253.0,853.0,0.46776084407971863,0.6734078973834816,0.0,54.211018811077196,21.393146929167937,53.151100158691406,2.4619650600384158,3.5402600760711955,0.0
bleo_fib_1_2023-01-18_hO1c11-5029.nrrd,nuclei,airway,357,1354.6571767497035,127.65164669015684,1364.0,843.0,0.5409252669039146,0.7305174022094865,0.0,56.97855065188515,21.205110176712697,57.049713134765625,2.772300551087548,3.726514551870612,0.0
bleo_fib_1_2023-01-18_hO1c11-5029.nrrd,nuclei,fibrosis,358,1450.6420765027322,163.36650209127737,1460.0,366.0,0.5191256830601093,0.7164717972225324,0.0,50.35843753293564,19.876548060363554,48.173431396484375,2.7481061005201495,3.8093410798184033,0.0
bleo_fib_1_2023-01-18_hO1c11-5029.nrrd,nuclei,fibrosis,359,1289.2912423625255,173.67117270655402,1261.0,491.0,0.604887983706721,0.7496234004677171,0.0,58.976539931326435,22.524933508656,57.69231033325195,3.0091231553957565,3.7191020175248926,0.0
bleo_fib_1_2023-01-18_hO1c11-5029.nrrd,nuclei,fibrosis,360,1038.2692307692307,88.63784525436091,1042.0,286.0,0.36713286713286714,0.5995643124307205,0.0,53.72574012929743,24.212500472928344,50.12562561035156,2.5887727437319454,4.22541346817791,0.0
bleo_fib_1_2023-01-18_hO1c11-5029.nrrd,nuclei,AT2,361,1334.8274111675128,132.78698273720084,1320.0,985.0,0.6203045685279188,0.7834634310509636,0.0,61.79957281877547,22.427065854863095,61.028770446777344,2.9364413135547927,3.702134993502126,0.0
bleo_fib_1_2023-01-18_hO1c11-5029.nrrd,lamella,null,362,958.3947368421053,29.664374368687316,959.0,38.0,1.2105263157894737,1.0438466993391293,1.0,44.41550066596583,21.790726439836714,40.922523498535156,6.808986714011745,5.837315991262878,5.674767971038818
bleo_fib_1_2023-01-18_hO1c11-5029.nrrd,lamella,null,363,1011.5384615384615,49.34387967659679,1006.0,26.0,1.1923076923076923,0.9805806756909202,1.0,52.11425737234262,19.786100377620947,49.097023010253906,6.22201943397522,5.2178588052340675,5.259137153625488
bleo_fib_1_2023-01-18_hO1c11-5029.nrrd,lamella,null,364,1098.576923076923,57.097932065477174,1110.5,26.0,1.1538461538461537,0.7316998123442532,1.0,54.34098001626822,25.622584309987793,46.63546371459961,5.969675174126258,3.7188776277568514,5.296634197235107
bleo_fib_1_2023-01-18_hO1c11-5029.nrrd,lamella,null,365,1226.8333333333333,59.47939853911363,1229.0,30.0,2.1333333333333333,1.591644851508443,2.0,53.815609741210935,25.022190899219083,51.65840148925781,10.136909564336142,7.585889031490738,8.875890731811523
bleo_fib_1_2023-01-18_hO1c11-5029.nrrd,nuclei,alveolar,366,1242.288862418106,123.6897067859558,1235.0,1679.0,0.5270994639666469,0.7276740478390042,0.0,67.7178889218365,24.010800949509058,65.6167984008789,2.80063182616106,3.8609968589594943,0.0
bleo_fib_1_2023-01-18_hO1c11-5029.nrrd,nuclei,airway,367,1174.1160220994475,175.85889657172422,1196.0,1086.0,0.576427255985267,0.7734991638357364,0.0,76.46948849386493,27.112694803635375,73.39474487304688,3.3905855221862513,4.5799575311332985,0.0
bleo_fib_1_2023-01-18_hO1c11-5029.nrrd,nuclei,airway,368,1221.3407643312103,330.2719315446607,1305.5,628.0,0.5668789808917197,0.7848151000789156,0.0,59.246491939398894,23.567401976704726,56.59727478027344,2.909077672821701,4.026438686094089,0.0
