file,Roi group,Roi tags,Roi name,16O mean,16O stddev,16O median,12C21H mean,12C21H stddev,12C21H median,12C15N mean,12C15N stddev,12C15N median,31P mean,31P stddev,31P median,32S mean,32S stddev,32S median,31P/32S mean,31P/32S stddev,31P/32S median
vb_fib_1_2023-01-24_hO1c12-5028-interleaved.nrrd,background,null,1,962.827850877193,88.36312069879646,956.0,4729.326754385965,307.8411657068444,4718.0,9.204495614035087,3.6203673260488776,9.0,0.3248355263157895,0.6029972439893777,0.0,7.290296052631579,2.878185707982753,7.0,389.61988542791,1720.6102816369737,0.0
vb_fib_1_2023-01-24_hO1c12-5028-interleaved.nrrd,background,null,2,825.3778908418132,120.10374249076479,841.0,4183.677613320999,503.2483700248447,4229.0,6.960684551341351,2.7788833350721474,7.0,0.1244218316373728,0.3596559408436754,0.0,6.743755781683626,2.655792713850531,7.0,155.10330039279313,1145.16328945049,0.0
vb_fib_1_2023-01-24_hO1c12-5028-interleaved.nrrd,background,null,3,759.3081761006289,47.082253293333295,759.0,3857.461814914645,187.85969485884544,3866.0,6.2623539982030545,2.597278707402249,6.0,0.11859838274932614,0.3343965539373155,0.0,6.709793351302785,2.6234387704762177,7.0,116.80143799486186,950.9788357456389,0.0
vb_fib_1_2023-01-24_hO1c12-5028-interleaved.nrrd,lamella,null,4,2383.8695652173915,204.0719490436484,2440.0,4812.630434782609,365.96049323485136,4766.0,49.76086956521739,9.043560711255509,49.0,40.23913043478261,8.230525250172057,41.0,48.108695652173914,39.663152931695834,32.0,15412.518029254416,13507.471081649343,11269.841796875
vb_fib_1_2023-01-24_hO1c12-5028-interleaved.nrrd,lamella,null,5,2467.9032258064517,176.78279607825903,2425.0,4771.225806451613,368.4819950081161,4675.0,51.96774193548387,7.377822040718801,53.0,39.45161290322581,7.697786303769067,41.0,47.58064516129032,30.82182580958758,37.0,14350.584173387097,9074.744918630553,13333.333984375
vb_fib_1_2023-01-24_hO1c12-5028-interleaved.nrrd,lamella,null,6,2511.5,231.6452028426231,2554.0,5406.357142857143,793.6007140915344,5289.0,59.857142857142854,12.408788094653804,59.0,37.714285714285715,7.352954104707445,40.0,73.71428571428571,36.045758464716805,71.0,11179.814636230469,19043.818884493572,4751.552734375
vb_fib_1_2023-01-24_hO1c12-5028-interleaved.nrrd,lamella,null,7,2312.65,207.96818456070073,2287.0,4613.35,407.92120949748954,4639.0,51.45,8.350701199678731,52.0,35.85,7.183863496534585,36.0,67.5,37.171721000046034,56.0,8267.506164550781,7013.397097413716,6055.5556640625
vb_fib_1_2023-01-24_hO1c12-5028-interleaved.nrrd,lamella,null,8,2341.6,123.27915476673256,2338.0,4442.08,290.76306505469364,4457.0,44.72,8.979235305228762,44.0,35.0,4.654746681256314,35.0,41.04,25.03743863364089,31.0,16065.1970703125,21318.828495056154,10000.0
vb_fib_1_2023-01-24_hO1c12-5028-interleaved.nrrd,lamella,null,9,2406.4117647058824,138.4124537494411,2427.0,4559.35294117647,348.0885198438162,4601.0,54.294117647058826,8.75902895504371,53.0,37.411764705882355,7.632650453228974,38.0,44.11764705882353,19.416109139517296,34.0,11153.512422449448,6998.31678368527,8000.0
vb_fib_1_2023-01-24_hO1c12-5028-interleaved.nrrd,lamella,null,10,2108.285714285714,235.74841311388352,2116.0,4433.142857142857,274.9845969712278,4412.0,50.95238095238095,7.671220179842256,51.0,32.0,8.933084573650918,31.0,58.95238095238095,42.40103323089685,46.0,11177.72477794829,9315.526360518976,7500.0
vb_fib_1_2023-01-24_hO1c12-5028-interleaved.nrrd,lamella,null,11,2021.7222222222222,323.67282056305226,2037.0,4220.888888888889,225.11327577045424,4260.0,56.611111111111114,14.312227963564784,56.0,28.833333333333332,10.98260656942711,28.0,93.11111111111111,65.32352867606595,107.0,8063.383365207248,9018.483900251304,2496.29638671875
vb_fib_1_2023-01-24_hO1c12-5028-interleaved.nrrd,lamella,null,12,2550.6923076923076,259.51312895991236,2598.0,5315.538461538462,412.71996466220196,5349.0,59.46153846153846,8.752289077867808,60.0,40.0,9.018499505645789,39.0,52.30769230769231,35.01043800398346,39.0,9621.451256385217,5719.443558813894,8750.0
vb_fib_1_2023-01-24_hO1c12-5028-interleaved.nrrd,lamella,null,13,2312.391304347826,389.1788253525194,2429.0,5067.04347826087,345.83028920672393,5078.0,61.65217391304348,10.447308029310161,61.0,35.30434782608695,13.926543598495304,35.0,79.78260869565217,56.39225972171836,54.0,8793.29289179263,9296.941801042058,6000.0
vb_fib_1_2023-01-24_hO1c12-5028-interleaved.nrrd,lamella,null,14,2664.9375,285.8613810340016,2659.0,4604.9375,193.49400292170986,4615.0,51.0,8.024961059095553,53.0,41.125,13.129483361249724,42.0,41.0625,22.95638981489322,35.0,15159.245918273926,12555.972952023325,15347.22265625
vb_fib_1_2023-01-24_hO1c12-5028-interleaved.nrrd,lamella,null,15,2423.6666666666665,318.14265668092986,2472.0,4502.0,192.87690374951583,4516.0,55.0,9.16515138991168,54.0,33.888888888888886,9.867173410410457,38.0,66.0,32.42298567374695,58.0,5968.766710069444,3787.5456906603667,6250.0
vb_fib_1_2023-01-24_hO1c12-5028-interleaved.nrrd,lamella,null,16,2583.9285714285716,228.75027172265132,2688.0,4715.857142857143,319.4605686858003,4690.0,58.57142857142857,9.154354035222681,60.0,41.5,7.7036454906851635,44.0,60.92857142857143,46.00412069455432,48.0,12032.340275355748,13332.444107178062,9000.0
vb_fib_1_2023-01-24_hO1c12-5028-interleaved.nrrd,lamella,null,17,2105.0,258.3398278753523,2101.0,5089.225806451613,253.14484782135034,5083.0,75.19354838709677,18.74107672971986,72.0,27.93548387096774,9.681375535432169,28.0,105.35483870967742,48.385637253973606,87.0,4223.778785951676,3340.1325628560476,3181.818115234375
vb_fib_1_2023-01-24_hO1c12-5028-interleaved.nrrd,lamella,null,18,2423.6363636363635,302.59898741758406,2546.0,4960.681818181818,148.04130259061918,4926.0,66.72727272727273,13.85359440441642,64.0,40.45454545454545,9.883739762271754,39.0,94.9090909090909,35.53925943289985,98.0,5621.316250887784,3574.904717668926,4819.3544921875
vb_fib_1_2023-01-24_hO1c12-5028-interleaved.nrrd,lamella,null,19,2482.222222222222,159.54809547983277,2507.0,4944.222222222223,136.7640972647924,4905.0,66.11111111111111,12.121390373020885,65.0,37.77777777777778,8.264420947336312,40.0,91.05555555555556,34.382745710812266,80.0,5371.31877983941,2877.1971746231798,4965.03515625
vb_fib_1_2023-01-24_hO1c12-5028-interleaved.nrrd,lamella,null,20,2168.7419354838707,192.32350657887793,2207.0,5022.4838709677415,254.06441059538975,5062.0,63.935483870967744,16.55684246038672,61.0,33.193548387096776,6.289776651247693,34.0,73.7741935483871,34.52314168536747,68.0,6171.670656265751,4479.741596788485,5000.0
vb_fib_1_2023-01-24_hO1c12-5028-interleaved.nrrd,lamella,null,21,2165.1111111111113,145.5095044078423,2159.0,4743.333333333333,198.8325929016669,4713.0,59.69444444444444,13.610540966354915,57.0,30.27777777777778,6.584011417760935,30.0,76.16666666666667,37.45435317060717,66.0,6015.042636447482,4223.136957324152,4555.5556640625
vb_fib_1_2023-01-24_hO1c12-5028-interleaved.nrrd,lamella,null,22,2149.0,165.3067855029954,2185.0,4439.923076923077,97.5871077025218,4407.0,80.0,9.082951062292475,78.0,32.0,5.730037812557028,31.0,102.53846153846153,19.07273527235228,98.0,3155.1574425330527,1583.4552467181709,2727.272705078125
vb_fib_1_2023-01-24_hO1c12-5028-interleaved.nrrd,lamella,null,23,1992.9285714285713,128.32422148645915,2023.0,4065.035714285714,113.18175554549323,4084.0,59.285714285714285,8.321579011742738,60.0,38.107142857142854,7.733234126347789,37.0,77.28571428571429,22.500793636796775,78.0,5677.625632149832,3554.7435065783984,5339.91259765625
vb_fib_1_2023-01-24_hO1c12-5028-interleaved.nrrd,lamella,null,24,2573.96,238.77037085869762,2550.0,5006.44,211.84783847532327,4917.0,77.16,13.211989504486697,78.0,46.84,7.453634460225874,48.0,115.88,38.103280698648504,108.0,5487.992377929688,3643.6900486687255,4285.71435546875
vb_fib_1_2023-01-24_hO1c12-5028-interleaved.nrrd,lamella,null,25,2613.204081632653,186.86302688420344,2616.0,4887.040816326531,219.731935092102,4823.0,50.08163265306123,8.560657915462937,49.0,45.04081632653061,9.8973043124409,43.0,40.10204081632653,26.34644575804548,29.0,19113.20424854512,13701.906927881422,16363.63671875
vb_fib_1_2023-01-24_hO1c12-5028-interleaved.nrrd,lamella,null,26,2624.160714285714,201.99502935249888,2592.0,4784.232142857143,225.56837230519616,4764.0,53.589285714285715,9.706186941073458,53.0,49.857142857142854,10.377297899179329,50.0,52.107142857142854,35.19539152240794,41.0,15999.177642822266,12127.107511293236,13541.6669921875
vb_fib_1_2023-01-24_hO1c12-5028-interleaved.nrrd,lamella,null,27,2603.939393939394,135.93425327017914,2641.0,4895.060606060606,313.0061839838332,4802.0,50.878787878787875,7.461390519524392,51.0,52.54545454545455,8.817918224738865,53.0,42.878787878787875,19.367752799043274,39.0,19601.197605942234,26515.544234822035,13333.333984375
vb_fib_1_2023-01-24_hO1c12-5028-interleaved.nrrd,lamella,null,28,2573.0204081632655,312.05104348727406,2579.0,4603.734693877551,247.23628842248294,4613.0,55.244897959183675,10.873382278613713,52.0,42.244897959183675,11.644974975364729,44.0,50.38775510204081,34.19723205571043,37.0,17006.243644870057,28660.38152285096,12222.2216796875
vb_fib_1_2023-01-24_hO1c12-5028-interleaved.nrrd,lamella,null,29,2570.7619047619046,184.7230101427282,2613.0,4409.285714285715,141.34643357974863,4400.0,55.23809523809524,9.016123124185706,57.0,42.95238095238095,8.206559513439176,40.0,53.42857142857143,39.277947284158614,44.0,15824.298351469493,17740.76101298923,9166.6669921875
vb_fib_1_2023-01-24_hO1c12-5028-interleaved.nrrd,lamella,null,30,2495.304347826087,223.04839156612888,2550.0,4384.217391304348,254.6728661925011,4319.0,54.43478260869565,9.619233039529435,54.0,42.82608695652174,7.889303310138836,45.0,53.04347826086956,28.71090743138567,47.0,12345.697233780571,7185.096277008029,11000.0
vb_fib_1_2023-01-24_hO1c12-5028-interleaved.nrrd,lamella,null,31,2280.478260869565,159.73468615324072,2296.0,4281.565217391304,205.2488126611558,4310.0,55.34782608695652,9.8378152399632,55.0,33.608695652173914,7.889804297807868,34.0,79.0,39.83032193511051,64.0,6529.363557235054,5282.294123835341,5555.5556640625
vb_fib_1_2023-01-24_hO1c12-5028-interleaved.nrrd,lamella,null,32,2476.0526315789475,225.04751934849733,2426.0,4341.631578947368,178.8240011626316,4275.0,54.26315789473684,11.159660017039338,52.0,39.31578947368421,6.912570124851837,39.0,80.73684210526316,32.370840968829334,68.0,8333.971332750822,11981.031504729774,4375.0
vb_fib_1_2023-01-24_hO1c12-5028-interleaved.nrrd,lamella,null,33,2216.0,256.6525202078333,2303.0,3865.6875,171.39248252043066,3894.0,51.90625,9.477849814001813,51.0,37.1875,10.049675006781836,40.0,53.375,28.926770723952735,45.0,9553.424201965332,7170.396221778672,7142.857421875
vb_fib_1_2023-01-24_hO1c12-5028-interleaved.nrrd,lamella,null,34,2819.5833333333335,201.1167926497295,2854.0,5229.333333333333,241.85851826458966,5293.0,59.02777777777778,9.539350415474125,61.0,55.166666666666664,11.392980294900891,56.0,57.02777777777778,23.5693337212466,51.0,12290.266662597656,7417.935712873874,10000.0
vb_fib_1_2023-01-24_hO1c12-5028-interleaved.nrrd,lamella,null,35,2408.0,130.49865899694143,2439.0,4305.619047619048,229.87311199670052,4262.0,50.95238095238095,6.445744258626699,51.0,40.04761904761905,7.749039879083024,41.0,35.23809523809524,17.10819909255431,35.0,15642.069661458334,9359.196465783292,12222.2216796875
vb_fib_1_2023-01-24_hO1c12-5028-interleaved.nrrd,lamella,null,36,2069.75,787.420077155121,2209.0,4497.75,955.0094149054969,4368.0,51.36363636363637,22.128683804837127,55.0,31.454545454545453,18.54028241105315,35.0,73.18181818181819,52.14928157424951,68.0,6697.42029987682,8629.55491899128,3156.0283203125
vb_fib_1_2023-01-24_hO1c12-5028-interleaved.nrrd,lamella,null,37,2192.0526315789475,100.29316675748957,2167.0,4998.526315789473,182.16487294665927,4988.0,68.36842105263158,9.776448607158995,68.0,28.105263157894736,6.64073905560807,28.0,119.94736842105263,39.218014120795914,110.0,3132.165482370477,2116.8675615957627,2692.307861328125
vb_fib_1_2023-01-24_hO1c12-5028-interleaved.nrrd,lamella,null,38,2748.909090909091,214.39503127924732,2808.0,5485.0,116.07386810623163,5503.0,71.68181818181819,8.604463756492704,72.0,43.90909090909091,9.496410805236795,43.0,123.5909090909091,40.381111910572734,125.0,3989.069424715909,2333.9452274052865,3449.519287109375
vb_fib_1_2023-01-24_hO1c12-5028-interleaved.nrrd,lamella,null,39,2163.2727272727275,275.8226106651022,2207.0,5076.590909090909,174.78576249386782,5123.0,73.68181818181819,13.460299167539096,73.0,29.727272727272727,10.668966202347809,27.0,145.72727272727272,36.52159415779711,137.0,2442.7935596812854,1866.2227645079647,1633.3333740234375
vb_fib_1_2023-01-24_hO1c12-5028-interleaved.nrrd,lamella,null,40,2257.58,353.7183296560893,2387.0,4497.32,330.1648592532438,4505.0,54.54,12.145730752416837,52.0,36.44,12.307555336757456,38.0,61.82,52.66168106945718,43.0,12984.202623901367,18630.05619385651,10555.5556640625
vb_fib_1_2023-01-24_hO1c12-5028-interleaved.nrrd,lamella,null,41,2456.266666666667,249.53625033226146,2501.0,4715.0,157.27266022793793,4736.0,63.13333333333333,13.945048146782854,61.0,41.7,8.714435111373819,40.0,77.56666666666666,36.413983041127764,68.0,6547.274045817057,4101.716885321883,5669.64306640625
vb_fib_1_2023-01-24_hO1c12-5028-interleaved.nrrd,lamella,null,42,2231.1111111111113,208.88420503022988,2168.0,4591.111111111111,287.69968910499557,4508.0,66.11111111111111,11.783934449542356,68.0,33.44444444444444,8.338331834232658,33.0,89.88888888888889,24.333333333333332,84.0,4374.010769314236,2428.2856506784537,3500.0
vb_fib_1_2023-01-24_hO1c12-5028-interleaved.nrrd,lamella,null,43,2249.5,175.22326417371727,2268.0,3968.6428571428573,58.761063957033976,3985.0,57.42857142857143,8.759296474333697,58.0,35.142857142857146,8.830516518189746,34.0,93.42857142857143,29.824394469871564,88.0,4494.99640764509,2577.0227163162517,3687.291015625
vb_fib_1_2023-01-24_hO1c12-5028-interleaved.nrrd,nuclei,AT2,44,1332.768968456948,126.02285436094867,1318.0,4333.401960784314,293.06570717349445,4327.0,110.41517476555839,13.504695855146817,111.0,20.73145780051151,8.19248234141662,20.0,168.22975277067349,24.207253342647977,167.0,1337.0057115676764,874.3702353314919,1176.4705810546875
vb_fib_1_2023-01-24_hO1c12-5028-interleaved.nrrd,nuclei,AT2,45,1427.5293315143247,268.0341065366537,1351.0,3884.200545702592,302.2643812535066,3874.0,79.29195088676671,11.59644297912409,80.0,19.727148703956345,7.9674396937978145,19.0,168.1800818553888,30.65675094790404,169.0,1407.686410193554,2365.007149724145,1081.0810546875
vb_fib_1_2023-01-24_hO1c12-5028-interleaved.nrrd,nuclei,airway,46,1485.0796812749004,131.78471536218387,1485.0,4494.308764940239,336.764697318689,4490.0,75.1812749003984,10.960326202590556,75.0,24.627490039840637,11.623444942453158,23.0,194.69521912350598,28.245091019827782,192.0,1364.719280227722,918.4020011651178,1183.473388671875
vb_fib_1_2023-01-24_hO1c12-5028-interleaved.nrrd,nuclei,airway,47,1032.7461300309596,375.16531835342306,1127.0,3535.9009287925696,861.4419567288322,3744.0,61.1702786377709,11.215510925760208,61.0,13.959752321981425,10.187752478323327,11.0,126.6842105263158,42.45961872141533,138.0,1157.112123944073,1153.216610489262,869.5652465820312
vb_fib_1_2023-01-24_hO1c12-5028-interleaved.nrrd,nuclei,airway,48,1630.5737874097008,183.5875693899354,1599.0,4886.480908152735,332.86321412087113,4862.0,82.30340557275542,10.373340689853912,81.0,29.836945304437563,13.053143020947525,27.0,220.94324045407637,25.05790562936041,222.0,1446.9440791205848,912.684313191051,1250.0
vb_fib_1_2023-01-24_hO1c12-5028-interleaved.nrrd,background,null,49,814.1826131687243,72.53410568394587,810.0,4343.961291152264,312.67852209560056,4343.0,7.556712962962963,2.955119587970487,7.0,0.1284722222222222,0.37143265695078254,0.0,7.878986625514403,2.850421673879284,8.0,154.1923875220028,1096.7040183353697,0.0
vb_fib_1_2023-01-24_hO1c12-5028-interleaved.nrrd,background,null,50,598.6092077087794,313.42524190459096,720.0,3152.2257762312634,1343.1653523357047,3760.0,5.359743040685225,2.6832269678755845,5.0,0.05861884368308351,0.24822349571241814,0.0,5.977248394004283,3.343017187723004,6.0,77.26623861896915,801.5096473087243,0.0
vb_fib_1_2023-01-24_hO1c12-5028-interleaved.nrrd,nuclei,airway,51,1575.773987206823,124.03471772947526,1571.0,4652.831556503198,347.5831133865122,4669.0,82.67377398720683,11.533033883399748,82.0,38.511727078891255,13.323488793658987,39.0,241.4456289978678,41.292780549529915,237.0,1804.9549766166379,1029.8375281098092,1578.947265625
vb_fib_1_2023-01-24_hO1c12-5028-interleaved.nrrd,nuclei,airway,52,1901.8713450292398,341.1046516108117,1890.0,4998.7192982456145,611.6254069200305,4911.0,80.91228070175438,16.37352314139872,83.0,56.01169590643275,28.650631510151964,53.0,231.99415204678363,48.90248364630109,238.0,2525.8758811727603,1577.879744696391,2203.389892578125
vb_fib_1_2023-01-24_hO1c12-5028-interleaved.nrrd,nuclei,airway,53,1523.0,138.41999911084434,1531.0,4389.717703349283,218.1232708163508,4364.0,72.99043062200957,9.497970648948572,72.0,31.626794258373206,11.602571406007607,31.0,199.64593301435406,23.757367181557335,196.0,1625.7164195667613,867.6443629492553,1555.5556640625
vb_fib_1_2023-01-24_hO1c12-5028-interleaved.nrrd,lamella,null,54,1955.8266666666666,120.6581471284408,1962.0,4211.706666666667,202.02647493973797,4164.0,49.82666666666667,8.531932598999706,49.0,37.64,6.749654645819876,37.0,38.54666666666667,16.004470096290692,36.0,14159.454986979166,11132.427826469619,12500.0
vb_fib_1_2023-01-24_hO1c12-5028-interleaved.nrrd,lamella,null,55,2077.24,179.5504777327369,2104.0,4313.8133333333335,255.00273943061302,4274.0,48.666666666666664,8.7985461534514,47.0,40.28,7.1557196929676,40.0,32.13333333333333,17.770559720863965,27.0,18923.538243815103,18865.101749884678,13000.0
vb_fib_1_2023-01-24_hO1c12-5028-interleaved.nrrd,lamella,null,56,2067.079646017699,105.69946796670742,2080.0,4336.725663716814,169.140803970053,4355.0,49.36283185840708,7.710222744260949,49.0,31.575221238938052,6.900834977603529,31.0,27.38938053097345,20.64774011688108,21.0,19628.941910735273,19042.057935414385,15000.0
vb_fib_1_2023-01-24_hO1c12-5028-interleaved.nrrd,lamella,null,57,2220.373134328358,130.61681591829284,2246.0,4256.895522388059,103.34205256395902,4264.0,49.47761194029851,7.009427004972453,50.0,41.04477611940298,7.6721314564781595,41.0,31.402985074626866,17.45301892917664,27.0,17510.204502390392,12432.52427944771,14444.4443359375
vb_fib_1_2023-01-24_hO1c12-5028-interleaved.nrrd,lamella,null,58,2069.4305555555557,150.86705521412813,2107.0,4435.694444444444,237.73814680773117,4435.0,52.638888888888886,7.17056886885367,52.0,34.97222222222222,7.90074380920266,36.0,40.861111111111114,16.54724823347243,36.0,10576.631842719184,6634.526589720985,8730.158203125
vb_fib_1_2023-01-24_hO1c12-5028-interleaved.nrrd,lamella,null,59,1834.4594594594594,153.50302240339727,1852.0,4042.2072072072074,261.2523376882663,4066.0,44.24324324324324,9.815772295106775,44.0,39.486486486486484,8.754079428124161,39.0,35.972972972972975,19.679920297075974,28.0,16942.34731533291,16914.56020166411,12857.142578125
vb_fib_1_2023-01-24_hO1c12-5028-interleaved.nrrd,lamella,null,60,1545.3225806451612,60.951011529355384,1560.0,3840.2580645161293,228.11867784729006,3785.0,45.41935483870968,6.40194862807873,47.0,28.387096774193548,5.59569727174275,28.0,48.12903225806452,15.852953322086647,46.0,8492.379107075352,6067.158822400473,6923.0771484375
vb_fib_1_2023-01-24_hO1c12-5028-interleaved.nrrd,lamella,null,61,1748.6,75.41323196598563,1791.0,4089.7,161.40910754972904,4073.0,53.1,8.786985325531795,56.0,31.0,3.9157800414902435,32.0,72.7,14.981840860039714,71.0,4820.596862792969,2066.939600527578,5000.0
vb_fib_1_2023-01-24_hO1c12-5028-interleaved.nrrd,lamella,null,62,2096.242424242424,132.77519306685036,2102.0,4370.69696969697,161.29194897151658,4387.0,52.21212121212121,7.347438225997445,52.0,37.75757575757576,7.040198430399099,37.0,48.303030303030305,23.061717261086674,41.0,12627.51552142519,20052.904187020562,8181.818359375
vb_fib_1_2023-01-24_hO1c12-5028-interleaved.nrrd,nuclei,airway,63,1365.0852130325814,109.20055661358055,1354.0,4323.431077694236,284.17609841636437,4293.0,74.18045112781955,9.817045927912643,73.0,31.839598997493734,11.440004561249355,32.0,184.18796992481202,23.22399676558575,183.0,1874.470179966518,1096.8657466998309,1666.666748046875
vb_fib_1_2023-01-24_hO1c12-5028-interleaved.nrrd,nuclei,airway,64,1488.7078384798099,122.79763099781455,1486.0,4531.570071258908,309.78321284491534,4515.0,81.95368171021377,11.22291659156755,81.0,29.45724465558195,9.971001999055142,28.0,201.0023752969121,24.877727032789032,201.0,1588.9390658562088,920.8606542741248,1428.571533203125
vb_fib_1_2023-01-24_hO1c12-5028-interleaved.nrrd,nuclei,airway,65,1383.640194489465,147.68523545497254,1370.0,4321.717990275527,352.48997620985193,4296.0,71.51701782820098,12.096478458304057,71.0,26.700162074554296,12.116555834822226,25.0,164.33063209076175,28.906211726643235,162.0,1785.7508876312108,1174.3321828323076,1578.947265625
vb_fib_1_2023-01-24_hO1c12-5028-interleaved.nrrd,nuclei,airway,66,1505.084696823869,162.1441666454513,1487.0,4619.001924927815,373.28704983732365,4601.0,87.8306063522618,15.1098159573162,87.0,24.920115495668913,9.759357427861715,24.0,211.58710298363812,35.48675927706587,212.0,1297.3959453094453,832.6236681444193,1111.111083984375
vb_fib_1_2023-01-24_hO1c12-5028-interleaved.nrrd,nuclei,airway,67,1512.2823529411764,104.52094529924013,1515.0,4546.617647058823,316.400311646159,4538.0,93.37647058823529,13.004402676841151,93.0,30.31764705882353,9.94493602590941,29.0,230.04705882352943,25.51749050567951,229.0,1444.003080480239,766.7780289201538,1304.3477783203125
vb_fib_1_2023-01-24_hO1c12-5028-interleaved.nrrd,lamella,null,68,1670.5106382978724,107.93695268040295,1661.0,5433.808510638298,217.116742620173,5429.0,63.4468085106383,18.505943241162917,63.0,16.170212765957448,4.429737203590859,17.0,130.31914893617022,60.93942337271558,126.0,1879.429180388755,1533.6699132983235,1290.322509765625
vb_fib_1_2023-01-24_hO1c12-5028-interleaved.nrrd,lamella,null,69,1641.0357142857142,77.78483244650052,1654.0,5399.642857142857,210.3878630293414,5400.0,72.71428571428571,17.654832814080166,68.0,17.535714285714285,5.014661045058319,16.0,171.03571428571428,55.49339776736685,176.0,1066.239440373012,737.7405253216766,813.4920654296875
vb_fib_1_2023-01-24_hO1c12-5028-interleaved.nrrd,background,null,70,723.9753292912399,63.02642141924962,723.0,3973.20614676981,308.67707790359873,3985.0,6.714405185030316,2.6246378524860363,7.0,0.10767300857202593,0.32834464371692185,0.0,9.380723395358562,3.1529298576026004,9.0,118.4054645950665,919.0603142685055,0.0
vb_fib_1_2023-01-24_hO1c12-5028-interleaved.nrrd,background,null,71,792.7154688377316,150.56428479045812,820.0,4140.308534531162,664.2188735930481,4251.0,6.58422234699607,2.623249075886168,6.0,0.09601347557551937,0.31800453190436584,0.0,9.935148792813026,3.427474829466084,10.0,109.76199441917286,934.0483086515638,0.0
vb_fib_1_2023-01-24_hO1c12-5028-interleaved.nrrd,background,null,72,746.6255813953488,72.88768285780498,745.0,3611.1058139534885,354.9985730398502,3613.0,6.841085271317829,2.7864991190623427,7.0,0.2833333333333333,0.5413793841527654,0.0,7.515503875968992,2.881152391379225,7.0,333.6993990166243,1610.2469530599985,0.0
vb_fib_1_2023-01-24_hO1c12-5028-interleaved.nrrd,nuclei,airway,73,973.8615664845173,105.02324628883501,973.0,3181.2586520947175,317.8948813755094,3198.0,107.84517304189436,15.446507631446114,110.0,22.739526411657558,7.281582641205569,22.0,155.5992714025501,29.00131634655814,156.0,1660.877480539902,1014.8197270922051,1463.41455078125
vb_fib_1_2023-01-24_hO1c12-5028-interleaved.nrrd,nuclei,airway,74,1511.769113149847,113.01747507537453,1504.0,4628.750764525994,310.69447077870905,4634.0,76.18654434250764,10.276666025994153,76.0,39.92354740061162,14.815360668773323,39.0,206.9709480122324,36.322750265484416,206.0,2202.9231547784366,1344.0860875575133,1929.6690673828125
vb_fib_1_2023-01-24_hO1c12-5028-interleaved.nrrd,nuclei,airway,75,1480.094017094017,132.812089348663,1475.0,4375.661538461539,347.18395252583997,4334.0,73.65128205128205,9.262982516452537,74.0,37.126495726495726,13.427420275970105,37.0,217.95726495726495,31.4015620964272,212.0,1866.7343665489784,1053.2973501269037,1764.7059326171875
vb_fib_1_2023-01-24_hO1c12-5028-interleaved.nrrd,nuclei,airway,76,1420.459040590406,367.19396714836853,1385.0,4276.115867158672,744.9799025814475,4309.0,74.45756457564576,19.707092762318197,76.0,19.994833948339483,11.18453259871538,19.0,182.55940959409594,50.648774429418566,186.0,1124.9066900612243,826.6497338689741,985.91552734375
vb_fib_1_2023-01-24_hO1c12-5028-interleaved.nrrd,background,null,77,838.8382835927459,69.7509952338915,834.0,4441.541053834071,311.0238778880126,4432.0,7.256461516492932,2.7169557674188383,7.0,0.1002427531058118,0.31721511937931085,0.0,9.749607311152364,3.179379213657127,10.0,111.68031230198218,897.3306206032289,0.0
vb_fib_1_2023-01-24_hO1c12-5028-interleaved.nrrd,nuclei,airway,78,1487.2644483362521,117.23970847214578,1501.0,4527.968476357268,369.2339994812742,4493.0,148.7863397548161,18.36395847754688,148.0,35.08231173380035,11.878561799981716,34.0,183.39404553415062,26.829361363044036,181.0,2118.721121659421,1256.2891299872983,1842.105224609375
vb_fib_1_2023-01-24_hO1c12-5028-interleaved.nrrd,nuclei,airway,79,1432.6271186440679,121.28327542066239,1433.0,4246.067796610169,252.32724948377913,4239.0,68.57627118644068,10.457495229331668,68.0,28.90960451977401,10.916145692254428,28.0,182.19209039548022,37.599826895043506,171.0,1750.193115234375,1131.8370815746719,1489.3616943359375
vb_fib_1_2023-01-24_hO1c12-5028-interleaved.nrrd,nuclei,AT2,80,976.4362068965518,133.45883564024138,966.0,3060.3,374.0192185453074,2989.0,59.907758620689656,11.050871862207913,59.0,16.800862068965518,6.063725375867159,16.0,162.95172413793102,25.676579011000108,162.0,1105.6738787815489,731.6141248106161,1000.0
vb_fib_1_2023-01-24_hO1c12-5028-interleaved.nrrd,lamella,null,81,785.219512195122,47.22579390286729,781.0,2442.1951219512193,140.67732928801908,2463.0,77.07317073170732,7.979317777549779,77.0,17.682926829268293,5.763848646478514,18.0,119.48780487804878,14.028759658678867,121.0,1665.426513671875,972.4902599566352,1428.571533203125
vb_fib_1_2023-01-24_hO1c12-5028-interleaved.nrrd,lamella,null,82,675.5,37.76771107705628,667.0,2199.9375,126.78825852577991,2201.0,78.3125,8.443686003951907,79.0,20.0625,5.881822279985458,20.0,98.375,12.996794476587935,97.0,2377.7386779785156,1019.8707154737908,2366.94677734375
vb_fib_1_2023-01-24_hO1c12-5028-interleaved.nrrd,lamella,null,83,665.8695652173913,34.86966761824327,667.0,2026.0434782608695,87.70758399280574,2010.0,69.6086956521739,10.12911811642184,70.0,17.608695652173914,4.596995448089812,18.0,92.84782608695652,9.982133798396118,94.0,2200.739937160326,1226.9712991690078,2041.6666259765625
vb_fib_1_2023-01-24_hO1c12-5028-interleaved.nrrd,lamella,null,84,667.8857142857142,40.73119477431605,665.0,2103.7,107.38071912862061,2107.0,73.68571428571428,11.098430307007524,73.0,17.314285714285713,5.005917822988867,18.0,94.47142857142858,15.344093353084025,93.0,1946.2432146344865,1204.128512099072,1770.8333740234375
vb_fib_1_2023-01-24_hO1c12-5028-interleaved.nrrd,background,null,85,848.9790048543689,62.10291933442396,847.0,4501.953883495145,310.80359189762294,4490.0,7.234466019417476,2.6855470735347517,7.0,0.1046116504854369,0.3215421250505239,0.0,9.089320388349515,3.0593565669888827,9.0,121.66262204068379,963.2640162052691,0.0
vb_fib_1_2023-01-24_hO1c12-5028-interleaved.nrrd,nuclei,airway,86,1396.8383838383838,112.39214395077249,1383.0,4417.535353535353,261.6029985290967,4396.0,70.27272727272727,9.623332807443585,70.0,25.838383838383837,8.501749004580116,26.0,167.36363636363637,23.15628117963895,163.0,1624.6757538150055,927.7002024936987,1562.5
vb_fib_1_2023-01-24_hO1c12-5028-interleaved.nrrd,nuclei,airway,87,1474.66796875,142.5557847666156,1463.0,4658.896484375,372.51056937072264,4654.0,75.390625,11.184266538486728,76.0,27.232421875,10.880721546099208,26.0,183.451171875,24.915621962979447,181.0,1628.8863576054573,1029.5455677202908,1428.571533203125
vb_fib_1_2023-01-24_hO1c12-5028-interleaved.nrrd,nuclei,airway,88,1298.7063037249284,238.75503492783378,1326.0,4415.967048710601,603.1134360161326,4479.0,72.05014326647564,11.869643773424551,72.0,20.26790830945559,9.803002288492788,19.0,159.5702005730659,35.758777758199265,162.0,1382.4918227537314,909.737115821266,1200.0
vb_fib_1_2023-01-24_hO1c12-5028-interleaved.nrrd,background,null,89,736.3165847081218,124.75201078974509,752.0,4003.175404505076,591.9759601418943,4095.0,8.501665609137056,3.0642011964967617,8.0,0.053180520304568525,0.23238539398456529,0.0,8.541362626903553,3.135114897509902,8.0,64.11745418025757,697.6044831383313,0.0
vb_fib_1_2023-01-24_hO1c12-5028-interleaved.nrrd,nuclei,airway,90,792.3482260183969,112.28499173335399,787.0,2446.6491458607097,192.8854218180508,2440.0,36.825229960578184,10.662634930642323,38.0,14.156373193166885,6.786634658419399,14.0,95.29434954007884,28.389491794431297,101.0,1573.8110697241243,1241.32651713629,1379.310302734375
vb_fib_1_2023-01-24_hO1c12-5028-interleaved.nrrd,background,null,91,786.0830108505957,74.12594504080982,789.0,4129.910160103194,383.0354755992968,4168.0,8.415585401016768,2.9781778126606016,8.0,0.05964033689961302,0.24532705028682872,0.0,9.116700811897717,3.1656175987558397,9.0,73.26681385869566,740.5347594292125,0.0
vb_fib_1_2023-01-24_hO1c12-5028-interleaved.nrrd,nuclei,airway,92,1303.4045112781955,181.30682817663856,1334.0,4562.407518796993,326.6048895210315,4563.0,65.9203007518797,22.87988462364572,73.0,24.709774436090225,13.675179040377998,25.0,158.98345864661655,61.19045935710077,172.0,1617.2592358582,1087.044318613812,1470.5882568359375
vb_fib_1_2023-01-24_hO1c12-5028-interleaved.nrrd,nuclei,airway,93,1361.6124093473006,154.4484843880149,1352.0,4455.041095890411,379.2815607725003,4437.0,74.23287671232876,14.342236818564526,75.0,18.255439161966155,9.381864187547917,17.0,174.35777598710717,33.84501139518349,179.0,1122.1533047586174,803.1625896580222,975.6097412109375
vb_fib_1_2023-01-24_hO1c12-5028-interleaved.nrrd,nuclei,fibrosis,94,1471.8874643874644,146.55699601474282,1478.0,4341.840455840455,436.77620728600493,4264.0,113.08262108262109,15.709434001832424,113.0,27.33903133903134,13.02249291580688,25.0,237.24358974358975,38.758503666888565,235.0,1269.9337310573653,876.0386753491906,1052.631591796875
vb_fib_1_2023-01-24_hO1c12-5028-interleaved.nrrd,nuclei,fibrosis,95,1371.1303030303031,105.49776927545123,1374.0,4450.881818181818,297.4235790630972,4433.0,95.64848484848486,10.997267447614403,96.0,26.05151515151515,11.361980573850671,25.0,225.14545454545456,28.491187683714184,223.0,1259.038333314838,873.1457709652367,1056.618896484375
vb_fib_1_2023-01-24_hO1c12-5028-interleaved.nrrd,background,null,96,714.6335777894185,67.3643765542103,716.0,3632.9360921948664,367.1205505900942,3662.0,7.544264012572027,2.851812038884831,7.0,0.05919329491880566,0.2404161505084355,0.0,9.43530644316396,3.223591673556983,9.0,58.101973536128206,602.6907109877706,0.0
vb_fib_1_2023-01-24_hO1c12-5028-interleaved.nrrd,nuclei,airway,97,1350.22131147541,117.82296997350586,1341.0,4496.968384074941,283.27631022102514,4479.0,79.42388758782201,12.823838106838245,80.0,22.298594847775174,7.640582270813268,22.0,206.86182669789227,32.516596818248146,209.0,1168.5349964794007,671.0109987299437,1063.829833984375
vb_fib_1_2023-01-24_hO1c12-5028-interleaved.nrrd,nuclei,airway,98,1174.3468085106383,101.34923966160069,1171.0,4010.1978723404254,311.8515809231181,4007.0,65.72765957446809,10.863873782981958,66.0,23.45531914893617,7.639053751743117,23.0,122.9872340425532,20.85394040190627,124.0,2014.8704757365774,1193.14786708131,1818.181884765625
vb_fib_1_2023-01-24_hO1c12-5028-interleaved.nrrd,nuclei,airway,99,1411.1169036334913,136.77390188178066,1404.0,4743.08214849921,336.26042341445765,4752.0,73.46287519747236,10.399715305190808,74.0,26.549763033175356,12.3945349880639,25.0,171.07898894154818,24.298970212881926,170.0,1668.9888010612597,1119.2721901968848,1458.333251953125
vb_fib_1_2023-01-24_hO1c12-5028-interleaved.nrrd,nuclei,fibrosis,100,1418.4,141.32783946892852,1403.0,4451.840425531915,377.23524875582575,4442.0,78.32765957446809,11.715127940219789,79.0,33.236170212765956,13.09753350910539,32.0,215.11063829787233,35.32970647353894,216.0,1740.2746672934675,1083.1333299065575,1481.4814453125
vb_fib_1_2023-01-24_hO1c12-5028-interleaved.nrrd,nuclei,airway,101,1394.1818181818182,135.187279402183,1415.0,4575.44055944056,252.53901169493363,4607.0,64.18881118881119,17.17472391436095,68.0,20.426573426573427,9.333786507643872,21.0,155.7902097902098,41.82859948005336,162.0,1380.6878563940943,858.36813196359,1333.3333740234375
vb_fib_1_2023-01-24_hO1c12-5028-interleaved.nrrd,nuclei,airway,102,1303.9097127222983,193.66990007020974,1331.0,4238.088919288646,460.3245329592731,4285.0,90.21887824897401,15.206207252761075,91.0,19.041039671682626,7.795746013301322,18.0,177.17920656634746,35.501640400838134,181.0,1178.5713884011827,755.8297726516396,1052.631591796875
vb_fib_1_2023-01-24_hO1c12-5028-interleaved.nrrd,nuclei,airway,103,1342.240506329114,130.80411818951177,1323.0,4575.717299578059,263.03591024955585,4563.0,84.67510548523207,10.98187704355875,84.0,21.88185654008439,6.95222558656224,21.0,194.84810126582278,19.17101135736657,194.0,1154.2080324068352,631.8564640124903,1086.95654296875
vb_fib_1_2023-01-24_hO1c12-5028-interleaved.nrrd,nuclei,airway,104,1360.921921921922,140.08583825006295,1348.0,4654.2342342342345,337.3870704850902,4635.0,77.7957957957958,17.17627550148033,82.0,19.5015015015015,7.064515358945357,19.0,179.51351351351352,39.92776569583394,187.0,1094.5874329529724,622.1316303557794,1052.631591796875
vb_fib_1_2023-01-24_hO1c12-5028-interleaved.nrrd,nuclei,airway,105,1513.96,331.3807041520936,1558.0,4332.764,789.1606976598136,4446.0,93.588,16.77545587096562,96.0,40.832,16.32045357271902,41.0,201.796,43.49484556084141,207.0,2047.4371931152343,1083.6627809562451,1958.653076171875
vb_fib_1_2023-01-24_hO1c12-5028-interleaved.nrrd,nuclei,airway,106,1201.9,178.99463904843856,1196.0,4022.75,321.1327921624016,4026.0,97.73,14.088361125124496,99.0,27.53,7.518939050454156,27.0,185.53,33.58103571356845,182.0,1497.2508688354492,713.6811577583325,1387.32958984375
vb_fib_1_2023-01-24_hO1c12-5028-interleaved.nrrd,nuclei,airway,107,1322.8030095759234,140.08267438253355,1314.0,4255.778385772914,335.26839810077826,4198.0,67.72093023255815,12.843796528693076,69.0,20.596443228454174,9.284539421185814,20.0,126.68399452804377,24.430051187179064,126.0,1747.1912120605134,1186.6254618119278,1562.5
vb_fib_1_2023-01-24_hO1c12-5028-interleaved.nrrd,nuclei,airway,108,1384.301310043668,115.38878777948948,1369.0,4507.983988355168,313.5527278693844,4495.0,79.86171761280931,10.953909746591295,79.0,27.283842794759824,9.02439604554855,27.0,200.58078602620088,23.127648894874415,200.0,1475.964590258647,862.3253726322044,1333.3333740234375
vb_fib_1_2023-01-24_hO1c12-5028-interleaved.nrrd,nuclei,airway,109,1345.8753056234718,94.88587883051001,1342.0,4383.268948655256,253.57002173109046,4376.0,67.119804400978,8.746305884675765,67.0,26.882640586797066,9.77145286277466,26.0,156.5085574572127,17.91101507185358,156.0,1848.150354175521,1085.3414386696218,1621.62158203125
vb_fib_1_2023-01-24_hO1c12-5028-interleaved.nrrd,nuclei,airway,110,1333.4131185270426,144.7522541488118,1305.0,4342.288837744534,352.07301573981334,4301.0,68.2174913693901,10.980391725948696,68.0,30.103567318757193,11.94499099372708,29.0,162.69505178365938,24.354859958487665,162.0,2040.3084803011668,1217.6823609244811,1818.181884765625
vb_fib_1_2023-01-24_hO1c12-5028-interleaved.nrrd,nuclei,airway,111,1110.6992263056093,100.65868959161503,1098.0,3797.4564796905224,235.70561516418832,3795.0,58.72727272727273,11.440620337920848,60.0,19.386847195357834,6.772707395246254,19.0,142.73694390715667,27.588078586582725,147.0,1424.78152222329,899.571429641681,1282.0513916015625
vb_fib_1_2023-01-24_hO1c12-5028-interleaved.nrrd,nuclei,airway,112,1280.5127450980392,95.53594925427461,1271.0,4585.481372549019,277.5765207532551,4572.0,77.47745098039216,11.723695060893284,78.0,17.45294117647059,7.672052769385909,16.0,175.02450980392157,26.32443439425677,176.0,1056.6623783335967,698.2049436178213,952.3809814453125
vb_fib_1_2023-01-24_hO1c12-5028-interleaved.nrrd,nuclei,airway,113,1386.8284023668639,110.63868518188889,1386.0,4652.536982248521,267.7975024790015,4644.0,97.57692307692308,14.873640616378532,97.0,23.958579881656803,11.148880710250122,22.0,242.8801775147929,34.86510075894525,242.0,1088.6028449380185,736.6924934638745,937.5
vb_fib_1_2023-01-24_hO1c12-5028-interleaved.nrrd,nuclei,airway,114,1433.7608695652175,110.54652251479577,1425.0,4706.891304347826,286.2944909429304,4685.0,78.67391304347827,11.890106936881836,79.0,29.717391304347824,9.314449280972388,29.0,186.46376811594203,29.697540860194426,190.0,1699.088691158571,824.592571449395,1550.480712890625
vb_fib_1_2023-01-24_hO1c12-5028-interleaved.nrrd,nuclei,AT2,115,1359.639240506329,122.5487123544707,1343.0,4599.791139240507,293.0815164528754,4565.0,84.4873417721519,11.610196581342805,86.0,21.860759493670887,8.57420891213628,21.0,201.03481012658227,26.550737118790792,202.0,1158.2017814539656,728.5053306885254,1076.2548828125
vb_fib_1_2023-01-24_hO1c12-5028-interleaved.nrrd,lamella,null,116,1683.125,82.86605658128866,1713.0,4972.4375,326.7986064331772,5002.0,64.8125,20.81736054354634,62.0,19.5625,4.32001157405857,19.0,114.5,49.58897726981942,124.0,2265.870460510254,1228.6759468431883,2034.4827880859375
vb_fib_1_2023-01-24_hO1c12-5028-interleaved.nrrd,lamella,null,117,1529.3636363636363,141.57985218757133,1553.0,4837.727272727273,280.4635772820032,4947.0,61.72727272727273,19.524809392621016,59.0,10.818181818181818,3.4876405152533088,10.0,131.45454545454547,41.79560655466944,125.0,1407.3375521573153,446.12400781593607,1379.310302734375
vb_fib_1_2023-01-24_hO1c12-5028-interleaved.nrrd,lamella,null,118,1539.56,73.00917750529723,1549.0,4539.68,248.19795862711413,4535.0,83.24,7.790378681424928,82.0,21.4,4.69041575982343,21.0,191.56,23.26492352591486,191.0,1214.57931640625,633.9743585199436,1153.84619140625
vb_fib_1_2023-01-24_hO1c12-5028-interleaved.nrrd,nuclei,airway,119,1367.4579831932774,115.67445005667987,1367.0,4426.264705882353,352.3887520746536,4438.0,110.09243697478992,19.23845112349308,111.0,26.449579831932773,13.494942787406403,25.0,201.08403361344537,30.05510546067057,202.0,1487.3247334456244,1073.1232941462124,1176.4705810546875
vb_fib_1_2023-01-24_hO1c12-5028-interleaved.nrrd,nuclei,airway,120,1326.5028462998102,140.03641396161638,1325.0,4325.65275142315,375.7573883912706,4338.0,109.14990512333966,14.081859909404423,109.0,22.92979127134725,11.086113181347983,21.0,208.73055028462997,30.659473323093188,208.0,1210.4598271987018,857.0206645808344,1000.0
vb_fib_1_2023-01-24_hO1c12-5028-interleaved.nrrd,nuclei,airway,121,1189.3834048640915,255.698905265561,1249.0,3905.0586552217455,550.7499063144289,3951.0,89.13590844062946,13.37084502573441,89.0,16.8068669527897,9.148326215662385,15.0,170.28612303290416,36.882504828912516,171.0,1018.4462690012308,764.8377639401116,882.3529663085938
vb_fib_1_2023-01-24_hO1c12-5028-interleaved.nrrd,nuclei,airway,122,1205.6826484018266,197.54201759183127,1255.0,3897.9657534246576,487.48137202291076,3950.0,65.57990867579909,10.62559226469859,65.0,23.958904109589042,10.777684831607239,23.0,155.2945205479452,32.223014603474525,153.0,1686.4572203126672,1063.9938475628874,1500.0
vb_fib_1_2023-01-24_hO1c12-5028-interleaved.nrrd,background,null,123,755.9106984969054,55.626017768330854,756.0,3912.2484526967287,248.27703524807137,3919.0,6.221043324491601,2.531314568437687,6.0,0.13262599469496023,0.35703097859681965,0.0,8.275419982316533,2.945127938117168,8.0,158.08808144755747,1053.9021737769192,0.0
vb_fib_1_2023-01-24_hO1c12-5028-interleaved.nrrd,nuclei,airway,124,2041.0192307692307,365.5145015848593,2100.0,5834.274725274725,889.2835673513154,5848.0,91.63186813186813,12.473516885694844,91.0,16.467032967032967,6.411638091641942,16.0,225.60714285714286,29.6767164128447,227.0,792.3908421023862,512.4765697596785,681.8181762695312
vb_fib_1_2023-01-24_hO1c12-5028-interleaved.nrrd,nuclei,airway,125,1305.2954545454545,94.7684428333491,1300.0,4360.119318181818,314.3359526616644,4356.0,75.70454545454545,11.207098982299906,76.0,28.616477272727273,10.22694397152116,29.0,204.9715909090909,29.85185243428109,203.0,1515.3923099691217,884.4251540005987,1379.310302734375
vb_fib_1_2023-01-24_hO1c12-5028-interleaved.nrrd,nuclei,airway,126,1320.2957110609482,316.60475474662366,1218.0,4120.261851015802,701.3265285191419,3922.0,60.87584650112867,14.20631523880023,60.0,19.71331828442438,7.317707931539528,19.0,152.20316027088037,37.21478917012049,151.0,1443.2717933568674,885.5868996789536,1333.3333740234375
vb_fib_1_2023-01-24_hO1c12-5028-interleaved.nrrd,nuclei,airway,127,1363.4776470588235,136.93470449939784,1351.0,4337.837647058824,343.91862861388904,4345.0,73.79294117647059,10.701765286352208,74.0,25.783529411764707,11.319761138418718,25.0,204.52235294117648,29.961218551522897,203.0,1347.883263980641,879.2201722816975,1176.4705810546875
vb_fib_1_2023-01-24_hO1c12-5028-interleaved.nrrd,nuclei,airway,128,1375.1550522648083,103.30058480401944,1377.0,4292.261324041812,278.3926778383109,4255.0,68.70383275261324,14.514580234563866,71.0,31.529616724738677,12.569596585295294,31.0,201.18466898954705,47.15290979802606,209.0,1637.085700722937,833.4284004868379,1525.4237060546875
vb_fib_1_2023-01-24_hO1c12-5028-interleaved.nrrd,nuclei,fibrosis,129,1376.3297297297297,140.9276609122958,1353.0,4466.410810810811,394.5466679941965,4438.0,71.38648648648649,10.346857619813301,71.0,29.436486486486487,9.507920981309564,29.0,178.73513513513512,29.57337807522316,176.0,1796.0598012563344,1004.2643747653168,1621.62158203125
vb_fib_1_2023-01-24_hO1c12-5028-interleaved.nrrd,nuclei,fibrosis,130,1408.0961240310078,110.28580910490017,1406.0,4522.241860465117,313.80980974498783,4492.0,74.7953488372093,12.261196306022986,74.0,29.589147286821706,12.672543560650952,29.0,193.2108527131783,33.77748073816478,192.0,1692.1332667624304,1114.0107800613337,1481.4814453125
vb_fib_1_2023-01-24_hO1c12-5028-interleaved.nrrd,nuclei,fibrosis,131,1326.8410852713178,111.93891337752162,1324.0,4059.2577519379847,301.84888754253274,4033.0,67.57170542635659,9.933795107672255,68.0,31.294573643410853,10.857526118324566,31.0,183.7248062015504,31.05425638730051,183.0,1915.0071801178215,1120.059806487285,1707.317138671875
vb_fib_1_2023-01-24_hO1c12-5028-interleaved.nrrd,nuclei,airway,132,1379.5613305613306,143.31716314370465,1373.0,4332.752598752599,333.41443667270033,4293.0,97.48648648648648,13.301485048839641,97.0,20.301455301455302,6.713991761812445,19.0,189.54885654885655,28.335530620844136,186.0,1117.157925040707,656.1909977395991,983.6065673828125
vb_fib_1_2023-01-24_hO1c12-5028-interleaved.nrrd,nuclei,airway,133,1449.2651933701657,85.31078057178914,1449.0,4493.558011049724,230.56759241397666,4512.0,79.0939226519337,10.80776555047268,78.0,26.116022099447513,9.343019835361229,25.0,189.6685082872928,25.93004590316432,186.0,1454.3320693548212,895.0445381047314,1219.51220703125
vb_fib_1_2023-01-24_hO1c12-5028-interleaved.nrrd,nuclei,fibrosis,134,1276.379534883721,90.38387587620615,1276.0,4302.24,259.0054105256572,4297.0,82.90418604651163,12.683774997857181,83.0,18.35906976744186,6.582621940426491,18.0,204.76,30.03588914734352,202.0,969.7895991409656,632.5334264891324,851.0637817382812
vb_fib_1_2023-01-24_hO1c12-5028-interleaved.nrrd,nuclei,fibrosis,135,1324.027972027972,72.21358125568587,1323.0,4087.458041958042,249.3405663470787,4071.0,70.70104895104895,10.820286403186683,71.0,28.57867132867133,9.905813873389597,29.0,158.25874125874125,24.00597219526353,155.0,2013.8255476784873,1184.5612749479428,1856.158447265625
vb_fib_1_2023-01-24_hO1c12-5028-interleaved.nrrd,nuclei,fibrosis,136,1370.8464818763325,103.43581504884361,1357.0,4408.710021321962,258.8833291771686,4380.0,76.08528784648188,9.504451103685682,75.0,27.21321961620469,8.888516316249286,26.0,200.80170575692964,25.127476645183886,200.0,1460.555746082558,874.1103248717789,1272.727294921875
vb_fib_1_2023-01-24_hO1c12-5028-interleaved.nrrd,nuclei,fibrosis,137,1501.851794071763,124.09210868617927,1505.0,4630.341653666147,287.0474486524591,4626.0,76.57410296411857,9.78860387367023,76.0,32.939157566302654,10.889690303869829,32.0,189.06708268330732,21.516494960430133,189.0,1875.8751575630652,965.9760245149657,1739.1304931640625
vb_fib_1_2023-01-24_hO1c12-5028-interleaved.nrrd,nuclei,fibrosis,138,1334.8638239339753,136.1802075327006,1327.0,4260.744154057772,377.90420757127777,4272.0,70.80880330123796,10.355553976138426,71.0,29.57496561210454,13.389259314023114,28.0,170.91884456671252,26.2307048809776,169.0,1945.151367607274,1305.1579350127881,1612.9031982421875
vb_fib_1_2023-01-24_hO1c12-5028-interleaved.nrrd,nuclei,fibrosis,139,1327.7198748043818,130.90959332700965,1312.0,4217.912363067293,354.5254586759379,4189.0,85.10641627543036,14.131043689720865,85.0,17.81846635367762,8.831933064481643,16.0,229.74804381846636,31.000604613165052,231.0,819.7028367426101,587.4011292285251,727.272705078125
vb_fib_1_2023-01-24_hO1c12-5028-interleaved.nrrd,nuclei,fibrosis,140,1134.610806577917,190.8313390855135,1138.0,3660.3077525450276,471.4985032847141,3676.0,60.5505090054816,10.67046990681509,60.0,20.840250587314017,10.553023720954346,19.0,140.6131558339859,29.56204488249735,141.0,1585.318822013837,1122.0503354520793,1351.351318359375
vb_fib_1_2023-01-24_hO1c12-5028-interleaved.nrrd,nuclei,fibrosis,141,1310.272680412371,112.55227139793482,1296.0,4165.90206185567,300.53729210571606,4148.0,66.29329896907217,10.851667922140711,67.0,23.720103092783503,9.98082266304439,22.0,216.32680412371133,36.01816633921247,219.0,1167.8578143090317,748.1251326602433,1016.9490966796875
vb_fib_1_2023-01-24_hO1c12-5028-interleaved.nrrd,nuclei,fibrosis,142,1286.176,164.658424469151,1250.0,4119.12,399.5774894228602,4013.0,96.95466666666667,18.418648226608372,99.0,23.325333333333333,8.979225776405894,23.0,253.27733333333333,58.36610339019932,255.0,971.1059814046224,602.9932780979083,869.5652465820312
vb_fib_1_2023-01-24_hO1c12-5028-interleaved.nrrd,nuclei,fibrosis,143,1380.9832402234638,141.69668011542862,1370.0,4479.558659217877,356.59245719522625,4439.0,73.8268156424581,9.545170931811894,72.0,26.64804469273743,9.942765089046851,26.0,180.8659217877095,21.250086863392198,179.0,1596.907727118977,934.9179393211977,1470.5882568359375
vb_fib_1_2023-01-24_hO1c12-5028-interleaved.nrrd,nuclei,fibrosis,144,1160.686567164179,126.14347493491971,1163.0,3498.049751243781,275.2435966783566,3462.0,55.169154228855724,9.226659405282852,55.0,23.55223880597015,10.116743916037738,22.0,223.273631840796,40.750579765738074,218.0,1160.4404952775187,736.5912940774949,1016.9490966796875
vb_fib_1_2023-01-24_hO1c12-5028-interleaved.nrrd,nuclei,fibrosis,145,1013.6697247706422,176.34956105994328,995.0,3120.064220183486,356.21961274506964,3130.0,51.5045871559633,8.004193175629663,51.0,27.36697247706422,9.839132518276113,28.0,166.5321100917431,31.0070388685404,167.0,1727.0722740243334,862.723542701636,1621.62158203125
vb_fib_1_2023-01-24_hO1c12-5028-interleaved.nrrd,background,fibrosis,146,828.9655731065209,70.1457479389128,832.0,4337.791109761037,343.9824947061213,4348.0,6.80498177399757,2.6227513796903774,7.0,0.08414337788578372,0.29080017985767664,0.0,8.261846901579586,2.945390974241073,8.0,90.60685881394132,809.3931529654751,0.0
vb_fib_1_2023-01-24_hO1c12-5028-interleaved.nrrd,nuclei,airway,147,1480.9166666666667,117.61467647029482,1478.0,4395.34375,297.16654368412907,4379.0,92.63244047619048,13.772053864861999,92.0,34.95684523809524,12.340894935018914,35.0,358.6979166666667,64.99516979741291,352.0,1090.367817958196,619.7364795858396,1000.0
vb_fib_1_2023-01-24_hO1c12-5028-interleaved.nrrd,nuclei,fibrosis,148,1383.7356495468277,154.23290607779606,1367.0,4601.617824773414,360.96236369256417,4569.0,83.91993957703927,12.213974585918006,84.0,21.84894259818731,8.591317280660304,20.0,184.04984894259817,19.82553843552651,185.0,1247.934778588056,757.18369844592,1086.95654296875
vb_fib_1_2023-01-24_hO1c12-5028-interleaved.nrrd,nuclei,fibrosis,149,1279.68,124.13518238534583,1259.0,4202.1016666666665,291.1935108568942,4160.0,74.85166666666667,10.348178836439795,75.0,22.676666666666666,8.277256621864268,22.0,233.59666666666666,29.311190673872137,235.0,1034.7195556640625,653.4606711918068,894.1898193359375
vb_fib_1_2023-01-24_hO1c12-5028-interleaved.nrrd,nuclei,fibrosis,150,1262.0481927710844,111.93002727231035,1247.0,4351.069879518072,253.62881782372793,4345.0,71.22168674698796,9.57245505075563,70.0,21.103614457831327,9.163378142444683,19.0,172.59036144578315,22.508203627685837,170.0,1309.51702708049,900.7025659742505,1111.111083984375
vb_fib_1_2023-01-24_hO1c12-5028-interleaved.nrrd,nuclei,fibrosis,151,1107.8144888287068,206.19329995032126,1066.0,3279.952606635071,526.2962656811868,3346.0,59.27014218009479,14.554476985399528,60.0,12.949898442789438,6.3275697182895305,12.0,140.58090724441436,29.702859780198764,143.0,1000.342040085841,768.0363422611323,857.1428833007812
vb_fib_1_2023-01-24_hO1c12-5028-interleaved.nrrd,background,null,152,793.2569906501413,96.97545949818839,810.0,4108.344944553164,543.4280508016154,4234.0,6.636899325940422,2.708522294323919,6.0,0.07901717764731464,0.282062540416029,0.0,7.2455098934550985,2.832011003657739,7.0,92.91564463105091,858.8482964755557,0.0
vb_fib_1_2023-01-24_hO1c12-5028-interleaved.nrrd,background,null,153,761.5947092084007,82.58959630626096,762.0,3818.0657310177708,455.85463391231,3840.0,6.119446688206785,2.5558824399292117,6.0,0.08723747980613894,0.2958235009576186,0.0,7.136510500807755,2.803314453997681,7.0,111.6311837290331,927.1024609919106,0.0
vb_fib_1_2023-01-24_hO1c12-5028-interleaved.nrrd,nuclei,airway,154,1338.7420494699647,316.4161378340396,1309.0,4306.6784452296815,776.8727637842575,4342.0,76.09893992932862,13.498768174803695,76.0,23.704946996466433,10.243903963053603,23.0,186.8339222614841,41.366019757843944,191.0,1311.96831143113,851.8429618240107,1250.0
vb_fib_1_2023-01-24_hO1c12-5028-interleaved.nrrd,nuclei,airway,155,1441.1700288184438,99.90528705913971,1438.0,4407.478386167147,271.8567211669242,4388.0,76.42074927953891,9.76198990143923,76.0,29.939481268011527,10.52463791293304,29.0,236.63688760806917,26.059305852207427,237.0,1381.4190930633106,738.5400599433228,1272.727294921875
vb_fib_1_2023-01-24_hO1c12-5028-interleaved.nrrd,nuclei,airway,156,1195.5722618276086,129.56568599075783,1191.0,3605.3233959818535,339.1543401222203,3585.0,61.32209980557356,9.543773015430444,61.0,28.592352559948154,11.001726953230657,28.0,169.5593000648088,30.249356298090266,168.0,1872.6102232818703,1129.3606608051425,1666.666748046875
vb_fib_1_2023-01-24_hO1c12-5028-interleaved.nrrd,nuclei,airway,157,1346.9336492890995,386.2691028482017,1399.0,4212.082938388626,987.583894144818,4436.0,65.36255924170617,15.978721631553237,68.0,27.47867298578199,15.638531807516584,24.0,161.45971563981044,44.747876849961045,171.0,1670.8280187308505,1262.381463778209,1388.888916015625
vb_fib_1_2023-01-24_hO1c12-5028-interleaved.nrrd,background,null,158,741.8293622985284,67.4436415602471,741.0,3834.563419761738,328.6310493163129,3833.0,6.290644709180098,2.5754709694477698,6.0,0.11089698668535389,0.32981673642563025,0.0,8.098983882270497,2.9180463647342196,8.0,131.49881620881604,999.0581799604944,0.0
vb_fib_1_2023-01-24_hO1c12-5028-interleaved.nrrd,background,null,159,857.068129330254,203.50854801190104,833.0,4253.696016166282,861.1089249815848,4318.0,6.546189376443418,2.713726442383527,6.0,0.09382217090069284,0.3079970759661816,0.0,7.528868360277136,2.9219865731933328,7.0,114.94418835364644,968.8220106743267,0.0
vb_fib_1_2023-01-24_hO1c12-5028-interleaved.nrrd,lamella,null,160,2013.3529411764705,144.2489987525113,2026.0,4496.361344537815,191.02010105164203,4469.0,56.15126050420168,12.219607026119109,54.0,24.142857142857142,5.704074662174192,24.0,71.04621848739495,34.931668776772185,61.0,4634.0112368800055,3793.851267904404,3550.42041015625
vb_fib_1_2023-01-24_hO1c12-5028-interleaved.nrrd,lamella,null,161,2235.6388888888887,208.80902454194535,2226.0,4425.916666666667,87.24755420231396,4442.0,66.55555555555556,10.269078257271596,67.0,37.888888888888886,8.801875701974886,40.0,82.41666666666667,36.76751283402238,83.0,6085.589992947049,3614.323661211442,5119.0478515625
vb_fib_1_2023-01-24_hO1c12-5028-interleaved.nrrd,lamella,null,162,2013.2037037037037,147.06273589155938,2074.0,4307.0,274.72511132485295,4294.0,62.44444444444444,13.281660879696878,61.0,36.55555555555556,7.557744164454491,36.0,95.42592592592592,27.00635973447027,89.0,4218.345441465025,2553.712291486597,3933.823486328125
vb_fib_1_2023-01-24_hO1c12-5028-interleaved.nrrd,lamella,null,163,1730.025,114.65276171654466,1768.0,3957.15,113.59025554089644,3952.0,68.0,13.505934118388717,68.0,28.5,6.181029704274863,29.0,116.725,24.538810181592037,118.0,2536.589573669434,1281.0729361022952,2500.0
vb_fib_1_2023-01-24_hO1c12-5028-interleaved.nrrd,lamella,null,164,2216.054054054054,78.78414460690324,2206.0,4594.72972972973,126.30356919577368,4611.0,57.24324324324324,7.5255321163113535,56.0,43.08108108108108,7.903509692881098,44.0,70.29729729729729,15.200264736117198,70.0,7255.199324324324,3350.6466721724637,6470.58837890625
vb_fib_1_2023-01-24_hO1c12-5028-interleaved.nrrd,lamella,null,165,2035.4137931034484,91.60767171608161,2041.0,4257.758620689655,158.25107879849256,4215.0,57.758620689655174,7.486440945439739,59.0,33.827586206896555,5.028980055049798,33.0,68.55172413793103,18.974769350935,64.0,5831.811405576509,2707.1384867575457,5000.0
vb_fib_1_2023-01-24_hO1c12-5028-interleaved.nrrd,lamella,null,166,1616.9583333333333,218.60555686613645,1635.0,3155.0,155.01949386532286,3138.0,50.541666666666664,13.884552463131437,52.0,21.666666666666668,8.218043069007242,22.0,78.875,43.935043455973286,80.0,4144.789356231689,3783.327273221248,2996.794921875
vb_fib_1_2023-01-24_hO1c12-5028-interleaved.nrrd,lamella,null,167,1612.967741935484,215.5678522524432,1658.0,2928.4193548387098,159.70864601800125,2916.0,45.225806451612904,10.091942916404006,42.0,20.967741935483872,6.172432642903671,21.0,66.38709677419355,37.149856365226896,57.0,3989.365744313886,3885.594953736219,2500.0
vb_fib_1_2023-01-24_hO1c12-5028-interleaved.nrrd,lamella,null,168,1495.1363636363637,206.98765168304135,1516.0,2881.318181818182,195.4931477687244,2858.0,46.95454545454545,11.659818789637692,45.0,20.045454545454547,6.317029569289761,19.0,71.0,30.933537155169187,74.0,3696.4862011996183,3425.600820121577,2899.15966796875
vb_fib_1_2023-01-24_hO1c12-5028-interleaved.nrrd,lamella,null,169,1573.9615384615386,178.8106217805264,1647.0,3072.153846153846,228.0920327074477,3047.0,44.61538461538461,11.207415127769375,41.0,23.423076923076923,8.63561498411353,25.0,69.88461538461539,35.3500516809545,59.0,5356.674859853892,4799.442065604637,4187.5
vb_fib_1_2023-01-24_hO1c12-5028-interleaved.nrrd,lamella,null,170,1313.0555555555557,86.79012699489988,1326.0,3232.222222222222,206.35593338169383,3279.0,47.111111111111114,10.632297570797524,49.0,13.0,3.6622076273584425,13.0,68.05555555555556,39.02559073257116,71.0,4666.318122016059,9063.302931292888,2250.0
vb_fib_1_2023-01-24_hO1c12-5028-interleaved.nrrd,lamella,null,171,1480.5333333333333,145.34877593797157,1514.0,3309.866666666667,338.0443476119383,3170.0,63.46666666666667,9.21075975357599,61.0,17.2,4.475329197787737,16.0,94.2,22.947766775876037,103.0,1748.9946736653646,700.6350406111525,1562.5
vb_fib_1_2023-01-24_hO1c12-5028-interleaved.nrrd,lamella,null,172,1268.8974358974358,224.29618516029845,1289.0,2659.3846153846152,167.71633561096317,2638.0,40.84615384615385,11.319611443811416,39.0,16.46153846153846,6.801107316367308,15.0,45.0,30.00701672328622,34.0,8393.962181678186,10828.572284492187,4000.0
vb_fib_1_2023-01-24_hO1c12-5028-interleaved.nrrd,nuclei,airway,173,1412.5928338762214,115.91071485482293,1406.0,4462.132464712269,280.6700210120362,4420.0,83.828447339848,14.208803711527336,85.0,18.952225841476658,8.004068118980998,18.0,172.00651465798046,31.346693205255388,172.0,1193.8727041569646,833.4268571973588,1052.631591796875
vb_fib_1_2023-01-24_hO1c12-5028-interleaved.nrrd,nuclei,airway,174,1252.0353773584907,141.83650619697522,1243.0,3945.6061320754716,383.1449898824222,3905.0,69.49528301886792,10.427730642377133,69.0,22.07311320754717,7.031629569203804,22.0,181.1556603773585,31.88542306902957,180.0,1395.9360604915978,853.2535561613157,1219.51220703125
vb_fib_1_2023-01-24_hO1c12-5028-interleaved.nrrd,nuclei,airway,175,1210.8961038961038,72.96555192255502,1205.0,3807.190476190476,239.05049147433286,3803.0,70.84415584415585,10.092267726891672,70.0,23.88744588744589,8.695094467340315,24.0,186.8917748917749,27.666358033468416,181.0,1385.1115729261787,848.1706926355492,1395.348876953125
vb_fib_1_2023-01-24_hO1c12-5028-interleaved.nrrd,nuclei,airway,176,1418.5464135021098,87.49982155104671,1419.0,4329.860759493671,293.2995236822484,4309.0,78.15611814345992,11.096582265043185,77.0,32.85232067510549,11.598613175033197,33.0,206.66033755274262,32.60223193523021,203.0,1768.9228469913016,1085.6003788180678,1568.6275634765625
vb_fib_1_2023-01-24_hO1c12-5028-interleaved.nrrd,nuclei,airway,177,1257.4779874213837,127.72161998536131,1255.0,3946.7526205450736,379.60939445611393,3924.0,65.82914046121593,10.17388948103306,66.0,20.966457023060798,8.83407303602427,20.0,168.51153039832286,31.92988733640387,164.0,1374.2140448308342,908.3346338396253,1190.4761962890625
vb_fib_1_2023-01-24_hO1c12-5028-interleaved.nrrd,nuclei,airway,178,1146.2697044334975,109.02681224733264,1149.0,4056.0677339901476,283.02651637249704,4063.0,70.39408866995073,11.354390538254819,70.0,18.817733990147783,6.511019269225005,18.0,164.78940886699507,23.896534811048546,165.0,1220.1472484607414,709.9021273620756,1086.95654296875
vb_fib_1_2023-01-24_hO1c12-5028-interleaved.nrrd,background,null,179,637.3727725366876,232.57986383775298,711.0,3456.1540880503144,1159.8780888852916,3836.0,6.30293501048218,3.017044453502087,6.0,0.08110587002096437,0.28659736723341833,0.0,7.383254716981132,3.5627181038300195,7.0,103.8079019862401,932.2593220598882,0.0
vb_fib_1_2023-01-24_hO1c12-5028-interleaved.nrrd,background,null,180,806.4456398640997,53.044074257542036,805.0,4279.667044167611,263.9744667689137,4284.0,6.906568516421291,2.5849404577456667,7.0,0.11155152887882219,0.3324084562139383,0.0,8.695922989807475,3.0062928000665194,8.0,149.01849800706046,1082.460961609847,0.0
vb_fib_1_2023-01-24_hO1c12-5028-interleaved.nrrd,nuclei,alveolar,181,1396.8295652173913,123.85261951959176,1395.0,4413.429565217391,326.14806500847914,4397.0,80.0313043478261,14.79993863756827,81.0,18.070434782608697,10.519876118304865,16.0,170.45478260869567,36.593730156507974,170.0,1219.1254498556386,1041.4923955566983,952.3809814453125
vb_fib_1_2023-01-24_hO1c12-5028-interleaved.nrrd,nuclei,airway,182,1421.7831800262811,128.88082635103933,1408.0,4508.793692509856,391.3971643688195,4456.0,76.67805519053877,12.075209681174005,76.0,29.730617608409986,11.340413097560473,28.0,198.1879106438896,34.97604685574347,193.0,1664.915661133855,982.1703094646206,1454.54541015625
vb_fib_1_2023-01-24_hO1c12-5028-interleaved.nrrd,nuclei,airway,183,1379.0222984562606,108.37708376511002,1378.0,4489.528301886792,320.0862461175748,4452.0,74.65180102915951,10.270258298290612,74.0,26.46826758147513,8.449482278438008,26.0,188.3893653516295,21.679903994838064,188.0,1487.1821173901828,794.3079687123021,1363.6363525390625
vb_fib_1_2023-01-24_hO1c12-5028-interleaved.nrrd,nuclei,airway,184,1301.9802631578948,89.3299938094139,1296.0,4165.075657894737,233.63411961387524,4170.0,72.76973684210526,9.682736428768534,73.0,26.07894736842105,9.302773862057162,24.0,178.75328947368422,21.053796935025165,180.0,1582.1999230635793,1009.1453677713968,1351.351318359375
vb_fib_1_2023-01-24_hO1c12-5028-interleaved.nrrd,nuclei,airway,185,1542.1830985915492,186.99957936190896,1492.0,3943.299295774648,298.86860603685693,3888.0,58.96478873239437,8.656713297448338,59.0,31.27112676056338,14.991649411682989,28.0,178.29929577464787,22.402798274480116,178.0,1948.3270440974707,1289.931602242036,1601.9061279296875
vb_fib_1_2023-01-24_hO1c12-5028-interleaved.nrrd,nuclei,airway,186,1331.2787723785166,109.77296633495999,1321.0,3975.3248081841434,331.47539549546264,3936.0,66.24808184143222,9.607013471922222,66.0,31.92071611253197,12.416752765093523,31.0,187.57800511508952,28.05842671741208,186.0,1853.3182518610258,1129.81683308718,1607.142822265625
vb_fib_1_2023-01-24_hO1c12-5028-interleaved.nrrd,background,null,187,802.1132609721567,61.917528754211844,797.0,4170.128362435111,293.3552950338053,4144.0,6.707409155261916,2.6075174315680516,7.0,0.1165644171779141,0.33536345128180645,0.0,9.948560641812175,3.10056447311062,10.0,125.13764415703162,918.402913710856,0.0
vb_fib_1_2023-01-24_hO1c12-5028-interleaved.nrrd,background,null,188,581.9652489626556,224.21523486890297,668.0,3101.000518672199,1039.2157967604073,3493.0,5.463692946058091,2.6864763959817575,5.0,0.07468879668049792,0.26687452108463977,0.0,6.820539419087137,3.317790781757082,7.0,95.95435735298885,836.6647146991207,0.0
vb_fib_1_2023-01-24_hO1c12-5028-interleaved.nrrd,nuclei,airway,189,1329.9258373205741,102.81261272639728,1319.0,4531.160287081339,271.84962102727894,4519.0,77.10287081339713,10.116417854354095,77.0,23.327751196172247,9.564133901241338,23.0,187.54066985645932,19.925629628620996,186.0,1325.3775433992084,831.4403117675844,1164.728759765625
vb_fib_1_2023-01-24_hO1c12-5028-interleaved.nrrd,nuclei,airway,190,1557.2402402402402,151.04732894459133,1558.0,4601.872372372372,389.8745010177468,4600.0,80.76126126126127,11.553279034626518,81.0,17.575075075075077,6.828593823282932,17.0,179.4144144144144,23.25535338551417,179.0,1076.2643659666137,735.171101547677,975.6097412109375
vb_fib_1_2023-01-24_hO1c12-5028-interleaved.nrrd,nuclei,airway,191,1357.73417721519,132.55266554448949,1354.0,4034.6075949367087,330.46245988641255,4083.0,66.82278481012658,10.158940079211817,66.0,31.772151898734176,10.27513152343626,32.0,185.58227848101265,28.52537482292207,183.0,1781.3043151082873,970.5062681102828,1666.666748046875
vb_fib_1_2023-01-24_hO1c12-5028-interleaved.nrrd,nuclei,airway,192,1026.1864615384616,220.18734256639144,1064.0,3388.6627692307693,539.9746511551351,3456.0,53.17169230769231,11.26912981782888,53.0,8.462769230769231,4.290698894870372,8.0,93.37846153846154,23.361849533834665,94.0,971.4923763521634,815.0279301711804,833.3333740234375
vb_fib_1_2023-01-24_hO1c12-5028-interleaved.nrrd,nuclei,airway,193,740.75956284153,211.62861526436464,798.0,2254.448087431694,496.19615684205496,2373.0,42.28415300546448,8.461103281055584,42.0,10.737704918032787,6.196954548572358,10.0,90.10109289617486,28.150634901856975,94.0,1270.3899998065554,1184.306238598721,1052.631591796875
vb_fib_1_2023-01-24_hO1c12-5028-interleaved.nrrd,nuclei,airway,194,1206.680412371134,143.78968135467082,1218.0,4116.29381443299,348.39833563382786,4078.0,93.68556701030928,14.138071848154162,94.0,14.95360824742268,6.825198083719195,14.0,187.06185567010309,24.384788613183236,184.0,840.9178796355258,562.7348581926291,800.1422119140625
vb_fib_1_2023-01-24_hO1c12-5028-interleaved.nrrd,nuclei,airway,195,1316.9102564102564,268.3035874609991,1272.0,3996.55698005698,373.5048161347968,3957.0,63.47863247863248,11.581207383560074,63.0,29.91737891737892,15.980516310078135,28.0,163.6011396011396,28.613522911750707,163.0,1903.348298358102,1220.0189714900348,1714.2857666015625
vb_fib_1_2023-01-24_hO1c12-5028-interleaved.nrrd,nuclei,fibrosis,196,1264.8918406072107,189.71166251781918,1221.0,3491.7419354838707,318.30850742584437,3430.0,47.853889943074,9.700040132175289,48.0,21.39089184060721,8.887282779945329,20.0,133.01518026565464,24.307358512736055,133.0,1654.2762510238156,947.8807286020901,1538.4615478515625
vb_fib_1_2023-01-24_hO1c12-5028-interleaved.nrrd,nuclei,airway,197,1350.0701754385964,95.58050666317502,1340.0,4508.1578947368425,242.66609114281215,4505.0,73.67418546365914,10.899684669990013,74.0,13.360902255639099,4.906674275945065,13.0,207.17293233082708,28.110025557747512,209.0,673.451399839014,412.23350895314263,638.2978515625
vb_fib_1_2023-01-24_hO1c12-5028-interleaved.nrrd,nuclei,fibrosis,198,1356.526405451448,129.03792296980345,1356.0,4546.954003407155,316.52166664779025,4550.0,71.11754684838161,10.988583065814408,71.0,28.541737649063034,12.51836380963198,29.0,171.5519591141397,24.796687452413074,171.0,1792.7743602278285,1142.3692471616143,1627.906982421875
vb_fib_1_2023-01-24_hO1c12-5028-interleaved.nrrd,nuclei,airway,199,1258.3625730994152,115.54327928057145,1252.0,4171.0526315789475,354.62477403535047,4177.0,73.953216374269,11.268419455035762,73.0,19.406432748538013,8.04979113915554,19.0,159.39766081871346,24.540822303288227,157.0,1342.926139697694,855.8416516969419,1176.4705810546875
vb_fib_1_2023-01-24_hO1c12-5028-interleaved.nrrd,nuclei,fibrosis,200,1167.4107485604607,100.38615921116491,1157.0,3715.4184261036467,263.00537718658256,3717.0,59.241842610364685,9.314951570035346,59.0,23.595009596928982,8.717527329483536,24.0,148.98656429942417,18.50711432593589,149.0,1686.096471131191,928.6180206318036,1578.947265625
vb_fib_1_2023-01-24_hO1c12-5028-interleaved.nrrd,nuclei,fibrosis,201,1298.8003273322422,101.42513705251862,1286.0,4116.500818330605,329.20414402305477,4069.0,117.44026186579379,16.694583864928084,119.0,25.69558101472995,10.042318495667514,25.0,227.51718494271685,33.272855316532734,225.0,1188.8885004071674,724.3319557991597,1052.631591796875
vb_fib_1_2023-01-24_hO1c12-5028-interleaved.nrrd,nuclei,fibrosis,202,1177.6027777777779,113.73194208982004,1163.0,3832.483333333333,287.21850051407233,3787.0,72.20277777777778,11.122681311676553,72.0,18.218055555555555,6.718538204246236,18.0,179.17777777777778,25.243494168527885,181.0,1044.7935251871745,632.2857108880216,952.3809814453125
vb_fib_1_2023-01-24_hO1c12-5028-interleaved.nrrd,nuclei,fibrosis,203,1507.2241992882562,253.4339648807163,1514.0,3789.7900355871884,424.25315308239715,3777.0,51.120996441281136,9.140155930405681,51.0,31.380782918149468,12.508034022144956,31.0,159.67259786476868,30.217419231508003,161.0,2050.9256742755715,1077.0228030742849,1935.4837646484375
vb_fib_1_2023-01-24_hO1c12-5028-interleaved.nrrd,nuclei,fibrosis,204,1351.561122244489,104.2349724876497,1352.0,4343.024048096192,324.0996045005228,4340.0,100.7935871743487,12.552679315185078,100.0,28.0,11.278333352621361,27.0,193.3186372745491,29.363267516809984,191.0,1627.2719941683904,1050.7439105032195,1400.0
vb_fib_1_2023-01-24_hO1c12-5028-interleaved.nrrd,nuclei,airway,205,1463.7804532577904,163.68114207160576,1466.0,4589.597733711048,368.48805470861845,4566.0,83.41076487252124,14.017156568983182,83.0,16.13314447592068,6.1357555060612485,16.0,186.57507082152975,28.718455312340392,185.0,922.7008621172595,605.1983915631934,817.9993286132812
vb_fib_1_2023-01-24_hO1c12-5028-interleaved.nrrd,nuclei,airway,206,831.4395973154362,340.79890005489335,919.0,2945.5436241610737,899.3296679337775,3152.0,55.03691275167785,11.299204995682203,55.0,13.875838926174497,9.069950021999972,12.0,103.97315436241611,45.156957293829024,112.0,1537.3155913897008,1633.8277903216251,1188.2353515625
vb_fib_1_2023-01-24_hO1c12-5028-interleaved.nrrd,nuclei,airway,207,1241.1078838174274,130.96257727274528,1244.0,3858.917012448133,378.0112781620464,3829.0,62.16597510373444,9.228434544893169,62.0,27.398340248962654,12.791559609123052,29.0,180.51452282157678,30.33755917245462,176.0,1699.8685342622496,1230.2308916386348,1470.5882568359375
vb_fib_1_2023-01-24_hO1c12-5028-interleaved.nrrd,nuclei,fibrosis,208,1452.5777777777778,99.47552512805593,1458.0,4549.548148148148,366.0064985663693,4544.0,70.2,10.096401013868052,70.0,32.75555555555555,14.641214913023893,32.0,201.82962962962964,24.211302633995892,203.0,1735.897543221933,1166.287004881331,1521.739013671875
vb_fib_1_2023-01-24_hO1c12-5028-interleaved.nrrd,nuclei,fibrosis,209,1276.968583599574,150.39742617448843,1253.0,3873.8136315228967,506.9758798657003,3831.0,62.99201277955272,12.66159017838339,63.0,27.263045793397232,12.386255107914097,27.0,171.06602768903088,49.90751068831411,165.0,1794.655549026018,1178.1279679017662,1612.9031982421875
vb_fib_1_2023-01-24_hO1c12-5028-interleaved.nrrd,nuclei,fibrosis,210,1290.1808510638298,96.46073284028263,1288.0,3965.9297872340426,310.2263451925929,3963.0,69.64468085106382,11.464942550246066,70.0,28.77446808510638,11.550398844590974,28.0,179.76808510638298,36.058638611298186,178.0,1764.4955061892247,1189.0784063860374,1489.3616943359375
vb_fib_1_2023-01-24_hO1c12-5028-interleaved.nrrd,nuclei,fibrosis,211,1235.3755274261603,91.51020083128715,1232.0,3633.9198312236285,258.3113962720948,3632.0,60.9915611814346,9.561571905191517,60.0,27.89873417721519,9.727988979092437,28.0,176.8227848101266,28.159093795760054,177.0,1727.2577302828117,1009.6994811417053,1568.6275634765625
vb_fib_1_2023-01-24_hO1c12-5028-interleaved.nrrd,nuclei,fibrosis,212,1056.4274193548388,133.62940177057646,1043.0,2986.716129032258,342.9988061196875,2985.0,54.1241935483871,10.433994173140407,54.0,20.648387096774194,9.03961380534326,19.0,145.31612903225806,37.43798401824068,144.0,1656.956791588568,1270.1231712164436,1333.3333740234375
vb_fib_1_2023-01-24_hO1c12-5028-interleaved.nrrd,nuclei,fibrosis,213,1236.71875,121.16571589199053,1236.0,4436.0463709677415,298.48252583864036,4437.0,67.46370967741936,14.738237148882405,69.0,21.331653225806452,10.535504630011351,21.0,164.14717741935485,36.55029174350862,170.0,1394.8327537967314,974.2049867288158,1250.0
vb_fib_1_2023-01-24_hO1c12-5028-interleaved.nrrd,nuclei,fibrosis,214,1315.8881578947369,104.89368030128718,1312.0,4335.951754385965,327.31581328021565,4325.0,77.46710526315789,10.769667067506742,77.0,25.57236842105263,9.964730312578919,25.0,211.95833333333334,27.700525973239913,212.0,1265.3019737779048,767.9103250762113,1136.3636474609375
vb_fib_1_2023-01-24_hO1c12-5028-interleaved.nrrd,nuclei,fibrosis,215,978.8254716981132,264.4038348957488,1010.0,3295.117924528302,797.7743006394064,3441.0,57.070754716981135,12.23121199827663,58.0,17.55188679245283,8.302333616310264,18.0,150.34198113207546,46.871369999357434,157.0,1242.6137463551647,1069.786882475333,1025.6409912109375
vb_fib_1_2023-01-24_hO1c12-5028-interleaved.nrrd,nuclei,fibrosis,216,1036.9417582417582,186.7670873012571,1042.0,3844.6164835164836,606.8415835609619,3919.0,72.21428571428571,14.17714480626376,74.0,14.723076923076922,6.5161401865959006,14.0,160.25384615384615,32.7533765596757,163.0,955.6551847017728,715.2232452021644,833.3333740234375
vb_fib_1_2023-01-24_hO1c12-5028-interleaved.nrrd,background,null,217,703.2865429234339,62.78017486878032,705.0,3880.3472544470224,294.3017479154936,3895.0,6.976411446249033,2.656153113247427,7.0,0.12451662799690642,0.3604776788884267,0.0,11.028228924980665,3.332214213143158,11.0,152.42330613988182,1047.353536736181,0.0
vb_fib_1_2023-01-24_hO1c12-5028-interleaved.nrrd,lamella,null,218,1758.0434782608695,111.89543749772072,1775.0,5479.521739130435,519.1847516290426,5491.0,42.0,14.948396083009891,40.0,15.434782608695652,4.708079003706112,15.0,64.04347826086956,35.37266312341619,58.0,3781.5933386761208,3538.241646222475,2500.0
vb_fib_1_2023-01-24_hO1c12-5028-interleaved.nrrd,lamella,null,219,1619.1315789473683,135.8813415293576,1618.0,5421.4473684210525,444.5604386824544,5453.0,41.921052631578945,17.026817605792893,39.0,12.026315789473685,3.802466071105187,12.0,62.63157894736842,42.060073545213086,47.0,2869.8973485043175,2231.2329806147613,2321.4287109375
vb_fib_1_2023-01-24_hO1c12-5028-interleaved.nrrd,lamella,null,220,1552.9,145.57385849067157,1596.0,5223.7,355.0413429058844,5193.0,42.7,14.405817790285164,37.0,12.933333333333334,4.109982241201111,14.0,69.2,45.60656335100963,60.0,3556.024137369792,3267.3794381105213,2361.111083984375
vb_fib_1_2023-01-24_hO1c12-5028-interleaved.nrrd,lamella,null,221,1316.44,152.59179750781715,1304.0,4408.88,347.78697023704996,4344.0,28.64,8.845337754998392,28.0,9.92,3.925557285278104,10.0,33.64,16.064661008976607,30.0,3758.8528662109375,2758.640332239666,3333.33349609375
vb_fib_1_2023-01-24_hO1c12-5028-interleaved.nrrd,lamella,null,222,1552.3783783783783,85.86855308207079,1549.0,5103.783783783784,498.8867682225171,5048.0,33.37837837837838,11.74817090101772,32.0,12.81081081081081,3.4947407934227703,13.0,40.78378378378378,28.562927735805392,31.0,3766.3203520903717,2779.976384589334,3333.33349609375
vb_fib_1_2023-01-24_hO1c12-5028-interleaved.nrrd,lamella,null,223,1408.0,119.03708905811068,1424.0,4541.638888888889,264.1735525615989,4565.0,30.916666666666668,11.177464573225642,29.0,10.694444444444445,4.069534507915017,10.0,41.111111111111114,30.788474446294977,38.0,4860.682625664605,8336.845946304504,3205.12841796875
vb_fib_1_2023-01-24_hO1c12-5028-interleaved.nrrd,nuclei,AT2,224,1282.2202852614896,101.76886651147102,1275.0,4367.896988906497,335.17172642880865,4365.0,82.44532488114105,11.839258322732043,82.0,16.83676703645008,7.9210576298749755,16.0,196.71156893819335,25.9038363753923,194.0,931.585822490807,680.0738914983933,769.2307739257812
vb_fib_1_2023-01-24_hO1c12-5028-interleaved.nrrd,nuclei,airway,225,1273.832,121.90381717167695,1278.0,4385.6672,324.22487640050554,4344.0,69.776,16.713586519923673,72.0,19.5072,9.011585989784598,19.0,129.2976,32.35135252592092,133.0,1619.1906667724609,1105.0003617868654,1428.571533203125
vb_fib_1_2023-01-24_hO1c12-5028-interleaved.nrrd,nuclei,airway,226,1190.407973421927,123.84732768485618,1191.0,4143.9242524916945,310.7937882792514,4122.0,71.80797342192692,16.929993219869434,74.0,16.47840531561462,7.5994098040692935,16.0,175.7654485049834,40.499410648147055,182.0,998.0583565037116,684.4253173959833,888.888916015625
vb_fib_1_2023-01-24_hO1c12-5028-interleaved.nrrd,nuclei,airway,227,1267.5044444444445,106.97985328622663,1264.0,4404.660740740741,316.58889237438524,4390.0,75.34222222222222,11.365805600173879,76.0,19.373333333333335,9.534294542545755,18.0,231.71407407407406,29.487865260516596,233.0,910.0247639408818,669.1602288673344,775.2403564453125
vb_fib_1_2023-01-24_hO1c12-5028-interleaved.nrrd,nuclei,airway,228,1246.411111111111,111.58560532174853,1255.0,3928.5577777777776,298.78702442353534,3935.0,61.78666666666667,10.170212849231017,62.0,22.686666666666667,11.125606011872033,22.0,162.9177777777778,22.213078160756943,162.0,1521.2763997734917,1067.9324282852556,1286.18701171875
vb_fib_1_2023-01-24_hO1c12-5028-interleaved.nrrd,nuclei,airway,229,1255.162447257384,103.52138921892085,1254.0,3946.7827004219407,317.99738186489486,3931.0,63.76160337552743,9.676621549147274,63.0,24.139943741209564,10.291020497604928,23.0,158.77144866385373,24.820633411309256,157.0,1642.5125772875908,1066.562909250392,1470.5882568359375
vb_fib_1_2023-01-24_hO1c12-5028-interleaved.nrrd,nuclei,fibrosis,230,1322.1041666666667,126.43276225902352,1312.0,4423.623697916667,315.0130897896942,4441.0,65.79166666666667,13.11809098798514,67.0,22.373697916666668,11.774929098622918,22.0,167.80598958333334,35.063103710074834,170.0,1460.5274404287338,1025.198552968845,1219.51220703125
vb_fib_1_2023-01-24_hO1c12-5028-interleaved.nrrd,nuclei,fibrosis,231,1314.6002886002886,117.0914264096433,1308.0,4119.49062049062,349.6087474373747,4106.0,69.7936507936508,10.40338790301206,69.0,31.53968253968254,14.137749181612847,32.0,192.85858585858585,33.79156916380516,188.0,1800.6114923826715,1164.5847184637546,1627.906982421875
vb_fib_1_2023-01-24_hO1c12-5028-interleaved.nrrd,nuclei,fibrosis,232,1333.7627651217597,109.37874290115698,1321.0,4385.291437549096,298.4760492017191,4376.0,72.12175962293794,10.256541372531492,72.0,27.223880597014926,10.473356208734614,26.0,174.5326001571092,23.431368017018603,174.0,1736.1069885517609,1085.3750237949157,1521.739013671875
vb_fib_1_2023-01-24_hO1c12-5028-interleaved.nrrd,nuclei,fibrosis,233,1564.9378881987577,136.85287215843306,1562.0,4830.540372670807,364.32497501867783,4793.0,74.45962732919254,9.952382747877436,75.0,35.92546583850932,13.470130286596644,37.0,190.72049689440993,28.12299130162993,193.0,1986.7849957010021,1140.2333928463524,1914.8936767578125
vb_fib_1_2023-01-24_hO1c12-5028-interleaved.nrrd,nuclei,fibrosis,234,1372.3846153846155,128.73329224966017,1362.0,4456.438127090301,302.3140878674355,4412.0,79.93812709030101,12.302762875703197,80.0,16.229096989966557,5.8980185345413485,16.0,189.48160535117057,26.28555015274107,192.0,921.9608813895031,568.7721678461372,824.8299560546875
vb_fib_1_2023-01-24_hO1c12-5028-interleaved.nrrd,nuclei,fibrosis,235,1248.6467391304348,107.87226908430199,1249.0,3937.978260869565,226.09727478876044,3905.0,61.26086956521739,10.680526751932266,62.0,22.668478260869566,10.263409773818697,22.0,143.0,28.540834517804093,145.0,1949.0748167452605,1287.4034729764733,1621.62158203125
vb_fib_1_2023-01-24_hO1c12-5028-interleaved.nrrd,nuclei,fibrosis,236,1173.3763440860216,147.37078913891622,1202.0,3887.521505376344,375.84387510499334,3968.0,65.66666666666667,10.106816894935207,66.0,19.763440860215052,9.556543364075557,19.0,160.41397849462365,32.06051066477298,164.0,1409.7623076079994,1009.0941981878377,1153.84619140625
vb_fib_1_2023-01-24_hO1c12-5028-interleaved.nrrd,nuclei,fibrosis,237,1310.6292749658003,94.01827666619839,1308.0,4133.236662106703,277.60007712252576,4111.0,72.08891928864568,9.303351896047786,72.0,34.53351573187415,12.2464380543878,34.0,170.30095759233927,27.528958335305138,169.0,2263.067498558034,1313.149189408684,2045.45458984375
vb_fib_1_2023-01-24_hO1c12-5028-interleaved.nrrd,background,null,238,691.4004263093788,67.64824188203173,695.0,3501.401644336175,366.4280977029572,3515.0,5.9503654080389765,2.50159313000602,6.0,0.14372716199756394,0.38402487939171526,0.0,9.75213154689403,3.204105417396713,10.0,152.78986227613998,1021.2549793943173,0.0
vb_fib_1_2023-01-24_hO1c12-5028-interleaved.nrrd,lamella,null,239,1590.6969696969697,111.08203186398016,1618.0,5289.454545454545,277.0095994398356,5234.0,38.27272727272727,11.766670958879809,38.0,10.636363636363637,4.456863960638283,11.0,59.121212121212125,39.71598983387986,49.0,2817.0137273615055,2158.852934318632,2500.0
vb_fib_1_2023-01-24_hO1c12-5028-interleaved.nrrd,nuclei,AT2,240,1299.8520231213872,96.22342742236359,1296.0,4014.7699421965317,295.78626233206245,3993.0,74.2242774566474,11.824061810592267,74.0,27.398843930635838,11.154813300681813,27.0,164.42543352601157,31.1619024965082,163.0,1872.2829854976235,1270.741235835722,1578.947265625
vb_fib_1_2023-01-24_hO1c12-5028-interleaved.nrrd,nuclei,airway,241,1408.4653371320037,98.3437266871267,1403.0,4540.057929724597,309.98573416562925,4540.0,74.5460588793922,10.072692828713928,74.0,26.58594491927825,9.325925268563648,26.0,142.94681861348528,26.533016627082514,140.0,2103.0323532553707,1296.8040421922005,1904.761962890625
vb_fib_1_2023-01-24_hO1c12-5028-interleaved.nrrd,nuclei,airway,242,1167.8851674641148,107.88470273409779,1157.0,3856.3803827751194,211.01556717517502,3834.0,97.00478468899522,11.92261121176931,97.0,25.74401913875598,10.395028562720581,24.0,188.06698564593302,21.61024517231277,188.0,1477.7344283692573,929.2305530473784,1315.78955078125
vb_fib_1_2023-01-24_hO1c12-5028-interleaved.nrrd,nuclei,fibrosis,243,1185.1666666666667,82.78520277624204,1186.0,3923.9856850715746,250.12932131062774,3925.0,72.85071574642127,10.73740744441636,73.0,26.164621676891617,9.047384411976546,26.0,198.83640081799592,32.094120541263855,198.0,1417.073559673286,884.4323287184851,1250.0
vb_fib_1_2023-01-24_hO1c12-5028-interleaved.nrrd,nuclei,fibrosis,244,1290.716744913928,141.59747359163006,1273.0,4397.6932707355245,361.3953704084289,4389.0,78.97887323943662,12.231659422572555,78.0,26.740219092331767,9.951477924050746,26.0,169.29577464788733,27.350765389846295,168.0,1729.651671193202,1041.625016093381,1559.02783203125
vb_fib_1_2023-01-24_hO1c12-5028-interleaved.nrrd,nuclei,fibrosis,245,1349.3766816143498,134.90036962170953,1369.0,4069.847533632287,325.20797791805063,4067.0,60.56053811659193,9.376252525440956,60.0,25.69506726457399,13.595386169876445,24.0,149.57847533632287,20.662275399673593,147.0,1878.3911672686247,1350.2584951940266,1612.9031982421875
vb_fib_1_2023-01-24_hO1c12-5028-interleaved.nrrd,nuclei,fibrosis,246,1461.5916159567275,252.63948080989977,1387.0,4556.893171061528,447.9526279814027,4472.0,69.54969574036511,10.217727747735756,69.0,29.11291413116971,12.630593680102164,28.0,174.35902636916836,25.582871746377325,174.0,1791.7165370216396,1098.774992084839,1627.906982421875
vb_fib_1_2023-01-24_hO1c12-5028-interleaved.nrrd,background,null,247,612.7808483290488,234.4936835673354,704.0,2858.3502570694086,932.9669631940402,3180.0,7.230077120822622,3.434048578624188,7.0,0.2750642673521851,0.5705936963243265,0.0,6.9781491002570695,3.339836246578656,7.0,331.2982022400687,1689.2403158382356,0.0
vb_fib_1_2023-01-24_hO1c12-5028-interleaved.nrrd,nuclei,airway,248,1079.5220125786163,89.38296474047675,1078.0,3903.421383647799,294.1413675374608,3911.0,71.61635220125787,9.418402900259942,72.0,19.867924528301888,8.007206570181584,19.0,170.72955974842768,31.541550962923875,166.0,1338.125335885294,955.4569838205281,1162.790771484375
vb_fib_1_2023-01-24_hO1c12-5028-interleaved.nrrd,nuclei,airway,249,1351.0872093023256,131.74269549472695,1344.0,4540.344608879493,391.93889844426263,4514.0,81.09566596194503,13.400349736568133,81.0,13.632663847780126,5.803575794384631,13.0,157.1083509513742,23.61815921631705,156.0,950.9992929019081,662.823894866328,833.3333740234375
vb_fib_1_2023-01-24_hO1c12-5028-interleaved.nrrd,nuclei,fibrosis,250,1157.7909270216962,76.40509675930666,1152.0,4037.591715976331,274.7705132487876,4044.0,96.05522682445759,12.950380650388272,95.0,21.21301775147929,7.916185711006704,20.0,197.74161735700199,26.076929056151148,198.0,1159.8940193131125,717.3337001959998,1020.408203125
vb_fib_1_2023-01-24_hO1c12-5028-interleaved.nrrd,nuclei,fibrosis,251,1168.6450617283951,91.80134906027024,1165.0,4220.166666666667,273.27220164059014,4199.0,69.1574074074074,8.990148897856471,69.0,20.849794238683128,8.420468781447282,20.0,157.34362139917695,17.851868747219303,156.0,1430.1773228272489,901.6957586269758,1250.0
vb_fib_1_2023-01-24_hO1c12-5028-interleaved.nrrd,nuclei,fibrosis,252,1354.4791666666667,125.6578935800184,1347.0,4562.0952380952385,330.1000342755839,4542.0,81.38194444444444,13.49147185076517,81.0,24.09722222222222,8.67878007882593,24.0,195.38492063492063,30.230801203471668,195.0,1295.227473364936,768.7586503535251,1162.790771484375
vb_fib_1_2023-01-24_hO1c12-5028-interleaved.nrrd,nuclei,fibrosis,253,1552.3940397350993,131.51825043284055,1547.0,4843.105960264901,364.08347865949065,4828.0,74.02980132450331,11.483446382692971,75.0,35.658940397350996,15.997287027149131,38.0,183.83443708609272,32.53159577654398,179.0,2145.1522805422346,1316.8455102737648,2000.0
vb_fib_1_2023-01-24_hO1c12-5028-interleaved.nrrd,nuclei,fibrosis,254,1385.435855263158,112.67105610411477,1377.0,4663.3848684210525,337.4135704593562,4642.0,81.99342105263158,12.525425455470346,81.0,27.31907894736842,9.141582554730865,27.0,155.04605263157896,27.53774436936955,152.0,1968.968557433078,1213.7770863069215,1714.2857666015625
vb_fib_1_2023-01-24_hO1c12-5028-interleaved.nrrd,nuclei,fibrosis,255,1338.0738714090287,126.05918381145754,1330.0,4441.053351573188,359.10643082039036,4426.0,78.83994528043776,13.342088805566833,78.0,23.41860465116279,10.874874080627903,22.0,184.43091655266758,30.610528703616747,181.0,1414.8192574726736,1003.315067718913,1212.1212158203125
vb_fib_1_2023-01-24_hO1c12-5028-interleaved.nrrd,nuclei,fibrosis,256,1365.9117647058824,146.90120055485662,1372.0,4257.262605042017,380.8129867709477,4217.0,67.29621848739495,10.692174530766568,67.0,28.819327731092436,10.68027815376734,28.0,169.83403361344537,32.50321080999334,165.0,1876.9488325359441,1167.5929752662603,1666.666748046875
vb_fib_1_2023-01-24_hO1c12-5028-interleaved.nrrd,nuclei,fibrosis,257,1305.7045769764215,142.62142037038697,1313.0,4308.353675450763,258.70996956255016,4292.0,63.60748959778086,16.101066198140593,66.0,23.676837725381414,11.796757039661241,23.0,152.89459084604715,40.41651183654707,158.0,1585.8608156751825,1116.4838450218233,1428.571533203125
vb_fib_1_2023-01-24_hO1c12-5028-interleaved.nrrd,nuclei,fibrosis,258,1215.9001996007985,176.58121649813177,1204.0,3935.191616766467,436.57219701852387,3997.0,61.84431137724551,11.12041872300006,61.0,24.457085828343313,8.903069958762469,24.0,142.29540918163673,31.328526280089132,140.0,1869.7597304170954,1164.0463001828605,1666.666748046875
vb_fib_1_2023-01-24_hO1c12-5028-interleaved.nrrd,nuclei,fibrosis,259,1729.7684210526315,469.9589990005125,1514.0,4900.102631578948,663.4001426992807,4654.0,72.31052631578947,10.595383807753565,73.0,23.973684210526315,8.741937384835428,23.0,205.78684210526316,41.74080513383021,196.0,1298.7206746151573,848.3517312065087,1121.59326171875
vb_fib_1_2023-01-24_hO1c12-5028-interleaved.nrrd,nuclei,fibrosis,260,1928.0927152317881,577.2661356311994,2134.0,5561.635761589404,1072.3657304200135,6028.0,64.8543046357616,24.447875804383873,69.0,25.033112582781456,20.35728116048999,21.0,182.95364238410596,67.62783822739907,204.0,1216.5694011157711,1056.218844278934,1044.776123046875
vb_fib_1_2023-01-24_hO1c12-5028-interleaved.nrrd,nuclei,fibrosis,261,1264.2504091653027,84.81854003364398,1272.0,4227.490998363339,247.88574410795076,4189.0,71.29787234042553,10.532836028815119,72.0,24.436988543371523,8.621582150923022,25.0,193.13911620294598,25.194104668300767,194.0,1318.362584040715,765.1688816933904,1176.4705810546875
vb_fib_1_2023-01-24_hO1c12-5028-interleaved.nrrd,nuclei,fibrosis,262,1365.7416666666666,103.16218908237363,1356.0,4645.6,319.9026418749172,4610.0,75.40555555555555,9.476372742722923,76.0,24.336111111111112,9.103908150283035,23.0,182.64166666666668,24.31357215808387,182.0,1407.3064723968505,902.6190125752486,1158.3184814453125
vb_fib_1_2023-01-24_hO1c12-5028-interleaved.nrrd,nuclei,fibrosis,263,1405.2972972972973,139.28999630118963,1379.0,4472.108108108108,337.8705300068109,4447.0,74.17567567567568,11.393446685241956,74.0,29.55855855855856,9.598439432626757,29.0,183.98648648648648,34.78329548235674,178.0,1714.1076102729317,904.0900292000499,1538.4615478515625
vb_fib_1_2023-01-24_hO1c12-5028-interleaved.nrrd,nuclei,fibrosis,264,1241.8175609756097,146.30178331341685,1216.0,3864.9121951219513,350.7639181374695,3837.0,76.39512195121951,11.269469940680548,77.0,20.225365853658538,8.532162295990505,20.0,168.69756097560975,23.29389849157877,167.0,1266.0816820693597,821.6477069829962,1142.857177734375
vb_fib_1_2023-01-24_hO1c12-5028-interleaved.nrrd,nuclei,fibrosis,265,1323.5168539325844,97.59450402202572,1321.0,4227.119101123595,273.3467614572929,4216.0,67.88314606741574,10.294527934552557,68.0,24.782022471910114,9.200207618565958,25.0,189.70561797752808,25.00263211166752,190.0,1373.363850351398,801.740136701292,1290.322509765625
vb_fib_1_2023-01-24_hO1c12-5028-interleaved.nrrd,background,null,266,757.3025846702317,111.01148814075029,761.0,3822.690285204991,451.6027687362049,3844.0,7.131238859180035,3.3512086743764806,7.0,0.2341800356506239,0.5450256816474518,0.0,9.310383244206774,3.3765482095829844,9.0,234.1084181841682,1287.3417367260447,0.0
vb_fib_1_2023-01-24_hO1c12-5028-interleaved.nrrd,nuclei,airway,267,1256.1440536013401,97.00869686493765,1253.0,4154.4606365159125,337.8603528011184,4147.0,75.07705192629815,13.874343542811078,74.0,24.229480737018424,10.276509436886808,24.0,160.49581239530988,30.30591342419516,156.0,1728.3685004459553,1239.8985184650542,1481.4814453125
vb_fib_1_2023-01-24_hO1c12-5028-interleaved.nrrd,nuclei,airway,268,1406.7727272727273,106.54557360599587,1398.0,4491.134796238244,298.9334374268139,4515.0,73.12539184952978,10.25406980902757,73.0,26.80564263322884,11.063957045503276,26.0,182.95454545454547,32.10544053764805,181.0,1569.910570294132,1013.5247643438062,1400.0
vb_fib_1_2023-01-24_hO1c12-5028-interleaved.nrrd,nuclei,fibrosis,269,1302.1500261369576,102.98796986276257,1300.0,4338.974908520649,293.7661175099447,4330.0,72.7318348144276,10.22087225917582,73.0,28.370622059592264,11.241226913034405,27.0,178.5697856769472,23.816230419340002,177.0,1738.95194658757,1055.386269014492,1538.4615478515625
vb_fib_1_2023-01-24_hO1c12-5028-interleaved.nrrd,nuclei,fibrosis,270,1145.6046511627908,76.34162628277733,1137.0,3649.0046511627907,266.4587516547463,3635.0,68.38139534883722,10.020708833238245,68.0,25.753488372093024,7.964270353295284,25.0,152.75813953488372,24.912128117919124,148.0,1865.4162068921466,1116.8960371057353,1702.1275634765625
vb_fib_1_2023-01-24_hO1c12-5028-interleaved.nrrd,nuclei,fibrosis,271,1266.6503067484662,101.06646914046716,1267.0,4184.131901840491,238.7161515480474,4185.0,70.25766871165644,9.52250061344116,70.0,13.187116564417177,4.522622074576634,13.0,159.26993865030676,17.823946329740096,159.0,797.5311644384466,568.4131482133321,731.707275390625
vb_fib_1_2023-01-24_hO1c12-5028-interleaved.nrrd,nuclei,airway,272,994.347266881029,81.14702894759668,986.0,3468.720257234727,229.03838713601942,3497.0,59.237942122186496,7.942615211417418,60.0,18.765273311897108,6.194655592438583,18.0,146.09646302250803,18.573403296921107,146.0,1326.2020877457892,847.204380500353,1176.4705810546875
vb_fib_1_2023-01-24_hO1c12-5028-interleaved.nrrd,nuclei,fibrosis,273,1072.554991539763,122.92650389820547,1057.0,3827.289340101523,236.3620804815438,3826.0,57.06429780033841,11.931553146202559,58.0,20.228426395939085,7.790494255174844,20.0,130.16920473773266,30.648446183033204,134.0,1674.5849546894003,1160.7031158442903,1428.571533203125
vb_fib_1_2023-01-24_hO1c12-5028-interleaved.nrrd,nuclei,fibrosis,274,1197.1198910081744,182.3384135674191,1151.0,3938.158038147139,306.45704480545834,3894.0,65.39509536784742,9.074932622800373,65.0,20.446866485013626,7.910136316631895,19.0,178.9809264305177,22.797089408040215,178.0,1199.8406510106224,681.5734185423113,1111.111083984375
vb_fib_1_2023-01-24_hO1c12-5028-interleaved.nrrd,nuclei,fibrosis,275,1182.9595765158806,110.92497899717522,1168.0,4257.909528392685,308.95388706259644,4254.0,79.15591915303176,11.865931426147203,79.0,17.89124157844081,6.686101990323906,17.0,190.88642925890278,26.521968911175993,192.0,980.797249699465,615.7036330438791,888.888916015625
vb_fib_1_2023-01-24_hO1c12-5028-interleaved.nrrd,nuclei,fibrosis,276,1288.4676870748299,112.79035131307155,1278.0,4416.035714285715,308.08349232848417,4400.0,71.29251700680273,9.723405355728294,71.0,26.539115646258505,10.243051439590593,25.0,170.71938775510205,24.90919450733836,167.0,1632.6608852464326,939.1579147561569,1470.5882568359375
vb_fib_1_2023-01-24_hO1c12-5028-interleaved.nrrd,nuclei,fibrosis,277,1353.1816881258942,108.53667151002772,1346.0,4476.487839771102,315.7344297867697,4443.0,74.57510729613733,10.526729987132537,74.0,32.22603719599428,12.854502412305015,31.0,178.1802575107296,23.729169346408987,177.0,1973.0849449365094,1164.8562633740069,1794.871826171875
vb_fib_1_2023-01-24_hO1c12-5028-interleaved.nrrd,nuclei,fibrosis,278,1236.9140401146133,83.86358091754744,1232.0,4353.47994269341,245.68486603601752,4341.0,71.15616045845272,8.796926105728849,71.0,19.193409742120345,7.2433504542563805,18.0,178.96275071633238,20.710376647650648,180.0,1181.1588301125776,801.9941948269179,1000.0
vb_fib_1_2023-01-24_hO1c12-5028-interleaved.nrrd,nuclei,fibrosis,279,1268.4962178517399,113.45734240797174,1259.0,4326.647503782148,322.61614509088804,4335.0,74.90317700453858,14.009293632198855,76.0,19.549167927382754,8.797180337037757,19.0,167.4266263237519,34.120057448189186,173.0,1272.1443419579118,863.8606228650268,1111.111083984375
vb_fib_1_2023-01-24_hO1c12-5028-interleaved.nrrd,nuclei,fibrosis,280,1187.6344086021506,106.74132118554823,1185.0,4021.7258064516127,310.7490473635491,4015.0,97.34139784946237,15.216110988694348,98.0,20.787634408602152,8.614258711520193,19.0,203.8951612903226,26.567358896473376,206.0,1108.5823755571919,694.4148176609297,1010.2041015625
vb_fib_1_2023-01-24_hO1c12-5028-interleaved.nrrd,nuclei,fibrosis,281,1341.0981169474728,390.3589532562608,1185.0,4101.374628344896,872.5726662731702,3801.0,68.39643211100099,13.254058496272705,68.0,28.014866204162537,16.803745124385074,26.0,175.57185332011892,42.617124332168906,174.0,1634.3769131254985,1114.172527510852,1428.571533203125
vb_fib_1_2023-01-24_hO1c12-5028-interleaved.nrrd,nuclei,fibrosis,282,1112.569206842924,88.59464965504837,1108.0,3684.7091757387248,250.60909792424465,3671.0,95.46500777604977,15.717718372374303,95.0,27.866251944012443,9.171819367477429,28.0,206.47122861586314,26.815691973676394,202.0,1396.0097152211617,731.2772443457566,1333.3333740234375
vb_fib_1_2023-01-24_hO1c12-5028-interleaved.nrrd,nuclei,fibrosis,283,1335.9190476190477,98.78907073505796,1333.0,4472.77619047619,224.36029722538706,4461.0,68.00952380952381,9.240016195531735,67.0,20.84285714285714,9.035235196233938,21.0,180.77142857142857,21.12653024625837,181.0,1210.1351221720377,803.313290553797,1052.631591796875
vb_fib_1_2023-01-24_hO1c12-5028-interleaved.nrrd,nuclei,fibrosis,284,1269.53324099723,325.22236008340394,1195.0,4164.6994459833795,608.0184086605851,4014.0,68.5567867036011,14.310707694203986,71.0,18.29501385041551,6.830030983196975,18.0,160.3656509695291,39.9483624417938,162.0,1239.851617152671,784.6805701652389,1139.6103515625
vb_fib_1_2023-01-24_hO1c12-5028-interleaved.nrrd,nuclei,fibrosis,285,1615.0849514563106,350.8006761968858,1582.0,4580.160194174758,649.9390415495716,4487.0,74.34466019417475,11.12252687209629,75.0,30.055825242718445,12.136061164254416,29.0,193.3106796116505,28.962356347192696,193.0,1654.987104952914,896.6277647341639,1538.4615478515625
vb_fib_1_2023-01-24_hO1c12-5028-interleaved.nrrd,nuclei,fibrosis,286,1046.9461641991925,125.95939023069447,1037.0,3664.328398384926,352.95018827786856,3637.0,63.04441453566622,10.424774446700814,63.0,19.440107671601616,7.962943555573764,19.0,159.58546433378197,25.26976616888639,160.0,1287.9346151441778,833.6409548690949,1142.857177734375
vb_fib_1_2023-01-24_hO1c12-5028-interleaved.nrrd,nuclei,fibrosis,287,1403.252380952381,148.32102813373578,1380.0,4272.228571428572,269.97401105269824,4232.0,65.03333333333333,13.34359453638768,66.0,23.533333333333335,9.913083198520905,24.0,163.65238095238095,31.20833097962156,169.0,1509.4286276681082,772.2750768753441,1428.571533203125
vb_fib_1_2023-01-24_hO1c12-5028-interleaved.nrrd,nuclei,fibrosis,288,1107.1172680412371,86.02387012023031,1093.0,3688.7203608247423,277.57866497520666,3657.0,68.2048969072165,11.370387197523936,67.0,15.707474226804123,5.393017785808291,15.0,168.7487113402062,24.529008467562022,168.0,995.8058240831513,620.7655916658247,909.0909423828125
vb_fib_1_2023-01-24_hO1c12-5028-interleaved.nrrd,nuclei,fibrosis,289,1392.063063063063,99.47147928212986,1392.0,4297.7657657657655,235.96249241614439,4292.0,88.5945945945946,12.1091404677036,87.0,31.86036036036036,11.873517277506108,31.0,370.22072072072075,66.9905168099533,362.0,878.6670408506651,557.0708415342745,773.5042724609375
vb_fib_1_2023-01-24_hO1c12-5028-interleaved.nrrd,nuclei,fibrosis,290,1092.8451242829829,247.28079210445432,1148.0,3654.395793499044,625.8832488025996,3779.0,62.04206500956023,10.552648027954687,62.0,20.898661567877628,11.645763627418516,20.0,129.80688336520078,28.669590041393032,132.0,1723.4799353050685,1198.5763493401478,1538.4615478515625
vb_fib_1_2023-01-24_hO1c12-5028-interleaved.nrrd,nuclei,fibrosis,291,1331.3004291845493,144.3504919481644,1307.0,4139.6137339055795,382.3323006056758,4088.0,70.71673819742489,10.56084683472442,70.0,26.1931330472103,12.870761607839796,24.0,202.99141630901286,41.87944432579242,197.0,1392.2645776773215,978.5776142964013,1132.075439453125
vb_fib_1_2023-01-24_hO1c12-5028-interleaved.nrrd,nuclei,airway,292,808.7117903930131,299.05124944570446,901.0,2799.288209606987,788.5394414170482,3084.0,50.15502183406114,12.102407074698421,51.0,10.161572052401747,6.699561314898442,9.0,102.42576419213974,39.9654658358986,109.0,1027.4469719432848,1007.7834192952399,909.0909423828125
vb_fib_1_2023-01-24_hO1c12-5028-interleaved.nrrd,nuclei,fibrosis,293,1274.7948717948718,84.53631523886321,1267.0,4007.5470085470088,272.9585510951691,3972.0,70.56410256410257,10.600410381926352,73.0,14.35897435897436,4.092595370913979,14.0,164.3846153846154,26.825697328033776,171.0,883.9374210977147,508.4752499713489,833.3333740234375
vb_fib_1_2023-01-24_hO1c12-5028-interleaved.nrrd,background,null,294,899.5165964172813,77.00343396073909,891.0,4846.4114857745,290.4042039112612,4839.0,8.067702845100106,3.3187930711271534,8.0,0.17070600632244468,0.4878990229831847,0.0,12.616701791359326,3.760669533163229,12.0,190.29847779992508,1147.904603652052,0.0
vb_fib_1_2023-01-24_hO1c12-5028-interleaved.nrrd,nuclei,alveolar,295,1450.5506172839507,172.654882486422,1414.0,4737.18024691358,369.29921540661155,4740.0,79.03950617283951,10.934929941469129,78.0,29.992592592592594,13.638814894527043,29.0,159.08395061728396,17.64214868139834,159.0,2035.016369289822,1221.8546295916065,1842.105224609375
vb_fib_1_2023-01-24_hO1c12-5028-interleaved.nrrd,nuclei,airway,296,1766.1593406593406,299.5073522107465,1687.0,4877.983516483517,437.4928630865359,4859.0,69.45604395604396,10.64835949589693,71.0,43.44505494505494,21.81526539239463,42.0,185.37362637362637,29.095251592481507,184.0,2376.8785609989377,1366.2267186885867,2107.11767578125
vb_fib_1_2023-01-24_hO1c12-5028-interleaved.nrrd,nuclei,airway,297,1303.621523579202,132.00559703116696,1285.0,4256.454655380895,281.7109285695475,4247.0,102.65659008464328,15.16433273803623,101.0,24.83917775090689,10.411835010310416,23.0,234.7230955259976,31.03909876899763,234.0,1143.5923404716666,732.3721522849552,961.5384521484375
vb_fib_1_2023-01-24_hO1c12-5028-interleaved.nrrd,nuclei,airway,298,1046.2960259529602,111.83929706920725,1033.0,3561.39902676399,349.7610474648762,3518.0,61.75020275750203,12.977848961842193,63.0,16.10867802108678,7.336830963833248,15.0,146.29521492295214,28.916198637492,150.0,1153.5103060559152,851.0410627944732,975.6097412109375
vb_fib_1_2023-01-24_hO1c12-5028-interleaved.nrrd,nuclei,fibrosis,299,1621.4058394160584,362.4822624751813,1548.0,4582.951824817518,598.0204887674838,4466.0,77.33430656934307,11.339423273210844,77.0,24.026277372262772,10.385094399339183,23.0,202.64963503649636,32.212877278906724,199.0,1238.6190098226505,780.5148063524431,1090.9090576171875
vb_fib_1_2023-01-24_hO1c12-5028-interleaved.nrrd,nuclei,airway,300,1427.3234449760766,109.3824649367089,1427.0,4717.457416267943,273.5782147980571,4717.0,93.38660287081339,13.261581811600651,94.0,14.450717703349282,4.820406013976513,14.0,177.79904306220095,23.3307839133321,176.0,843.639395170805,551.0863376780784,769.2307739257812
vb_fib_1_2023-01-24_hO1c12-5028-interleaved.nrrd,nuclei,airway,301,996.429104477612,194.10260012692748,996.0,3664.2699004975125,587.3620560151263,3697.0,67.91044776119404,13.766942567064023,69.0,13.385572139303482,5.49045051614678,13.0,147.4825870646766,31.5185757602766,150.0,934.8786179461882,695.0467376564195,833.3333740234375
vb_fib_1_2023-01-24_hO1c12-5028-interleaved.nrrd,background,null,302,851.8840553977273,105.98216535242604,854.0,4326.791725852273,422.9292042722919,4359.0,7.4382102272727275,2.749226886663709,7.0,0.09694602272727272,0.31339805333066845,0.0,8.671519886363637,3.0339437598638543,8.0,131.92471673271874,990.6608205418804,0.0
vb_fib_1_2023-01-24_hO1c12-5028-interleaved.nrrd,nuclei,airway,303,1546.1917293233082,123.2384460428962,1545.0,4802.518796992481,373.70891320884056,4740.0,120.32894736842105,15.114094282187715,120.0,35.919172932330824,12.470494324332213,35.0,244.1203007518797,34.22547098199687,244.0,1579.1188203625213,862.5028024485464,1428.571533203125
